<?xml version="1.0"?>
<COLLADA xmlns="http://www.collada.org/2005/11/COLLADASchema" version="1.4.1">
  <asset>
    <contributor>
      <author>Assimp</author>
      <authoring_tool>Assimp Exporter</authoring_tool>
    </contributor>
    <created>2019-04-23T13:01:33</created>
    <modified>2019-04-23T13:01:33</modified>
    <unit name="meter" meter="0.01" />
    <up_axis>Y_UP</up_axis>
  </asset>
  <library_effects>
    <effect id="lambert1-fx" name="lambert1">
      <profile_COMMON>
        <technique sid="standard">
          <phong>
            <diffuse>
              <color sid="diffuse">0.5   0.5   0.5   1</color>
            </diffuse>
          </phong>
        </technique>
      </profile_COMMON>
    </effect>
  </library_effects>
  <library_materials>
    <material id="lambert1" name="lambert1">
      <instance_effect url="#lambert1-fx"/>
    </material>
  </library_materials>
  <library_geometries>
    <geometry id="meshId0" name="meshId0_name" >
      <mesh>
        <source id="meshId0-positions" name="meshId0-positions">
          <float_array id="meshId0-positions-array" count="432"> -0.255233 0.279428 0.0078581 -0.262125 0.286319 0.0078581 -0.262125 0.286319 -0.00592775 -0.255233 0.279428 -0.00592775 -0.255233 0.286319 0.0147496 -0.255233 0.279428 0.0078581 0.151102 0.267283 0.0078581 0.151102 0.274174 0.0147496 -0.262125 0.286319 0.0078581 -0.255233 0.286319 0.0147496 -0.255233 0.300105 0.0147496 -0.262125 0.300105 0.0078581 0.191822 0.274174 0.0078581 0.151102 0.267283 0.0078581 0.151102 0.267283 -0.00592775 0.191822 0.274174 -0.00592775 0.151102 0.274174 0.0147496 0.191822 0.274174 0.0078581 0.191822 0.28796 0.0078581 0.191534 0.28796 0.0147496 -0.262125 0.300105 0.0078581 -0.255233 0.306997 0.0078581 -0.255233 0.306997 -0.00592775 -0.262125 0.300105 -0.00592775 -0.255233 0.306997 0.0078581 -0.255233 0.300105 0.0147496 0.191534 0.28796 0.0147496 0.191534 0.294852 0.0078581 0.191534 0.294852 0.0078581 0.191822 0.28796 0.0078581 0.191822 0.28796 -0.00592775 0.191534 0.294852 -0.00592775 -0.262125 0.300105 -0.00592775 -0.255233 0.300105 -0.0128193 -0.255233 0.286319 -0.0128193 -0.262125 0.286319 -0.00592775 -0.255233 0.300105 -0.0128193 -0.255233 0.306997 -0.00592775 0.191534 0.294852 -0.00592775 0.191534 0.28796 -0.0128193 0.191534 0.28796 -0.0128193 0.191822 0.28796 -0.00592775 0.191822 0.274174 -0.00592775 0.151102 0.274174 -0.0128193 -0.255233 0.279428 -0.00592775 -0.255233 0.286319 -0.0128193 0.151102 0.274174 -0.0128193 0.151102 0.267283 -0.00592775 -0.214801 0.0865668 0.174265 0.191534 0.0744217 0.174265 0.191534 0.0882076 0.174265 -0.214801 0.100353 0.174265 -0.255233 0.306997 0.0078581 0.191534 0.294852 0.0078581 0.191534 0.294852 -0.00592775 -0.255233 0.306997 -0.00592775 -0.214801 0.100353 -0.172335 0.191534 0.0882076 -0.172335 0.191534 0.0744217 -0.172335 -0.214801 0.0865668 -0.172335 -0.255233 0.279428 -0.00592775 0.151102 0.267283 -0.00592775 0.151102 0.267283 0.0078581 -0.255233 0.279428 0.0078581 0.191822 0.274174 0.0078581 0.191822 0.274174 -0.00592775 0.191822 0.28796 -0.00592775 0.191822 0.28796 0.0078581 -0.262125 0.286319 -0.00592775 -0.262125 0.286319 0.0078581 -0.262125 0.300105 0.0078581 -0.262125 0.300105 -0.00592775 -0.255233 0.279428 0.0078581 -0.255233 0.286319 0.0147496 -0.262125 0.286319 0.0078581 0.191822 0.274174 0.0078581 0.151102 0.274174 0.0147496 0.151102 0.267283 0.0078581 -0.262125 0.300105 0.0078581 -0.255233 0.300105 0.0147496 -0.255233 0.306997 0.0078581 0.191534 0.294852 0.0078581 0.191534 0.28796 0.0147496 0.191822 0.28796 0.0078581 -0.262125 0.300105 -0.00592775 -0.255233 0.306997 -0.00592775 -0.255233 0.300105 -0.0128193 0.191534 0.28796 -0.0128193 0.191534 0.294852 -0.00592775 0.191822 0.28796 -0.00592775 -0.262125 0.286319 -0.00592775 -0.255233 0.286319 -0.0128193 -0.255233 0.279428 -0.00592775 0.151102 0.267283 -0.00592775 0.151102 0.274174 -0.0128193 0.191822 0.274174 -0.00592775 -0.255233 0.286319 0.0147496 0.151102 0.274174 0.0147496 0.191534 0.160688 0.0753998 -0.2148 0.17941 0.0753998 0.151102 0.274174 0.0147496 0.191534 0.28796 0.0147496 0.191534 0.181113 0.0753998 0.191534 0.160688 0.0753998 0.191534 0.28796 0.0147496 -0.255233 0.300105 0.0147496 -0.2148 0.201536 0.0753998 0.191534 0.181113 0.0753998 -0.255233 0.300105 0.0147496 -0.255233 0.286319 0.0147496 -0.2148 0.17941 0.0753998 -0.2148 0.201536 0.0753998 -0.255233 0.300105 -0.0128193 0.191534 0.28796 -0.0128193 0.191534 0.17941 -0.0746365 -0.2148 0.198132 -0.0746365 0.191534 0.28796 -0.0128193 0.151102 0.274174 -0.0128193 0.191534 0.157285 -0.0746365 0.191534 0.17941 -0.0746365 0.151102 0.274174 -0.0128193 -0.255233 0.286319 -0.0128193 -0.2148 0.177707 -0.0746365 0.191534 0.157285 -0.0746365 -0.255233 0.286319 -0.0128193 -0.255233 0.300105 -0.0128193 -0.2148 0.198132 -0.0746365 -0.2148 0.177707 -0.0746365 -0.214801 0.100353 -0.172335 -0.214801 0.0865668 -0.172335 -0.214801 0.0865668 -0.172335 0.191534 0.0744217 -0.172335 0.191534 0.0744217 -0.172335 0.191534 0.0882076 -0.172335 0.191534 0.0882076 -0.172335 -0.214801 0.100353 -0.172335 -0.214801 0.100353 0.174265 0.191534 0.0882076 0.174265 0.191534 0.0882076 0.174265 0.191534 0.0744217 0.174265 0.191534 0.0744217 0.174265 -0.214801 0.0865668 0.174265 -0.214801 0.0865668 0.174265 -0.214801 0.100353 0.174265 </float_array>
          <technique_common>
            <accessor count="144" offset="0" source="#meshId0-positions-array" stride="3">
              <param name="X" type="float" />
              <param name="Y" type="float" />
              <param name="Z" type="float" />
            </accessor>
          </technique_common>
        </source>
        <source id="meshId0-normals" name="meshId0-normals">
          <float_array id="meshId0-normals-array" count="432"> -0.707101 -0.707113 0 -0.707101 -0.707113 0 -0.707101 -0.707113 0 -0.707101 -0.707113 0 -0.0211302 -0.706952 0.706946 -0.0211302 -0.706952 0.706946 -0.0211302 -0.706952 0.706946 -0.0211302 -0.706952 0.706946 -0.707104 0 0.707109 -0.707104 0 0.707109 -0.707104 0 0.707109 -0.707104 0 0.707109 0.16687 -0.985979 0 0.16687 -0.985979 0 0.16687 -0.985979 0 0.16687 -0.985979 0 0.288644 -0.423281 0.858789 0.288644 -0.423281 0.858788 0.288644 -0.423281 0.858788 0.288644 -0.423281 0.858789 -0.707105 0.707108 0 -0.707105 0.707108 0 -0.707105 0.707108 0 -0.707105 0.707108 0 0.0192184 0.706973 0.706979 0.0192184 0.706973 0.706979 0.0192184 0.706973 0.706979 0.0192184 0.706973 0.706979 0.999129 0.0417292 0 0.999129 0.0417292 0 0.999129 0.0417292 0 0.999129 0.0417292 0 -0.707104 0 -0.70711 -0.707104 0 -0.70711 -0.707104 0 -0.70711 -0.707104 0 -0.70711 0.0192184 0.706973 -0.70698 0.0192184 0.706973 -0.70698 0.0192184 0.706973 -0.70698 0.0192184 0.706973 -0.70698 0.288644 -0.423281 -0.858789 0.288644 -0.423281 -0.858789 0.288644 -0.423281 -0.858789 0.288644 -0.423281 -0.858789 -0.0211302 -0.706951 -0.706946 -0.0211302 -0.706952 -0.706946 -0.0211302 -0.706951 -0.706946 -0.0211302 -0.706951 -0.706946 0 0 1 0 0 1 0 0 1 0 0 1 0.0271741 0.999631 0 0.0271741 0.999631 0 0.0271741 0.999631 0 0.0271741 0.999631 0 -4.49294e-08 0 -1 -4.49294e-08 0 -1 -4.49294e-08 0 -1 -4.49294e-08 0 -1 -0.0298759 -0.999554 0 -0.0298759 -0.999554 0 -0.0298759 -0.999554 0 -0.0298759 -0.999554 0 1 0 0 1 0 0 1 0 0 1 0 0 -1 0 0 -1 0 0 -1 0 0 -1 0 0 -0.577346 -0.577349 0.577355 -0.577346 -0.577349 0.577355 -0.577346 -0.577349 0.577355 0.118825 -0.702098 0.702096 0.118825 -0.702098 0.702096 0.118825 -0.702098 0.702096 -0.577351 0.577347 0.577353 -0.577351 0.577347 0.577353 -0.577351 0.577347 0.577353 0.99826 0.0416929 0.041693 0.99826 0.0416929 0.041693 0.99826 0.0416929 0.041693 -0.577349 0.577351 -0.577351 -0.577349 0.577351 -0.577351 -0.577349 0.577351 -0.577351 0.99826 0.0416929 -0.041693 0.99826 0.0416929 -0.041693 0.99826 0.041693 -0.041693 -0.577344 -0.577353 -0.577353 -0.577344 -0.577353 -0.577353 -0.577344 -0.577353 -0.577353 0.118825 -0.702098 -0.702096 0.118825 -0.702098 -0.702096 0.118825 -0.702098 -0.702096 -0.0185083 -0.487294 -0.873042 -0.0185083 -0.487294 -0.873042 -0.0244412 -0.643496 -0.765059 -0.0232552 -0.612272 -0.790305 0.342034 -0.404247 -0.848291 0.342034 -0.404247 -0.848291 0.480917 -0.377178 -0.791489 0.939471 -0.147395 -0.309305 0.0195168 0.511224 0.859226 0.0195168 0.511224 0.859226 0.0239514 0.610671 0.791522 0.0246108 0.625361 0.779947 -0.832053 0 0.554696 -0.832053 0 0.554696 -0.995893 0 0.0905383 -0.914172 0 0.405327 0.0184149 0.508946 -0.860602 0.0184149 0.508946 -0.860602 0.0233055 0.625084 -0.78021 0.0226875 0.610491 -0.791698 0.355059 -0.399764 0.845057 0.355059 -0.399764 0.845057 0.94182 -0.143731 0.303835 0.493455 -0.371937 0.786235 -0.0194771 -0.486021 0.87373 -0.0194771 -0.486021 0.87373 -0.0245222 -0.611912 0.790546 -0.0258121 -0.644098 0.764508 -0.836881 0 -0.547384 -0.836881 0 -0.547384 -0.915991 0 -0.401198 -0.995834 0 -0.0911816 -1 0 4.03668e-06 -1 0 4.03668e-06 -0.0299147 -0.746471 0.664746 -0.0299147 -0.746471 0.664746 1 0 4.14884e-06 1 0 4.14884e-06 0.027292 0.718538 -0.694952 0.027292 0.718538 -0.694952 0.0285885 0.713356 0.700219 0.0285885 0.713356 0.700219 1 0 -4.09985e-06 1 0 -4.09985e-06 -0.0281388 -0.740848 -0.671083 -0.0281388 -0.740848 -0.671083 -1 0 -4.43228e-06 -1 0 -4.43228e-06 </float_array>
          <technique_common>
            <accessor count="144" offset="0" source="#meshId0-normals-array" stride="3">
              <param name="X" type="float" />
              <param name="Y" type="float" />
              <param name="Z" type="float" />
            </accessor>
          </technique_common>
        </source>
        <source id="meshId0-tangents" name="meshId0-tangents">
          <float_array id="meshId0-tangents-array" count="432"> 0.00460791 -0.00460783 -0.999979 0.00697935 -0.00697923 -0.999951 0.0106609 -0.0106608 -0.999886 0.00828963 -0.00828949 -0.999931 -0.281781 -0.674227 -0.682655 -0.276849 -0.675316 -0.683596 0.0619915 -0.70667 -0.704822 0.0568644 -0.706809 -0.705115 -0.668646 -0.325318 -0.668641 -0.692314 -0.203496 -0.692308 -0.707087 -0.00790516 -0.707082 -0.70074 -0.133923 -0.700734 0.00358571 0.000606856 -0.999993 -0.00485456 -0.000821598 -0.999988 -0.00703229 -0.00119016 -0.999975 0.00140795 0.000238286 -0.999999 0.48903 -0.705959 -0.51232 0.463057 -0.723367 -0.51217 0.202995 -0.849519 -0.48694 0.405498 -0.758503 -0.510142 -0.0123657 -0.0123656 -0.999847 -0.00235451 -0.0023545 -0.999994 0.013189 0.013189 -0.999826 0.00317796 0.00317795 -0.99999 0.0416011 -0.707063 0.705926 0.0416111 -0.707063 0.705925 0.042331 -0.707051 0.705894 0.042321 -0.707051 0.705895 -0.00314852 0.0753854 -0.997149 -0.00312418 0.0748027 -0.997193 -0.00306611 0.0734122 -0.997297 -0.00309045 0.073995 -0.997254 0.706415 0.0443177 -0.706409 0.701199 0.12903 -0.701193 0.683039 0.258696 -0.683033 0.69611 0.175697 -0.696104 -0.0469402 0.706968 0.705686 -0.0469382 0.706968 0.705686 -0.0467992 0.706971 0.705692 -0.0468012 0.706971 0.705692 0.251631 0.898972 -0.358512 -0.199888 0.850559 -0.486409 -0.600056 0.618971 -0.506762 -0.447198 0.733509 -0.511839 0.302103 0.669535 -0.678569 0.296878 0.670773 -0.679652 -0.054883 0.706858 -0.705223 -0.0494137 0.706978 -0.705507 0.0305608 -0.999533 0 0.0434037 -0.999058 0 0.0436921 -0.999045 0 0.0308493 -0.999524 0 0.0610754 -0.00166028 0.998132 0.0613875 -0.00166876 0.998113 0.0613937 -0.00166893 0.998112 0.0610816 -0.00166045 0.998131 -0.0325773 0.999469 1.46368e-09 -0.0506111 0.998719 2.27393e-09 -0.0510013 0.998699 2.29146e-09 -0.0329678 0.999456 1.48122e-09 0.00345199 -0.000103177 -0.999994 -0.00584952 0.000174838 -0.999983 -0.00605468 0.00018097 -0.999982 0.00324683 -9.70454e-05 -0.999995 0 0.00372292 -0.999993 0 0.0478395 -0.998855 0 0.0918626 -0.995772 0 0.0478393 -0.998855 0 -0.0116831 -0.999932 0 -0.0173779 -0.999849 0 -0.0230721 -0.999734 0 -0.0173779 -0.999849 -0.452663 -0.362167 -0.81482 -0.452663 -0.362167 -0.81482 -0.452663 -0.362167 -0.81482 0.0724069 -0.699096 -0.711353 0.0724069 -0.699096 -0.711353 0.0724069 -0.699096 -0.711353 -0.709703 -0.00521974 -0.704482 -0.709703 -0.00521974 -0.704482 -0.709703 -0.00521974 -0.704482 0.0380946 0.0836621 -0.995766 0.0380946 0.0836621 -0.995766 0.0380946 0.0836621 -0.995766 0.719204 0.0248464 -0.694355 0.719204 0.0248464 -0.694355 0.719203 0.0248464 -0.694355 -0.0449392 0.0802202 -0.995764 -0.0449392 0.0802202 -0.995764 -0.0449392 0.0802202 -0.995764 0.47691 0.3355 -0.812402 0.47691 0.3355 -0.812402 0.47691 0.3355 -0.812402 -0.0648645 0.700106 -0.711087 -0.0648645 0.700106 -0.711087 -0.0648645 0.700106 -0.711086 0.121718 0.865599 -0.48572 -0.0524724 0.872462 -0.485857 0.0585232 0.763055 -0.643679 0.105273 0.784624 -0.610968 -0.0748358 0.888152 -0.453416 -0.0713023 0.88897 -0.452382 -0.104668 0.871583 -0.478944 -0.0405812 0.848517 -0.52761 0.0392868 -0.859118 0.510267 0.0369249 -0.859172 0.510353 0.0398031 -0.791704 0.609607 0.0451857 -0.780082 0.624044 -0.488233 0.474639 -0.732357 -0.488708 0.473048 -0.733069 -0.0744696 0.568736 -0.819142 -0.354297 0.485741 -0.79908 -0.0409782 0.860409 0.507955 -0.0439578 0.860327 0.507843 -0.0500445 0.780173 0.623559 -0.0432956 0.791759 0.609297 0.0649393 -0.891225 -0.448889 0.0686693 -0.890361 -0.450047 0.0353705 -0.856556 -0.51484 0.0983445 -0.874299 -0.47532 0.101796 -0.870319 -0.481854 -0.107788 -0.867782 -0.485115 -0.159456 -0.778265 -0.607352 -0.0926823 -0.759927 -0.643367 0.483513 -0.468778 -0.739231 0.485415 -0.462173 -0.742138 0.354391 -0.468746 -0.809126 0.0754816 -0.560999 -0.824368 -3.30676e-06 -0.573542 -0.819176 -3.30446e-06 -0.574353 -0.818607 -0.130693 -0.656413 -0.742995 -0.180887 -0.65002 -0.738075 2.60844e-06 -0.777635 -0.628716 2.59102e-06 -0.781011 -0.624517 -0.056224 0.695214 0.716601 -0.0470542 0.695364 0.717116 0.0419667 -0.700744 0.712177 0.0481678 -0.700674 0.711853 -2.48136e-06 0.796049 -0.605233 -2.46576e-06 0.798927 -0.601428 0.179671 0.656667 -0.732466 0.137643 0.662082 -0.736683 3.59657e-06 0.584421 -0.811451 3.59634e-06 0.584496 -0.811397 </float_array>
          <technique_common>
            <accessor count="144" offset="0" source="#meshId0-tangents-array" stride="3">
              <param name="X" type="float" />
              <param name="Y" type="float" />
              <param name="Z" type="float" />
            </accessor>
          </technique_common>
        </source>
        <source id="meshId0-bitangents" name="meshId0-bitangents">
          <float_array id="meshId0-bitangents-array" count="432"> 0.707098 -0.707086 0.00651651 0.707078 -0.707066 0.00987021 0.707032 -0.707021 0.0150767 0.707064 -0.707052 0.0117232 0.959246 -0.213629 -0.184959 0.960681 -0.210162 -0.18145 0.997853 0.0289316 0.058757 0.998158 0.0253009 0.0551354 0.230035 -0.945605 0.230034 0.143894 -0.979076 0.143893 0.00558981 -0.999969 0.00558977 0.0946979 -0.990992 0.0946972 0.985972 0.166869 0.00363671 0.985967 0.166868 -0.00492359 0.985954 0.166865 -0.00713229 0.985978 0.166869 0.00142798 0.823125 0.567851 0.00322652 0.838012 0.545502 -0.0127923 0.93567 0.314882 -0.159284 0.867327 0.495486 -0.0472974 -0.707 -0.706997 0.0174877 -0.707104 -0.707102 0.00332977 -0.706985 -0.706982 -0.018652 -0.707101 -0.707098 -0.00449431 0.998949 0.0158443 -0.0429995 0.998949 0.0158514 -0.0430066 0.998919 0.016361 -0.0435153 0.998919 0.0163539 -0.0435082 -0.0416103 0.996281 0.0754512 -0.0416121 0.996325 0.0748679 -0.0416164 0.996428 0.0734762 -0.0416146 0.996385 0.0740595 0.0313375 -0.999017 -0.0313373 0.0912381 -0.991641 -0.0912374 0.182926 -0.965959 -0.182925 0.124237 -0.984444 -0.124236 0.998713 0.0196236 0.0467723 0.998713 0.0196222 0.0467709 0.99872 0.0195238 0.0466727 0.998719 0.0195252 0.0466741 0.923778 -0.112616 0.365993 0.936338 0.312061 0.1609 0.746068 0.661595 -0.0753301 0.846581 0.531787 0.0224324 0.953041 -0.227909 0.199425 0.954682 -0.224238 0.195705 0.998269 0.0238978 -0.0537357 0.998555 0.0200253 -0.0498717 0.999533 0.0305608 -0 0.999058 0.0434037 -0 0.999045 0.0436921 -0 0.999524 0.0308493 -0 0.997763 -0.0271233 -0.0610979 0.997744 -0.0271228 -0.0614102 0.997744 -0.0271228 -0.0614164 0.997763 -0.0271233 -0.0611042 0.999469 0.0325773 -4.49055e-08 0.998719 0.0506111 -4.48718e-08 0.998699 0.0510013 -4.48709e-08 0.999456 0.0329678 -4.4905e-08 0.999548 -0.0298758 0.00345353 0.999536 -0.0298754 -0.00585213 0.999535 -0.0298754 -0.00605738 0.999548 -0.0298758 0.00324828 -0 0.999993 0.00372292 -0 0.998855 0.0478394 -0 0.995772 0.0918626 -0 0.998855 0.0478393 0 -0.999932 0.0116831 0 -0.999849 0.0173779 0 -0.999734 0.0230721 0 -0.999849 0.0173779 0.679535 -0.731781 -0.0522485 0.679535 -0.731781 -0.0522485 0.679535 -0.731781 -0.0522485 0.990272 0.135363 -0.0322332 0.990272 0.135363 -0.0322332 0.990272 0.135363 -0.0322332 -0.403716 -0.816482 0.412758 -0.403716 -0.816482 0.412758 -0.403716 -0.816482 0.412758 -0.0450045 0.995622 0.0819283 -0.0450045 0.995622 0.0819283 -0.0450045 0.995622 0.0819283 -0.386541 -0.816118 -0.429578 -0.386541 -0.816118 -0.429578 -0.386541 -0.816118 -0.429578 -0.0381717 0.995905 0.0819543 -0.0381717 0.995905 0.0819543 -0.0381717 0.995905 0.0819543 0.662745 -0.744381 0.0816465 0.662745 -0.744381 0.0816464 0.662745 -0.744381 0.0816464 0.990794 0.130036 0.0376488 0.990794 0.130036 0.0376488 0.990794 0.130036 0.0376488 0.992392 -0.115255 0.0432916 0.998451 0.0368182 -0.0417172 0.997987 -0.060506 0.0190095 0.994171 -0.0974056 0.0462087 0.936703 0.218567 0.273526 0.936978 0.215215 0.275235 0.870496 0.313176 0.379681 0.340218 0.508226 0.791175 0.999037 0.0237975 -0.0368516 0.999128 0.0217664 -0.0356452 0.99892 0.0169041 -0.0432691 0.998675 0.0198843 -0.0474558 -0.263281 -0.88018 -0.394925 -0.262398 -0.881037 -0.393601 -0.0514924 -0.82252 -0.5664 -0.196884 -0.874103 -0.444051 0.99899 0.025912 0.0367 0.998864 0.0284783 0.038215 0.998475 0.0245129 0.0494643 0.998805 0.0204536 0.0443946 0.932586 0.214259 -0.290477 0.932318 0.217823 -0.288679 0.33425 0.495634 -0.801638 0.864194 0.311871 -0.39485 0.994615 0.0795573 0.0664264 0.993983 -0.103626 -0.0354853 0.986901 -0.140951 -0.078488 0.995361 -0.087463 -0.0400811 -0.256602 -0.883316 0.392312 -0.252986 -0.88679 0.386784 -0.18806 -0.883333 0.429367 -0.0511528 -0.827817 0.558662 2.31521e-06 -0.819176 0.573542 2.31848e-06 -0.818607 0.574353 0.990972 -0.109104 -0.0779219 0.983049 -0.142323 -0.115582 3.22628e-06 0.628716 -0.777635 3.24029e-06 0.624517 -0.781011 0.998045 0.0195155 0.0593729 0.998519 0.0131289 0.0527881 0.99871 0.00902576 -0.0499704 0.99843 0.0133772 -0.0543921 3.26368e-06 0.605233 0.796049 3.27548e-06 0.601428 0.798927 0.983324 -0.141185 0.114631 0.990082 -0.113099 0.0833425 2.59032e-06 -0.811451 -0.584421 2.59065e-06 -0.811397 -0.584496 </float_array>
          <technique_common>
            <accessor count="144" offset="0" source="#meshId0-bitangents-array" stride="3">
              <param name="X" type="float" />
              <param name="Y" type="float" />
              <param name="Z" type="float" />
            </accessor>
          </technique_common>
        </source>
        <source id="meshId0-tex0" name="meshId0-tex0">
          <float_array id="meshId0-tex0-array" count="288"> 0.340013 0.563492 0.34013 0.562548 0.342567 0.562528 0.342623 0.563484 0.338232 0.562968 0.340013 0.563492 0.339875 0.637772 0.338221 0.637883 0.34013 0.562548 0.338232 0.562968 0.339184 0.560835 0.340288 0.560823 0.340153 0.644204 0.339875 0.637772 0.34222 0.637788 0.341963 0.644197 0.338221 0.637883 0.340153 0.644204 0.339795 0.646302 0.33846 0.645641 0.340288 0.560823 0.340154 0.559214 0.342446 0.559254 0.34227 0.560783 0.241528 0.570976 0.243243 0.570905 0.247417 0.649193 0.245704 0.649265 0.33992 0.647515 0.339795 0.646302 0.342417 0.646124 0.342491 0.647331 0.34227 0.560783 0.343511 0.560838 0.344395 0.562923 0.342567 0.562528 0.439251 0.571423 0.440965 0.571503 0.436467 0.64964 0.434753 0.64956 0.3437 0.645529 0.342417 0.646124 0.341963 0.644197 0.343874 0.637887 0.342623 0.563484 0.344395 0.562923 0.343874 0.637887 0.34222 0.637788 0.291464 0.576149 0.294942 0.647047 0.292557 0.647153 0.289 0.576223 0.241528 0.570976 0.245704 0.649265 0.243282 0.649414 0.239104 0.571124 0.393436 0.576568 0.389605 0.647269 0.387221 0.647146 0.390973 0.576489 0.342623 0.563484 0.34222 0.637788 0.339875 0.637772 0.340013 0.563492 0.340153 0.644204 0.341963 0.644197 0.342417 0.646124 0.339795 0.646302 0.342567 0.562528 0.34013 0.562548 0.340288 0.560823 0.34227 0.560783 0.340013 0.563492 0.338232 0.562968 0.34013 0.562548 0.340153 0.644204 0.338221 0.637883 0.339875 0.637772 0.340288 0.560823 0.339184 0.560835 0.340154 0.559214 0.33992 0.647515 0.338585 0.646404 0.339795 0.646302 0.34227 0.560783 0.342446 0.559254 0.343511 0.560838 0.343627 0.646027 0.342491 0.647331 0.342417 0.646124 0.342567 0.562528 0.344395 0.562923 0.342623 0.563484 0.34222 0.637788 0.343874 0.637887 0.341963 0.644197 0.338232 0.562968 0.338221 0.637883 0.316669 0.642893 0.316228 0.573164 0.338221 0.637883 0.33846 0.645641 0.319515 0.644444 0.316669 0.642893 0.247417 0.649193 0.243243 0.570905 0.263878 0.577247 0.268947 0.648354 0.339184 0.560835 0.338232 0.562968 0.316228 0.573164 0.318163 0.570004 0.439251 0.571423 0.434753 0.64956 0.41286 0.648591 0.417978 0.577639 0.3437 0.645529 0.343874 0.637887 0.36603 0.642871 0.362954 0.644532 0.343874 0.637887 0.344395 0.562923 0.366597 0.573419 0.36603 0.642871 0.344395 0.562923 0.343511 0.560838 0.36487 0.57051 0.366597 0.573419 0.389657 0.57458 0.390973 0.576489 0.390973 0.576489 0.387221 0.647146 0.387221 0.647146 0.385234 0.648698 0.389605 0.647269 0.393436 0.576568 0.289 0.576223 0.292557 0.647153 0.296934 0.648585 0.294942 0.647047 0.294942 0.647047 0.291464 0.576149 0.291464 0.576149 0.292816 0.574248 </float_array>
          <technique_common>
            <accessor count="144" offset="0" source="#meshId0-tex0-array" stride="2">
              <param name="S" type="float" />
              <param name="T" type="float" />
            </accessor>
          </technique_common>
        </source>
        <vertices id="meshId0-vertices">
          <input semantic="POSITION" source="#meshId0-positions" />
        </vertices>
        <polylist count="76" material="defaultMaterial">
          <input offset="0" semantic="VERTEX" source="#meshId0-vertices" />
          <input offset="0" semantic="NORMAL" source="#meshId0-normals" />
          <input offset="0" semantic="TANGENT" source="#meshId0-tangents" />
          <input offset="0" semantic="BINORMAL" source="#meshId0-bitangents" />
          <input offset="0" semantic="TEXCOORD" source="#meshId0-tex0" set="0" />
          <vcount>3 3 3 3 3 3 3 3 3 3 3 3 3 3 3 3 3 3 3 3 3 3 3 3 3 3 3 3 3 3 3 3 3 3 3 3 3 3 3 3 3 3 3 3 3 3 3 3 3 3 3 3 3 3 3 3 3 3 3 3 3 3 3 3 3 3 3 3 3 3 3 3 3 3 3 3 </vcount>
          <p>3 0 1 1 2 3 7 4 5 5 6 7 11 8 9 9 10 11 15 12 13 13 14 15 19 16 17 17 18 19 23 20 21 21 22 23 27 24 25 25 26 27 31 28 29 29 30 31 35 32 33 33 34 35 39 36 37 37 38 39 43 40 41 41 42 43 47 44 45 45 46 47 51 48 49 49 50 51 55 52 53 53 54 55 59 56 57 57 58 59 63 60 61 61 62 63 67 64 65 65 66 67 71 68 69 69 70 71 72 73 74 75 76 77 78 79 80 81 82 83 84 85 86 87 88 89 90 91 92 93 94 95 99 96 97 97 98 99 100 101 102 100 102 103 107 104 105 105 106 107 111 108 109 109 110 111 115 112 113 113 114 115 119 116 117 117 118 119 123 120 121 121 122 123 127 124 125 125 126 127 129 127 126 126 128 129 131 123 122 122 130 131 133 119 118 118 132 133 135 115 114 114 134 135 137 107 106 106 136 137 139 103 102 102 138 139 141 99 98 98 140 141 143 111 110 110 142 143 </p>
        </polylist>
      </mesh>
    </geometry>
    <geometry id="meshId1" name="meshId1_name" >
      <mesh>
        <source id="meshId1-positions" name="meshId1-positions">
          <float_array id="meshId1-positions-array" count="6816"> -0.197979 0.0930255 -0.393887 -0.197979 0.169032 -0.474737 -0.197979 0.169032 -0.561452 -0.197979 0.0940024 -0.561452 -0.197979 0.270555 -0.536633 -0.197979 0.297703 -0.563384 -0.197979 0.169032 -0.654711 -0.197979 0.0944733 -0.733419 -0.197979 0.271916 -0.592666 -0.197979 0.0930255 0.17094 -0.197979 0.169032 0.09009 -0.197979 0.169032 0.00337482 -0.197979 0.0940024 0.00337482 -0.197979 0.270555 0.0281937 -0.197979 0.297703 0.00144353 -0.197979 0.169032 -0.0898844 -0.197979 0.0944733 -0.168592 -0.197979 0.271916 -0.0278388 0.559019 -0.170293 -0.708074 0.557804 0.0787501 -0.708074 0.530235 0.0785878 -0.708074 0.531451 -0.170455 -0.708074 0.531451 -0.170455 -0.708074 0.530235 0.0785878 -0.708074 0.530235 0.0785878 -0.735643 0.531451 -0.170455 -0.735643 0.531451 -0.170455 -0.735643 0.530235 0.0785878 -0.735643 0.557804 0.0787501 -0.735643 0.559019 -0.170293 -0.735643 0.559019 -0.170293 -0.735643 0.557804 0.0787501 -0.735643 0.557804 0.0787501 -0.708074 0.559019 -0.170293 -0.708074 0.557804 0.0787501 -0.708074 0.557804 0.0787501 -0.735643 0.530235 0.0785878 -0.735643 0.530235 0.0785878 -0.708074 0.559019 -0.170293 -0.735643 0.559019 -0.170293 -0.708074 0.531451 -0.170455 -0.708074 0.531451 -0.170455 -0.735643 -0.197979 0.0930255 0.71259 -0.197979 0.169032 0.63174 -0.197979 0.169032 0.545025 -0.197979 0.0940024 0.545025 -0.197979 0.270555 0.569844 -0.197979 0.297703 0.543093 -0.197979 0.169032 0.451765 -0.197979 0.0944733 0.373058 -0.197979 0.271916 0.513811 0.171609 0.105763 -0.896131 -0.0335271 0.321856 -0.896131 -0.0549852 0.304547 -0.896131 0.150151 0.0884545 -0.896131 0.150151 0.0884545 -0.896131 -0.0549852 0.304547 -0.896131 -0.0549852 0.304547 -0.9237 0.150151 0.0884545 -0.9237 0.150151 0.0884545 -0.9237 -0.0549852 0.304547 -0.9237 -0.0335271 0.321856 -0.9237 0.171609 0.105763 -0.9237 0.171609 0.105763 -0.9237 -0.0335271 0.321856 -0.9237 -0.0335271 0.321856 -0.896131 0.171609 0.105763 -0.896131 -0.0335271 0.321856 -0.896131 -0.0335271 0.321856 -0.9237 -0.0549852 0.304547 -0.9237 -0.0549852 0.304547 -0.896131 0.171609 0.105763 -0.9237 0.171609 0.105763 -0.896131 0.150151 0.0884545 -0.896131 0.150151 0.0884545 -0.9237 0.230303 -0.19405 -0.896131 0.540894 0.0704293 -0.896131 0.520796 0.0893003 -0.896131 0.210205 -0.175179 -0.896131 0.210205 -0.175179 -0.896131 0.520796 0.0893003 -0.896131 0.520796 0.0893003 -0.9237 0.210205 -0.175179 -0.9237 0.210205 -0.175179 -0.9237 0.520796 0.0893003 -0.9237 0.540894 0.0704293 -0.9237 0.230303 -0.19405 -0.9237 0.230303 -0.19405 -0.9237 0.540894 0.0704293 -0.9237 0.540894 0.0704293 -0.896131 0.230303 -0.19405 -0.896131 0.540894 0.0704293 -0.896131 0.540894 0.0704293 -0.9237 0.520796 0.0893003 -0.9237 0.520796 0.0893003 -0.896131 0.230303 -0.19405 -0.9237 0.230303 -0.19405 -0.896131 0.210205 -0.175179 -0.896131 0.210205 -0.175179 -0.9237 0.158501 -0.289313 -0.86642 0.15115 -0.281178 -0.86642 0.15115 -0.281178 -0.925235 0.158501 -0.289313 -0.925235 0.158501 -0.281178 -0.859069 0.158501 -0.289313 -0.86642 0.217316 -0.289313 -0.86642 0.217316 -0.281178 -0.859069 0.15115 -0.281178 -0.86642 0.158501 -0.281178 -0.859069 0.158501 0.698103 -0.859069 0.15115 0.698103 -0.86642 0.224667 -0.281178 -0.86642 0.217316 -0.289313 -0.86642 0.217316 -0.289313 -0.925235 0.224667 -0.281178 -0.925235 0.217316 -0.281178 -0.859069 0.224667 -0.281178 -0.86642 0.224667 0.698103 -0.86642 0.217316 0.698103 -0.859069 0.15115 0.698103 -0.86642 0.158501 0.705454 -0.86642 0.158501 0.705454 -0.925235 0.15115 0.698103 -0.925235 0.158501 0.705454 -0.86642 0.158501 0.698103 -0.859069 0.217316 0.698103 -0.859069 0.217316 0.705454 -0.86642 0.217316 0.705454 -0.86642 0.224667 0.698103 -0.86642 0.224667 0.698103 -0.925235 0.217316 0.705454 -0.925235 0.15115 0.698103 -0.925235 0.158501 0.698103 -0.932586 0.158501 -0.281178 -0.932586 0.15115 -0.281178 -0.925235 0.158501 0.698103 -0.932586 0.158501 0.705454 -0.925235 0.217316 0.705454 -0.925235 0.217316 0.698103 -0.932586 0.217316 0.698103 -0.932586 0.224667 0.698103 -0.925235 0.224667 -0.281178 -0.925235 0.217316 -0.281178 -0.932586 0.158501 -0.289313 -0.925235 0.158501 -0.281178 -0.932586 0.217316 -0.281178 -0.932586 0.217316 -0.289313 -0.925235 0.158501 -0.281178 -0.859069 0.217316 -0.281178 -0.859069 0.217316 0.698103 -0.859069 0.158501 0.698103 -0.859069 0.158501 0.705454 -0.86642 0.217316 0.705454 -0.86642 0.217316 0.705454 -0.925235 0.158501 0.705454 -0.925235 0.158501 0.698103 -0.932586 0.217316 0.698103 -0.932586 0.217316 -0.281178 -0.932586 0.158501 -0.281178 -0.932586 0.158501 -0.289313 -0.925235 0.217316 -0.289313 -0.925235 0.217316 -0.289313 -0.86642 0.158501 -0.289313 -0.86642 0.224667 -0.281178 -0.86642 0.224667 -0.281178 -0.925235 0.224667 0.698103 -0.925235 0.224667 0.698103 -0.86642 0.15115 -0.281178 -0.925235 0.15115 -0.281178 -0.86642 0.15115 0.698103 -0.86642 0.15115 0.698103 -0.925235 0.158501 -0.289313 -0.86642 0.158501 -0.281178 -0.859069 0.15115 -0.281178 -0.86642 0.224667 -0.281178 -0.86642 0.217316 -0.281178 -0.859069 0.217316 -0.289313 -0.86642 0.15115 0.698103 -0.86642 0.158501 0.698103 -0.859069 0.158501 0.705454 -0.86642 0.217316 0.705454 -0.86642 0.217316 0.698103 -0.859069 0.224667 0.698103 -0.86642 0.15115 0.698103 -0.925235 0.158501 0.705454 -0.925235 0.158501 0.698103 -0.932586 0.217316 0.698103 -0.932586 0.217316 0.705454 -0.925235 0.224667 0.698103 -0.925235 0.15115 -0.281178 -0.925235 0.158501 -0.281178 -0.932586 0.158501 -0.289313 -0.925235 0.217316 -0.289313 -0.925235 0.217316 -0.281178 -0.932586 0.224667 -0.281178 -0.925235 0.230303 0.0893534 -0.896131 0.452143 0.280511 -0.896131 0.432044 0.299381 -0.896131 0.210205 0.108224 -0.896131 0.210205 0.108224 -0.896131 0.432044 0.299381 -0.896131 0.432044 0.299381 -0.9237 0.210205 0.108224 -0.9237 0.210205 0.108224 -0.9237 0.432044 0.299381 -0.9237 0.452143 0.280511 -0.9237 0.230303 0.0893534 -0.9237 0.230303 0.0893534 -0.9237 0.452143 0.280511 -0.9237 0.452143 0.280511 -0.896131 0.230303 0.0893534 -0.896131 0.452143 0.280511 -0.896131 0.452143 0.280511 -0.9237 0.432044 0.299381 -0.9237 0.432044 0.299381 -0.896131 0.230303 0.0893534 -0.9237 0.230303 0.0893534 -0.896131 0.210205 0.108224 -0.896131 0.210205 0.108224 -0.9237 -0.52473 -0.731944 -0.0809263 -0.497161 -0.731944 -0.0809263 -0.497161 -0.290304 -0.0809263 -0.52473 -0.290304 -0.0809263 -0.52473 -0.290304 -0.0809263 -0.497161 -0.290304 -0.0809263 -0.497161 -0.317347 -0.108495 -0.52473 -0.317347 -0.108495 -0.52473 -0.317347 -0.108495 -0.497161 -0.317347 -0.108495 -0.497161 -0.758987 -0.108495 -0.52473 -0.758987 -0.108495 -0.497161 -0.731944 -0.0809263 -0.497161 -0.758987 -0.108495 -0.497161 -0.317347 -0.108495 -0.497161 -0.290304 -0.0809263 -0.52473 -0.758987 -0.108495 -0.52473 -0.731944 -0.0809263 -0.52473 -0.290304 -0.0809263 -0.52473 -0.317347 -0.108495 -0.52473 -0.75858 0.11099 -0.497161 -0.75858 0.11099 -0.497161 -0.318511 0.11099 -0.52473 -0.318511 0.11099 -0.52473 -0.318511 0.11099 -0.497161 -0.318511 0.11099 -0.497161 -0.291222 0.0834211 -0.52473 -0.291222 0.0834211 -0.52473 -0.291222 0.0834211 -0.497161 -0.291222 0.0834211 -0.497161 -0.731292 0.0834211 -0.52473 -0.731292 0.0834211 -0.497161 -0.75858 0.11099 -0.497161 -0.731292 0.0834211 -0.497161 -0.291222 0.0834211 -0.497161 -0.318511 0.11099 -0.52473 -0.731292 0.0834211 -0.52473 -0.75858 0.11099 -0.52473 -0.318511 0.11099 -0.52473 -0.291222 0.0834211 0.5536 -0.205703 -0.897365 0.5536 -0.205703 -0.924934 0.5536 -0.178134 -0.924934 0.5536 -0.178134 -0.897365 0.5536 -0.178134 -0.897365 0.5536 -0.178134 -0.924934 -0.170946 -0.178134 -0.924934 -0.170946 -0.178134 -0.897365 -0.170946 -0.178134 -0.897365 -0.170946 -0.178134 -0.924934 -0.170946 -0.205703 -0.924934 -0.170946 -0.205703 -0.897365 -0.170946 -0.205703 -0.897365 -0.170946 -0.205703 -0.924934 0.5536 -0.205703 -0.924934 0.5536 -0.205703 -0.897365 0.5536 -0.205703 -0.924934 -0.170946 -0.205703 -0.924934 -0.170946 -0.178134 -0.924934 0.5536 -0.178134 -0.924934 -0.170946 -0.205703 -0.897365 0.5536 -0.205703 -0.897365 0.5536 -0.178134 -0.897365 -0.170946 -0.178134 -0.897365 0.551519 0.073843 -0.899266 0.551519 0.073843 -0.926835 0.551519 0.101412 -0.926835 0.551519 0.101412 -0.899266 0.551519 0.101412 -0.899266 0.551519 0.101412 -0.926835 -0.173027 0.101412 -0.926835 -0.173027 0.101412 -0.899266 -0.173027 0.101412 -0.899266 -0.173027 0.101412 -0.926835 -0.173027 0.073843 -0.926835 -0.173027 0.073843 -0.899266 -0.173027 0.073843 -0.899266 -0.173027 0.073843 -0.926835 0.551519 0.073843 -0.926835 0.551519 0.073843 -0.899266 0.551519 0.073843 -0.926835 -0.173027 0.073843 -0.926835 -0.173027 0.101412 -0.926835 0.551519 0.101412 -0.926835 -0.173027 0.073843 -0.899266 0.551519 0.073843 -0.899266 0.551519 0.101412 -0.899266 -0.173027 0.101412 -0.899266 0.171609 -0.169683 -0.896131 -0.149486 0.087244 -0.896131 -0.170944 0.069935 -0.896131 0.150151 -0.186992 -0.896131 0.150151 -0.186992 -0.896131 -0.170944 0.069935 -0.896131 -0.170944 0.069935 -0.9237 0.150151 -0.186992 -0.9237 0.150151 -0.186992 -0.9237 -0.170944 0.069935 -0.9237 -0.149486 0.087244 -0.9237 0.171609 -0.169683 -0.9237 0.171609 -0.169683 -0.9237 -0.149486 0.087244 -0.9237 -0.149486 0.087244 -0.896131 0.171609 -0.169683 -0.896131 -0.149486 0.087244 -0.896131 -0.149486 0.087244 -0.9237 -0.170944 0.069935 -0.9237 -0.170944 0.069935 -0.896131 0.171609 -0.169683 -0.9237 0.171609 -0.169683 -0.896131 0.150151 -0.186992 -0.896131 0.150151 -0.186992 -0.9237 0.230303 -0.19405 0.922082 0.540894 0.0704293 0.922082 0.520796 0.0893003 0.922082 0.210205 -0.175179 0.922082 0.210205 -0.175179 0.922082 0.520796 0.0893003 0.922082 0.520796 0.0893003 0.894513 0.210205 -0.175179 0.894513 0.210205 -0.175179 0.894513 0.520796 0.0893003 0.894513 0.540894 0.0704293 0.894513 0.230303 -0.19405 0.894513 0.230303 -0.19405 0.894513 0.540894 0.0704293 0.894513 0.540894 0.0704293 0.922082 0.230303 -0.19405 0.922082 0.540894 0.0704293 0.922082 0.540894 0.0704293 0.894513 0.520796 0.0893003 0.894513 0.520796 0.0893003 0.922082 0.230303 -0.19405 0.894513 0.230303 -0.19405 0.922082 0.210205 -0.175179 0.922082 0.210205 -0.175179 0.894513 0.230303 0.0893534 0.922082 0.452143 0.280511 0.922082 0.432044 0.299381 0.922082 0.210205 0.108224 0.922082 0.210205 0.108224 0.922082 0.432044 0.299381 0.922082 0.432044 0.299381 0.894513 0.210205 0.108224 0.894513 0.210205 0.108224 0.894513 0.432044 0.299381 0.894513 0.452143 0.280511 0.894513 0.230303 0.0893534 0.894513 0.230303 0.0893534 0.894513 0.452143 0.280511 0.894513 0.452143 0.280511 0.922082 0.230303 0.0893534 0.922082 0.452143 0.280511 0.922082 0.452143 0.280511 0.894513 0.432044 0.299381 0.894513 0.432044 0.299381 0.922082 0.230303 0.0893534 0.894513 0.230303 0.0893534 0.922082 0.210205 0.108224 0.922082 0.210205 0.108224 0.894513 0.171609 0.105763 0.922082 -0.0335271 0.321856 0.922082 -0.0549852 0.304547 0.922082 0.150151 0.0884545 0.922082 0.150151 0.0884545 0.922082 -0.0549852 0.304547 0.922082 -0.0549852 0.304547 0.894513 0.150151 0.0884545 0.894513 0.150151 0.0884545 0.894513 -0.0549852 0.304547 0.894513 -0.0335271 0.321856 0.894513 0.171609 0.105763 0.894513 0.171609 0.105763 0.894513 -0.0335271 0.321856 0.894513 -0.0335271 0.321856 0.922082 0.171609 0.105763 0.922082 -0.0335271 0.321856 0.922082 -0.0335271 0.321856 0.894513 -0.0549852 0.304547 0.894513 -0.0549852 0.304547 0.922082 0.171609 0.105763 0.894513 0.171609 0.105763 0.922082 0.150151 0.0884545 0.922082 0.150151 0.0884545 0.894513 0.14196 0.725361 0.951183 0.233857 0.725361 0.951183 0.215478 0.725361 0.932804 0.16034 0.725361 0.932804 0.187909 0.758987 0.905235 0.215478 0.725361 0.877666 0.233857 0.725361 0.859287 0.16034 0.725361 0.877666 0.14196 0.725361 0.859287 0.233857 0.725361 0.951183 0.14196 0.725361 0.951183 0.14196 0.718418 0.951183 0.233857 0.718418 0.951183 0.233857 0.725361 0.859287 0.233857 0.725361 0.951183 0.233857 0.718418 0.951183 0.233857 0.718418 0.859287 0.14196 0.725361 0.951183 0.14196 0.725361 0.859287 0.14196 0.718418 0.859287 0.14196 0.718418 0.951183 0.14196 0.725361 0.859287 0.233857 0.725361 0.859287 0.233857 0.718418 0.859287 0.14196 0.718418 0.859287 0.233857 0.718418 0.859287 0.233857 0.718418 0.951183 0.14196 0.718418 0.951183 0.14196 0.718418 0.859287 -0.370837 -0.583581 0.91083 -0.164353 -0.583581 0.91083 -0.164353 -0.556012 0.91083 -0.370837 -0.556012 0.91083 -0.370837 -0.556012 0.91083 -0.164353 -0.556012 0.91083 -0.164353 -0.556012 0.883261 -0.370837 -0.556012 0.883261 -0.370837 -0.556012 0.883261 -0.164353 -0.556012 0.883261 -0.164353 -0.583581 0.883261 -0.370837 -0.583581 0.883261 -0.370837 -0.583581 0.883261 -0.164353 -0.583581 0.883261 -0.164353 -0.583581 0.91083 -0.370837 -0.583581 0.91083 -0.164353 -0.583581 0.91083 -0.164353 -0.583581 0.883261 -0.164353 -0.556012 0.883261 -0.164353 -0.556012 0.91083 -0.370837 -0.583581 0.883261 -0.370837 -0.583581 0.91083 -0.370837 -0.556012 0.91083 -0.370837 -0.556012 0.883261 -0.57887 -0.233932 0.00785809 -0.585761 -0.22704 0.00785809 -0.585761 -0.22704 -0.00592776 -0.57887 -0.233932 -0.00592776 -0.57887 -0.22704 0.0147496 -0.57887 -0.233932 0.00785809 -0.172535 -0.246077 0.00785809 -0.172535 -0.239185 0.0147496 -0.585761 -0.22704 0.00785809 -0.57887 -0.22704 0.0147496 -0.57887 -0.213254 0.0147496 -0.585761 -0.213254 0.00785809 -0.172247 -0.239185 0.00785809 -0.172535 -0.246077 0.00785809 -0.172535 -0.246077 -0.00592776 -0.172247 -0.239185 -0.00592776 -0.172535 -0.239185 0.0147496 -0.172247 -0.239185 0.00785809 -0.172247 -0.225399 0.00785809 -0.172535 -0.225399 0.0147496 -0.585761 -0.213254 0.00785809 -0.57887 -0.206363 0.00785809 -0.57887 -0.206363 -0.00592776 -0.585761 -0.213254 -0.00592776 -0.57887 -0.206363 0.00785809 -0.57887 -0.213254 0.0147496 -0.172535 -0.225399 0.0147496 -0.172535 -0.218508 0.00785809 -0.172535 -0.218508 0.00785809 -0.172247 -0.225399 0.00785809 -0.172247 -0.225399 -0.00592776 -0.172535 -0.218508 -0.00592776 -0.585761 -0.213254 -0.00592776 -0.57887 -0.213254 -0.0128193 -0.57887 -0.22704 -0.0128193 -0.585761 -0.22704 -0.00592776 -0.57887 -0.213254 -0.0128193 -0.57887 -0.206363 -0.00592776 -0.172535 -0.218508 -0.00592776 -0.172535 -0.225399 -0.0128193 -0.172535 -0.225399 -0.0128193 -0.172247 -0.225399 -0.00592776 -0.172247 -0.239185 -0.00592776 -0.172535 -0.239185 -0.0128193 -0.57887 -0.233932 -0.00592776 -0.57887 -0.22704 -0.0128193 -0.172535 -0.239185 -0.0128193 -0.172535 -0.246077 -0.00592776 -0.57887 -0.346833 0.14272 -0.172535 -0.358978 0.14272 -0.172535 -0.345193 0.14272 -0.57887 -0.333048 0.14272 -0.57887 -0.206363 0.00785809 -0.172535 -0.218508 0.00785809 -0.172535 -0.218508 -0.00592776 -0.57887 -0.206363 -0.00592776 -0.57887 -0.333048 -0.14079 -0.172535 -0.345193 -0.14079 -0.172535 -0.358978 -0.14079 -0.57887 -0.346833 -0.14079 -0.57887 -0.233932 -0.00592776 -0.172535 -0.246077 -0.00592776 -0.172535 -0.246077 0.00785809 -0.57887 -0.233932 0.00785809 -0.172247 -0.239185 0.00785809 -0.172247 -0.239185 -0.00592776 -0.172247 -0.225399 -0.00592776 -0.172247 -0.225399 0.00785809 -0.585761 -0.22704 -0.00592776 -0.585761 -0.22704 0.00785809 -0.585761 -0.213254 0.00785809 -0.585761 -0.213254 -0.00592776 -0.57887 -0.233932 0.00785809 -0.57887 -0.22704 0.0147496 -0.585761 -0.22704 0.00785809 -0.172247 -0.239185 0.00785809 -0.172535 -0.239185 0.0147496 -0.172535 -0.246077 0.00785809 -0.585761 -0.213254 0.00785809 -0.57887 -0.213254 0.0147496 -0.57887 -0.206363 0.00785809 -0.172535 -0.218508 0.00785809 -0.172535 -0.225399 0.0147496 -0.172247 -0.225399 0.00785809 -0.585761 -0.213254 -0.00592776 -0.57887 -0.206363 -0.00592776 -0.57887 -0.213254 -0.0128193 -0.172535 -0.225399 -0.0128193 -0.172535 -0.218508 -0.00592776 -0.172247 -0.225399 -0.00592776 -0.585761 -0.22704 -0.00592776 -0.57887 -0.22704 -0.0128193 -0.57887 -0.233932 -0.00592776 -0.172535 -0.246077 -0.00592776 -0.172535 -0.239185 -0.0128193 -0.172247 -0.239185 -0.00592776 -0.57887 -0.22704 0.0147496 -0.172535 -0.239185 0.0147496 -0.172535 -0.301674 0.0710889 -0.57887 -0.289529 0.0710889 -0.172535 -0.239185 0.0147496 -0.172535 -0.225399 0.0147496 -0.172535 -0.287888 0.0710889 -0.172535 -0.301674 0.0710889 -0.172535 -0.225399 0.0147496 -0.57887 -0.213254 0.0147496 -0.57887 -0.275743 0.0710889 -0.172535 -0.287888 0.0710889 -0.57887 -0.213254 0.0147496 -0.57887 -0.22704 0.0147496 -0.57887 -0.289529 0.0710889 -0.57887 -0.275743 0.0710889 -0.57887 -0.213254 -0.0128193 -0.172535 -0.225399 -0.0128193 -0.172535 -0.286938 -0.0681435 -0.57887 -0.274793 -0.0681435 -0.172535 -0.225399 -0.0128193 -0.172535 -0.239185 -0.0128193 -0.172535 -0.300724 -0.0681435 -0.172535 -0.286938 -0.0681435 -0.172535 -0.239185 -0.0128193 -0.57887 -0.22704 -0.0128193 -0.57887 -0.288579 -0.0681435 -0.172535 -0.300724 -0.0681435 -0.57887 -0.22704 -0.0128193 -0.57887 -0.213254 -0.0128193 -0.57887 -0.274793 -0.0681435 -0.57887 -0.288579 -0.0681435 -0.57887 -0.333048 -0.14079 -0.57887 -0.346833 -0.14079 -0.57887 -0.346833 -0.14079 -0.172535 -0.358978 -0.14079 -0.172535 -0.358978 -0.14079 -0.172535 -0.345193 -0.14079 -0.172535 -0.345193 -0.14079 -0.57887 -0.333048 -0.14079 -0.57887 -0.333048 0.14272 -0.172535 -0.345193 0.14272 -0.172535 -0.345193 0.14272 -0.172535 -0.358978 0.14272 -0.172535 -0.358978 0.14272 -0.57887 -0.346833 0.14272 -0.57887 -0.346833 0.14272 -0.57887 -0.333048 0.14272 0.14196 0.725361 -0.855226 0.233857 0.725361 -0.855226 0.215478 0.725361 -0.873606 0.16034 0.725361 -0.873606 0.187909 0.758987 -0.901175 0.215478 0.725361 -0.928744 0.233857 0.725361 -0.947123 0.16034 0.725361 -0.928744 0.14196 0.725361 -0.947123 0.233857 0.725361 -0.855226 0.14196 0.725361 -0.855226 0.14196 0.718418 -0.855226 0.233857 0.718418 -0.855226 0.233857 0.725361 -0.947123 0.233857 0.725361 -0.855226 0.233857 0.718418 -0.855226 0.233857 0.718418 -0.947123 0.14196 0.725361 -0.855226 0.14196 0.725361 -0.947123 0.14196 0.718418 -0.947123 0.14196 0.718418 -0.855226 0.14196 0.725361 -0.947123 0.233857 0.725361 -0.947123 0.233857 0.718418 -0.947123 0.14196 0.718418 -0.947123 0.233857 0.718418 -0.947123 0.233857 0.718418 -0.855226 0.14196 0.718418 -0.855226 0.14196 0.718418 -0.947123 -0.159095 -0.758564 0.925722 -0.160311 0.101742 0.925722 -0.187879 0.10158 0.925722 -0.186664 -0.758726 0.925722 -0.186664 -0.758726 0.925722 -0.187879 0.10158 0.925722 -0.187879 0.10158 0.898153 -0.186664 -0.758726 0.898153 -0.186664 -0.758726 0.898153 -0.187879 0.10158 0.898153 -0.160311 0.101742 0.898153 -0.159095 -0.758564 0.898153 -0.159095 -0.758564 0.898153 -0.160311 0.101742 0.898153 -0.160311 0.101742 0.925722 -0.159095 -0.758564 0.925722 -0.160311 0.101742 0.925722 -0.160311 0.101742 0.898153 -0.187879 0.10158 0.898153 -0.187879 0.10158 0.925722 -0.159095 -0.758564 0.898153 -0.159095 -0.758564 0.925722 -0.186664 -0.758726 0.925722 -0.186664 -0.758726 0.898153 -0.159095 -0.170293 0.72266 -0.160311 0.0787501 0.72266 -0.187879 0.0785878 0.72266 -0.186664 -0.170455 0.72266 -0.186664 -0.170455 0.72266 -0.187879 0.0785878 0.72266 -0.187879 0.0785878 0.695091 -0.186664 -0.170455 0.695091 -0.186664 -0.170455 0.695091 -0.187879 0.0785878 0.695091 -0.160311 0.0787501 0.695091 -0.159095 -0.170293 0.695091 -0.159095 -0.170293 0.695091 -0.160311 0.0787501 0.695091 -0.160311 0.0787501 0.72266 -0.159095 -0.170293 0.72266 -0.160311 0.0787501 0.72266 -0.160311 0.0787501 0.695091 -0.187879 0.0785878 0.695091 -0.187879 0.0785878 0.72266 -0.159095 -0.170293 0.695091 -0.159095 -0.170293 0.72266 -0.186664 -0.170455 0.72266 -0.186664 -0.170455 0.695091 -0.189025 0.057879 0.91662 -0.161456 0.057879 0.91662 -0.161456 0.0854479 0.91662 -0.189025 0.0854479 0.91662 -0.189025 0.0854479 0.91662 -0.161456 0.0854479 0.91662 -0.161456 0.0854479 -0.914723 -0.189025 0.0854479 -0.914723 -0.189025 0.0854479 -0.914723 -0.161456 0.0854479 -0.914723 -0.161456 0.057879 -0.914723 -0.189025 0.057879 -0.914723 -0.161456 0.057879 0.91662 -0.161456 0.057879 -0.914723 -0.161456 0.0854479 -0.914723 -0.161456 0.0854479 0.91662 -0.189025 0.057879 -0.914723 -0.189025 0.057879 0.91662 -0.189025 0.0854479 0.91662 -0.189025 0.0854479 -0.914723 -0.189025 -0.188888 0.91662 -0.161456 -0.188888 0.91662 -0.161456 -0.161319 0.91662 -0.189025 -0.161319 0.91662 -0.189025 -0.161319 0.91662 -0.161456 -0.161319 0.91662 -0.161456 -0.161319 -0.914723 -0.189025 -0.161319 -0.914723 -0.189025 -0.161319 -0.914723 -0.161456 -0.161319 -0.914723 -0.161456 -0.188888 -0.914723 -0.189025 -0.188888 -0.914723 -0.161456 -0.188888 0.91662 -0.161456 -0.188888 -0.914723 -0.161456 -0.161319 -0.914723 -0.161456 -0.161319 0.91662 -0.189025 -0.188888 -0.914723 -0.189025 -0.188888 0.91662 -0.189025 -0.161319 0.91662 -0.189025 -0.161319 -0.914723 -0.262182 0.279485 0.547693 -0.269074 0.286377 0.547693 -0.269074 0.286377 0.533907 -0.262182 0.279485 0.533907 -0.262182 0.286377 0.554585 -0.262182 0.279485 0.547693 0.191534 0.26734 0.547693 0.191534 0.274232 0.554585 -0.269074 0.286377 0.547693 -0.262182 0.286377 0.554585 -0.262182 0.300163 0.554585 -0.269074 0.300163 0.547693 0.191822 0.274232 0.547693 0.191534 0.26734 0.547693 0.191534 0.26734 0.533907 0.191822 0.274232 0.533907 0.191534 0.274232 0.554585 0.191822 0.274232 0.547693 0.191822 0.288018 0.547693 0.191534 0.288018 0.554585 -0.269074 0.300163 0.547693 -0.262182 0.307054 0.547693 -0.262182 0.307054 0.533907 -0.269074 0.300163 0.533907 -0.262182 0.307054 0.547693 -0.262182 0.300163 0.554585 0.191534 0.288018 0.554585 0.191534 0.294909 0.547693 0.191534 0.294909 0.547693 0.191822 0.288018 0.547693 0.191822 0.288018 0.533907 0.191534 0.294909 0.533907 -0.269074 0.300163 0.533907 -0.262182 0.300163 0.527016 -0.262182 0.286377 0.527016 -0.269074 0.286377 0.533907 -0.262182 0.300163 0.527016 -0.262182 0.307054 0.533907 0.191534 0.294909 0.533907 0.191534 0.288018 0.527016 0.191534 0.288018 0.527016 0.191822 0.288018 0.533907 0.191822 0.274232 0.533907 0.191534 0.274232 0.527016 -0.262182 0.279485 0.533907 -0.262182 0.286377 0.527016 0.191534 0.274232 0.527016 0.191534 0.26734 0.533907 -0.214801 0.0866244 0.7141 0.191534 0.0744793 0.7141 0.191534 0.0882651 0.7141 -0.214801 0.10041 0.7141 -0.262182 0.307054 0.547693 0.191534 0.294909 0.547693 0.191534 0.294909 0.533907 -0.262182 0.307054 0.533907 -0.214801 0.10041 0.3675 0.191534 0.0882651 0.3675 0.191534 0.0744793 0.3675 -0.214801 0.0866244 0.3675 -0.262182 0.279485 0.533907 0.191534 0.26734 0.533907 0.191534 0.26734 0.547693 -0.262182 0.279485 0.547693 0.191822 0.274232 0.547693 0.191822 0.274232 0.533907 0.191822 0.288018 0.533907 0.191822 0.288018 0.547693 -0.269074 0.286377 0.533907 -0.269074 0.286377 0.547693 -0.269074 0.300163 0.547693 -0.269074 0.300163 0.533907 -0.262182 0.279485 0.547693 -0.262182 0.286377 0.554585 -0.269074 0.286377 0.547693 0.191822 0.274232 0.547693 0.191534 0.274232 0.554585 0.191534 0.26734 0.547693 -0.269074 0.300163 0.547693 -0.262182 0.300163 0.554585 -0.262182 0.307054 0.547693 0.191534 0.294909 0.547693 0.191534 0.288018 0.554585 0.191822 0.288018 0.547693 -0.269074 0.300163 0.533907 -0.262182 0.307054 0.533907 -0.262182 0.300163 0.527016 0.191534 0.288018 0.527016 0.191534 0.294909 0.533907 0.191822 0.288018 0.533907 -0.269074 0.286377 0.533907 -0.262182 0.286377 0.527016 -0.262182 0.279485 0.533907 0.191534 0.26734 0.533907 0.191534 0.274232 0.527016 0.191822 0.274232 0.533907 -0.262182 0.286377 0.554585 0.191534 0.274232 0.554585 0.191534 0.160746 0.615235 -0.2148 0.179468 0.615235 0.191534 0.274232 0.554585 0.191534 0.288018 0.554585 0.191534 0.18117 0.615235 0.191534 0.160746 0.615235 0.191534 0.288018 0.554585 -0.262182 0.300163 0.554585 -0.2148 0.201594 0.615235 0.191534 0.18117 0.615235 -0.262182 0.300163 0.554585 -0.262182 0.286377 0.554585 -0.2148 0.179468 0.615235 -0.2148 0.201594 0.615235 -0.262182 0.300163 0.527016 0.191534 0.288018 0.527016 0.191534 0.179468 0.465198 -0.2148 0.19819 0.465198 0.191534 0.288018 0.527016 0.191534 0.274232 0.527016 0.191534 0.157343 0.465198 0.191534 0.179468 0.465198 0.191534 0.274232 0.527016 -0.262182 0.286377 0.527016 -0.2148 0.177765 0.465198 0.191534 0.157343 0.465198 -0.262182 0.286377 0.527016 -0.262182 0.300163 0.527016 -0.2148 0.19819 0.465198 -0.2148 0.177765 0.465198 -0.214801 0.10041 0.3675 -0.214801 0.0866244 0.3675 -0.214801 0.0866244 0.3675 0.191534 0.0744793 0.3675 0.191534 0.0744793 0.3675 0.191534 0.0882651 0.3675 0.191534 0.0882651 0.3675 -0.214801 0.10041 0.3675 -0.214801 0.10041 0.7141 0.191534 0.0882651 0.7141 0.191534 0.0882651 0.7141 0.191534 0.0744793 0.7141 0.191534 0.0744793 0.7141 -0.214801 0.0866244 0.7141 -0.214801 0.0866244 0.7141 -0.214801 0.10041 0.7141 -0.255233 0.279428 -0.55816 -0.262125 0.286319 -0.55816 -0.262125 0.286319 -0.571945 -0.255233 0.279428 -0.571945 -0.255233 0.286319 -0.551268 -0.255233 0.279428 -0.55816 0.151102 0.267283 -0.55816 0.151102 0.274174 -0.551268 -0.262125 0.286319 -0.55816 -0.255233 0.286319 -0.551268 -0.255233 0.300105 -0.551268 -0.262125 0.300105 -0.55816 0.191822 0.274174 -0.55816 0.151102 0.267283 -0.55816 0.151102 0.267283 -0.571945 0.191822 0.274174 -0.571945 0.151102 0.274174 -0.551268 0.191822 0.274174 -0.55816 0.191822 0.28796 -0.55816 0.191534 0.28796 -0.551268 -0.262125 0.300105 -0.55816 -0.255233 0.306997 -0.55816 -0.255233 0.306997 -0.571945 -0.262125 0.300105 -0.571945 -0.255233 0.306997 -0.55816 -0.255233 0.300105 -0.551268 0.191534 0.28796 -0.551268 0.191534 0.294852 -0.55816 0.191534 0.294852 -0.55816 0.191822 0.28796 -0.55816 0.191822 0.28796 -0.571945 0.191534 0.294852 -0.571945 -0.262125 0.300105 -0.571945 -0.255233 0.300105 -0.578837 -0.255233 0.286319 -0.578837 -0.262125 0.286319 -0.571945 -0.255233 0.300105 -0.578837 -0.255233 0.306997 -0.571945 0.191534 0.294852 -0.571945 0.191534 0.28796 -0.578837 0.191534 0.28796 -0.578837 0.191822 0.28796 -0.571945 0.191822 0.274174 -0.571945 0.151102 0.274174 -0.578837 -0.255233 0.279428 -0.571945 -0.255233 0.286319 -0.578837 0.151102 0.274174 -0.578837 0.151102 0.267283 -0.571945 -0.214801 0.0865668 -0.391753 0.191534 0.0744217 -0.391753 0.191534 0.0882076 -0.391753 -0.214801 0.100353 -0.391753 -0.255233 0.306997 -0.55816 0.191534 0.294852 -0.55816 0.191534 0.294852 -0.571945 -0.255233 0.306997 -0.571945 -0.214801 0.100353 -0.738352 0.191534 0.0882076 -0.738352 0.191534 0.0744217 -0.738352 -0.214801 0.0865668 -0.738352 -0.255233 0.279428 -0.571945 0.151102 0.267283 -0.571945 0.151102 0.267283 -0.55816 -0.255233 0.279428 -0.55816 0.191822 0.274174 -0.55816 0.191822 0.274174 -0.571945 0.191822 0.28796 -0.571945 0.191822 0.28796 -0.55816 -0.262125 0.286319 -0.571945 -0.262125 0.286319 -0.55816 -0.262125 0.300105 -0.55816 -0.262125 0.300105 -0.571945 -0.255233 0.279428 -0.55816 -0.255233 0.286319 -0.551268 -0.262125 0.286319 -0.55816 0.191822 0.274174 -0.55816 0.151102 0.274174 -0.551268 0.151102 0.267283 -0.55816 -0.262125 0.300105 -0.55816 -0.255233 0.300105 -0.551268 -0.255233 0.306997 -0.55816 0.191534 0.294852 -0.55816 0.191534 0.28796 -0.551268 0.191822 0.28796 -0.55816 -0.262125 0.300105 -0.571945 -0.255233 0.306997 -0.571945 -0.255233 0.300105 -0.578837 0.191534 0.28796 -0.578837 0.191534 0.294852 -0.571945 0.191822 0.28796 -0.571945 -0.262125 0.286319 -0.571945 -0.255233 0.286319 -0.578837 -0.255233 0.279428 -0.571945 0.151102 0.267283 -0.571945 0.151102 0.274174 -0.578837 0.191822 0.274174 -0.571945 -0.255233 0.286319 -0.551268 0.151102 0.274174 -0.551268 0.191534 0.160688 -0.490618 -0.2148 0.17941 -0.490618 0.151102 0.274174 -0.551268 0.191534 0.28796 -0.551268 0.191534 0.181113 -0.490618 0.191534 0.160688 -0.490618 0.191534 0.28796 -0.551268 -0.255233 0.300105 -0.551268 -0.2148 0.201536 -0.490618 0.191534 0.181113 -0.490618 -0.255233 0.300105 -0.551268 -0.255233 0.286319 -0.551268 -0.2148 0.17941 -0.490618 -0.2148 0.201536 -0.490618 -0.255233 0.300105 -0.578837 0.191534 0.28796 -0.578837 0.191534 0.17941 -0.640654 -0.2148 0.198132 -0.640654 0.191534 0.28796 -0.578837 0.151102 0.274174 -0.578837 0.191534 0.157285 -0.640654 0.191534 0.17941 -0.640654 0.151102 0.274174 -0.578837 -0.255233 0.286319 -0.578837 -0.2148 0.177707 -0.640654 0.191534 0.157285 -0.640654 -0.255233 0.286319 -0.578837 -0.255233 0.300105 -0.578837 -0.2148 0.198132 -0.640654 -0.2148 0.177707 -0.640654 -0.214801 0.100353 -0.738352 -0.214801 0.0865668 -0.738352 -0.214801 0.0865668 -0.738352 0.191534 0.0744217 -0.738352 0.191534 0.0744217 -0.738352 0.191534 0.0882076 -0.738352 0.191534 0.0882076 -0.738352 -0.214801 0.100353 -0.738352 -0.214801 0.100353 -0.391753 0.191534 0.0882076 -0.391753 0.191534 0.0882076 -0.391753 0.191534 0.0744217 -0.391753 0.191534 0.0744217 -0.391753 -0.214801 0.0865668 -0.391753 -0.214801 0.0865668 -0.391753 -0.214801 0.100353 -0.391753 -0.159095 -0.170293 -0.145266 -0.160311 0.0787501 -0.145266 -0.187879 0.0785878 -0.145266 -0.186664 -0.170455 -0.145266 -0.186664 -0.170455 -0.145266 -0.187879 0.0785878 -0.145266 -0.187879 0.0785878 -0.172835 -0.186664 -0.170455 -0.172835 -0.186664 -0.170455 -0.172835 -0.187879 0.0785878 -0.172835 -0.160311 0.0787501 -0.172835 -0.159095 -0.170293 -0.172835 -0.159095 -0.170293 -0.172835 -0.160311 0.0787501 -0.172835 -0.160311 0.0787501 -0.145266 -0.159095 -0.170293 -0.145266 -0.160311 0.0787501 -0.145266 -0.160311 0.0787501 -0.172835 -0.187879 0.0785878 -0.172835 -0.187879 0.0785878 -0.145266 -0.159095 -0.170293 -0.172835 -0.159095 -0.170293 -0.145266 -0.186664 -0.170455 -0.145266 -0.186664 -0.170455 -0.172835 -0.159095 -0.170293 -0.382701 -0.160311 0.0787501 -0.382701 -0.187879 0.0785878 -0.382701 -0.186664 -0.170455 -0.382701 -0.186664 -0.170455 -0.382701 -0.187879 0.0785878 -0.382701 -0.187879 0.0785878 -0.41027 -0.186664 -0.170455 -0.41027 -0.186664 -0.170455 -0.41027 -0.187879 0.0785878 -0.41027 -0.160311 0.0787501 -0.41027 -0.159095 -0.170293 -0.41027 -0.159095 -0.170293 -0.41027 -0.160311 0.0787501 -0.41027 -0.160311 0.0787501 -0.382701 -0.159095 -0.170293 -0.382701 -0.160311 0.0787501 -0.382701 -0.160311 0.0787501 -0.41027 -0.187879 0.0785878 -0.41027 -0.187879 0.0785878 -0.382701 -0.159095 -0.170293 -0.41027 -0.159095 -0.170293 -0.382701 -0.186664 -0.170455 -0.382701 -0.186664 -0.170455 -0.41027 -0.159095 -0.170293 0.397514 -0.160311 0.0787501 0.397514 -0.187879 0.0785878 0.397514 -0.186664 -0.170455 0.397514 -0.186664 -0.170455 0.397514 -0.187879 0.0785878 0.397514 -0.187879 0.0785878 0.369945 -0.186664 -0.170455 0.369945 -0.186664 -0.170455 0.369945 -0.187879 0.0785878 0.369945 -0.160311 0.0787501 0.369945 -0.159095 -0.170293 0.369945 -0.159095 -0.170293 0.369945 -0.160311 0.0787501 0.369945 -0.160311 0.0787501 0.397514 -0.159095 -0.170293 0.397514 -0.160311 0.0787501 0.397514 -0.160311 0.0787501 0.369945 -0.187879 0.0785878 0.369945 -0.187879 0.0785878 0.397514 -0.159095 -0.170293 0.369945 -0.159095 -0.170293 0.397514 -0.186664 -0.170455 0.397514 -0.186664 -0.170455 0.369945 -0.159095 -0.170293 0.18156 -0.160311 0.0787501 0.18156 -0.187879 0.0785878 0.18156 -0.186664 -0.170455 0.18156 -0.186664 -0.170455 0.18156 -0.187879 0.0785878 0.18156 -0.187879 0.0785878 0.153991 -0.186664 -0.170455 0.153991 -0.186664 -0.170455 0.153991 -0.187879 0.0785878 0.153991 -0.160311 0.0787501 0.153991 -0.159095 -0.170293 0.153991 -0.159095 -0.170293 0.153991 -0.160311 0.0787501 0.153991 -0.160311 0.0787501 0.18156 -0.159095 -0.170293 0.18156 -0.160311 0.0787501 0.18156 -0.160311 0.0787501 0.153991 -0.187879 0.0785878 0.153991 -0.187879 0.0785878 0.18156 -0.159095 -0.170293 0.153991 -0.159095 -0.170293 0.18156 -0.186664 -0.170455 0.18156 -0.186664 -0.170455 0.153991 -0.382393 -0.757717 -0.455582 -0.354824 -0.757717 -0.455582 -0.354824 -0.326531 -0.455582 -0.382393 -0.337551 -0.455582 -0.382393 -0.337551 -0.455582 -0.354824 -0.326531 -0.455582 -0.354824 -0.326531 -0.483151 -0.382393 -0.337551 -0.483151 -0.382393 -0.337551 -0.483151 -0.354824 -0.326531 -0.483151 -0.354824 -0.757717 -0.483151 -0.382393 -0.757717 -0.483151 -0.354824 -0.757717 -0.455582 -0.354824 -0.757717 -0.483151 -0.354824 -0.326531 -0.483151 -0.354824 -0.326531 -0.455582 -0.382393 -0.757717 -0.483151 -0.382393 -0.757717 -0.455582 -0.382393 -0.337551 -0.455582 -0.382393 -0.337551 -0.483151 -0.516661 -0.666157 0.100818 -0.15232 -0.666157 0.100818 -0.15232 -0.670449 -0.00732964 -0.516661 -0.675392 0.0034839 -0.15232 -0.670449 -0.00732964 -0.15232 -0.666157 0.100818 -0.15232 -0.719506 0.100818 -0.15232 -0.714251 -0.00192287 -0.585282 -0.758054 0.0034839 -0.584527 -0.758054 0.100818 -0.584527 -0.723671 0.104498 -0.584527 -0.728548 0.00813158 -0.515118 -0.719506 -0.000981587 -0.516661 -0.719506 0.100818 -0.516661 -0.666157 0.100818 -0.516661 -0.675392 0.0034839 -0.516661 -0.719506 0.100818 -0.515118 -0.719506 -0.000981587 -0.584527 -0.728548 0.00813158 -0.584527 -0.723671 0.104498 -0.516457 -0.72209 -0.106931 -0.516661 -0.666157 -0.106024 -0.516457 -0.72209 -0.106931 -0.584527 -0.724674 -0.107838 -0.584527 -0.758054 -0.106024 -0.584527 -0.724674 -0.107838 -0.15232 -0.666157 -0.106024 -0.516661 -0.666157 -0.106024 -0.516457 -0.72209 -0.106931 -0.516661 -0.666157 -0.106024 -0.15232 -0.666157 -0.106024 -0.15232 -0.719506 -0.106024 -0.516457 -0.72209 -0.106931 -0.515417 -0.758054 -0.106024 -0.584527 -0.758054 -0.106024 -0.584527 -0.724674 -0.107838 -0.15232 -0.719506 -0.106024 -0.15232 -0.758054 -0.106024 -0.15232 -0.719506 -0.106024 -0.15232 -0.758054 0.0034839 -0.15232 -0.758054 -0.106024 -0.15232 -0.758054 0.100818 -0.15232 -0.666157 -0.106024 -0.15232 -0.758054 0.100818 -0.15232 -0.719506 0.100818 -0.516661 -0.719506 0.100818 -0.515314 -0.758054 0.100818 -0.516661 -0.666157 0.100818 -0.516661 -0.719506 0.100818 -0.15232 -0.719506 0.100818 -0.15232 -0.666157 0.100818 -0.584527 -0.723671 0.104498 -0.584527 -0.758054 0.100818 -0.381872 -0.758054 0.886256 -0.354303 -0.758054 0.886256 -0.354303 -0.730485 0.886256 -0.381872 -0.730485 0.886256 -0.381872 -0.730485 0.886256 -0.354303 -0.730485 0.886256 -0.354303 -0.730485 0.092829 -0.381872 -0.730485 0.092829 -0.381872 -0.730485 0.092829 -0.354303 -0.730485 0.092829 -0.354303 -0.758054 0.092829 -0.381872 -0.758054 0.092829 -0.354303 -0.758054 0.886256 -0.354303 -0.758054 0.092829 -0.354303 -0.730485 0.092829 -0.354303 -0.730485 0.886256 -0.381872 -0.758054 0.092829 -0.381872 -0.758054 0.886256 -0.381872 -0.730485 0.886256 -0.381872 -0.730485 0.092829 -0.381872 -0.758054 -0.0906482 -0.354303 -0.758054 -0.0906482 -0.354303 -0.730485 -0.0906482 -0.381872 -0.730485 -0.0906482 -0.381872 -0.730485 -0.0906482 -0.354303 -0.730485 -0.0906482 -0.354303 -0.730485 -0.884075 -0.381872 -0.730485 -0.884075 -0.381872 -0.730485 -0.884075 -0.354303 -0.730485 -0.884075 -0.354303 -0.758054 -0.884075 -0.381872 -0.758054 -0.884075 -0.354303 -0.758054 -0.0906482 -0.354303 -0.758054 -0.884075 -0.354303 -0.730485 -0.884075 -0.354303 -0.730485 -0.0906482 -0.381872 -0.758054 -0.884075 -0.381872 -0.758054 -0.0906482 -0.381872 -0.730485 -0.0906482 -0.381872 -0.730485 -0.884075 -0.370837 -0.758054 0.91083 -0.164353 -0.758054 0.91083 -0.164353 -0.730485 0.91083 -0.370837 -0.730485 0.91083 -0.370837 -0.730485 0.91083 -0.164353 -0.730485 0.91083 -0.164353 -0.730485 0.883261 -0.370837 -0.730485 0.883261 -0.370837 -0.730485 0.883261 -0.164353 -0.730485 0.883261 -0.164353 -0.758054 0.883261 -0.370837 -0.758054 0.883261 -0.164353 -0.758054 0.91083 -0.164353 -0.758054 0.883261 -0.164353 -0.730485 0.883261 -0.164353 -0.730485 0.91083 -0.370837 -0.758054 0.883261 -0.370837 -0.758054 0.91083 -0.370837 -0.730485 0.91083 -0.370837 -0.730485 0.883261 -0.370837 -0.582205 -0.882491 -0.164353 -0.582205 -0.882491 -0.164353 -0.554636 -0.882491 -0.370837 -0.554636 -0.882491 -0.370837 -0.554636 -0.882491 -0.164353 -0.554636 -0.882491 -0.164353 -0.554636 -0.910059 -0.370837 -0.554636 -0.910059 -0.370837 -0.554636 -0.910059 -0.164353 -0.554636 -0.910059 -0.164353 -0.582205 -0.910059 -0.370837 -0.582205 -0.910059 -0.370837 -0.582205 -0.910059 -0.164353 -0.582205 -0.910059 -0.164353 -0.582205 -0.882491 -0.370837 -0.582205 -0.882491 -0.164353 -0.582205 -0.882491 -0.164353 -0.582205 -0.910059 -0.164353 -0.554636 -0.910059 -0.164353 -0.554636 -0.882491 -0.370837 -0.582205 -0.910059 -0.370837 -0.582205 -0.882491 -0.370837 -0.554636 -0.882491 -0.370837 -0.554636 -0.910059 -0.370837 -0.758054 -0.882491 -0.164353 -0.758054 -0.882491 -0.164353 -0.730485 -0.882491 -0.370837 -0.730485 -0.882491 -0.370837 -0.730485 -0.882491 -0.164353 -0.730485 -0.882491 -0.164353 -0.730485 -0.910059 -0.370837 -0.730485 -0.910059 -0.370837 -0.730485 -0.910059 -0.164353 -0.730485 -0.910059 -0.164353 -0.758054 -0.910059 -0.370837 -0.758054 -0.910059 -0.164353 -0.758054 -0.882491 -0.164353 -0.758054 -0.910059 -0.164353 -0.730485 -0.910059 -0.164353 -0.730485 -0.882491 -0.370837 -0.758054 -0.910059 -0.370837 -0.758054 -0.882491 -0.370837 -0.730485 -0.882491 -0.370837 -0.730485 -0.910059 -0.381872 -0.584202 0.888214 -0.354303 -0.584202 0.888214 -0.354303 -0.556633 0.888214 -0.381872 -0.556633 0.888214 -0.381872 -0.556633 0.888214 -0.354303 -0.556633 0.888214 -0.354303 -0.556633 0.0947869 -0.381872 -0.556633 0.0947869 -0.381872 -0.556633 0.0947869 -0.354303 -0.556633 0.0947869 -0.354303 -0.584202 0.0947869 -0.381872 -0.584202 0.0947869 -0.381872 -0.584202 0.0947869 -0.354303 -0.584202 0.0947869 -0.354303 -0.584202 0.888214 -0.381872 -0.584202 0.888214 -0.354303 -0.584202 0.888214 -0.354303 -0.584202 0.0947869 -0.354303 -0.556633 0.0947869 -0.354303 -0.556633 0.888214 -0.381872 -0.584202 0.0947869 -0.381872 -0.584202 0.888214 -0.381872 -0.556633 0.888214 -0.381872 -0.556633 0.0947869 -0.381872 -0.584202 -0.0957886 -0.354303 -0.584202 -0.0957886 -0.354303 -0.556633 -0.0957886 -0.381872 -0.556633 -0.0957886 -0.381872 -0.556633 -0.0957886 -0.354303 -0.556633 -0.0957886 -0.354303 -0.556633 -0.889215 -0.381872 -0.556633 -0.889215 -0.381872 -0.556633 -0.889215 -0.354303 -0.556633 -0.889215 -0.354303 -0.584202 -0.889215 -0.381872 -0.584202 -0.889215 -0.381872 -0.584202 -0.889215 -0.354303 -0.584202 -0.889215 -0.354303 -0.584202 -0.0957886 -0.381872 -0.584202 -0.0957886 -0.354303 -0.584202 -0.0957886 -0.354303 -0.584202 -0.889215 -0.354303 -0.556633 -0.889215 -0.354303 -0.556633 -0.0957886 -0.381872 -0.584202 -0.889215 -0.381872 -0.584202 -0.0957886 -0.381872 -0.556633 -0.0957886 -0.381872 -0.556633 -0.889215 0.187909 -0.197093 0.918681 0.187909 -0.758054 0.918681 0.555495 -0.758054 0.918681 0.555495 -0.197093 0.918681 0.249033 0.622528 0.690228 0.247254 0.630018 0.918491 0.585388 0.0877347 0.918491 0.585317 0.0878468 0.690228 -0.179677 -0.197093 -0.919248 0.187909 -0.197093 -0.919248 0.187909 -0.758054 -0.919248 -0.179677 -0.758054 -0.919248 0.555495 -0.758054 0.918681 0.555495 -0.758054 0.690532 0.555495 -0.197093 0.690532 0.555495 -0.197093 0.918681 -0.179677 -0.758054 0.690532 -0.179677 -0.758054 0.918681 -0.179677 -0.197093 0.918681 -0.179677 -0.197093 0.690532 0.130929 0.62057 0.690268 0.132774 0.628165 0.918515 0.188269 0.642416 0.917268 0.188223 0.634749 0.688629 0.555495 -0.197093 -0.919248 0.555495 -0.758054 -0.919248 -0.179677 -0.758054 0.918681 -0.179677 -0.197093 0.918681 -0.179677 -0.176982 0.690532 -0.179677 -0.17017 0.918681 -0.179677 0.0690146 0.918681 -0.179677 0.0690146 0.690532 -0.179677 0.0690146 -0.919248 0.187909 0.0690148 -0.919248 0.187909 -0.17017 -0.919248 -0.179677 -0.17017 -0.919248 0.555495 -0.17017 -0.919248 0.555495 0.0690146 -0.919248 0.555495 -0.17017 0.918681 0.555495 -0.17017 0.690532 0.555495 0.0690146 0.690532 0.555495 0.0690146 0.918681 0.187909 0.0690148 0.918681 0.187909 -0.17017 0.918681 0.555495 -0.17017 0.918681 0.555495 0.0690146 0.918681 -0.179677 -0.17017 0.918681 -0.179677 0.0690146 0.918681 -0.410863 -0.35581 0.690532 -0.410863 -0.35581 0.918681 -0.410863 -0.328888 0.918681 -0.410863 -0.3357 0.690532 -0.179677 -0.17017 -0.919248 0.187909 -0.17017 -0.919248 0.555495 -0.17017 -0.919248 0.555495 -0.17017 0.690532 0.555495 -0.17017 0.918681 0.187909 -0.17017 0.918681 0.555495 -0.17017 0.918681 -0.179677 -0.17017 0.918681 -0.179677 -0.197093 0.690532 -0.179677 -0.197093 0.918681 -0.305132 -0.308599 0.918681 -0.305132 -0.308599 0.690532 -0.179677 -0.197093 0.918681 -0.179677 -0.17017 0.918681 -0.305132 -0.281677 0.918681 -0.305132 -0.308599 0.918681 -0.179677 -0.17017 0.918681 -0.179677 -0.176982 0.690532 -0.305132 -0.288489 0.690532 -0.305132 -0.281677 0.918681 -0.179677 -0.17017 -0.919248 -0.179677 -0.197093 -0.919248 -0.305132 -0.3072 -0.919248 -0.305132 -0.280278 -0.919248 0.555495 0.0690146 -0.919248 0.187909 0.0690148 -0.919248 0.187909 0.586209 -0.919248 0.23227 0.586293 -0.919248 0.187909 0.0690148 -0.919248 -0.179677 0.0690146 -0.919248 0.143442 0.586126 -0.919248 0.187909 0.586209 -0.919248 -0.179677 0.0690146 0.918681 0.187909 0.0690148 0.918681 0.187909 0.611581 0.918681 0.15881 0.61186 0.918681 0.187909 0.0690148 0.918681 0.555495 0.0690146 0.918681 0.21736 0.611298 0.918681 0.187909 0.611581 0.918681 -0.205714 0.0853192 0.918515 0.132774 0.628165 0.918515 0.130929 0.62057 0.690268 -0.205651 0.0854168 0.690268 0.188223 0.634749 0.688629 0.188269 0.642416 0.917268 0.247254 0.630018 0.918491 0.249033 0.622528 0.690228 -0.179677 -0.173428 -0.156278 -0.179677 -0.173428 0.16127 -0.179677 0.0690146 0.16127 -0.179677 0.0690146 -0.156278 -0.305132 -0.284935 0.16127 -0.179677 -0.173428 0.16127 -0.179677 -0.173428 -0.156278 -0.305132 -0.284935 -0.156278 -0.410863 -0.35581 -0.156278 -0.410863 -0.35581 0.16127 -0.410863 -0.332146 0.16127 -0.410863 -0.332146 -0.156278 -0.179677 -0.197093 -0.156278 -0.179677 -0.197093 0.16127 -0.305132 -0.308599 0.16127 -0.305132 -0.308599 -0.156278 -0.179677 -0.758054 -0.156278 -0.179677 -0.758054 0.16127 -0.179677 -0.197093 0.16127 -0.179677 -0.197093 -0.156278 0.555495 -0.197093 0.16127 0.555495 -0.758054 0.16127 0.555495 -0.758054 -0.156278 0.555495 -0.197093 -0.156278 0.555495 -0.17017 0.16127 0.555495 -0.17017 -0.156278 0.555495 0.0690146 0.16127 0.555495 -0.17017 0.16127 0.555495 -0.17017 -0.156278 0.555495 0.0690146 -0.156278 0.255141 0.553141 -0.156286 0.252819 0.590905 0.160468 0.584808 0.0886097 0.160468 0.584555 0.0889766 -0.156286 0.187988 0.564104 -0.156823 0.188059 0.602118 0.157334 0.252819 0.590905 0.160468 0.255141 0.553141 -0.156286 0.124511 0.550701 -0.156285 0.126946 0.588638 0.160571 0.188059 0.602118 0.157334 0.187988 0.564104 -0.156823 -0.205209 0.0860808 0.160571 0.126946 0.588638 0.160571 0.124511 0.550701 -0.156285 -0.204988 0.0864004 -0.156285 -0.179677 -0.17965 -0.412756 -0.179677 0.0690146 -0.412756 -0.179677 -0.17965 -0.412756 -0.305132 -0.291157 -0.412756 -0.410863 -0.35581 -0.412756 -0.410863 -0.338368 -0.412756 -0.179677 -0.197093 -0.412756 -0.305132 -0.308599 -0.412756 -0.179677 -0.758054 -0.412756 -0.179677 -0.197093 -0.412756 0.555495 -0.758054 -0.412756 0.555495 -0.197093 -0.412756 0.555495 -0.17017 -0.412756 0.555495 -0.17017 -0.412756 0.555495 0.0690146 -0.412756 0.257462 0.576977 -0.411724 0.255141 0.553141 -0.156286 0.584555 0.0889766 -0.156286 0.584795 0.0886184 -0.411724 0.122158 0.574482 -0.411857 0.124511 0.550701 -0.156285 0.187988 0.564104 -0.156823 0.187925 0.58807 -0.408855 -0.204988 0.0864004 -0.156285 0.124511 0.550701 -0.156285 0.122158 0.574482 -0.411857 -0.205197 0.0860887 -0.411857 -0.179677 -0.17965 -0.719099 -0.179677 0.0690146 -0.719099 -0.179677 -0.17965 -0.719099 -0.305132 -0.289758 -0.719099 -0.410863 -0.353232 -0.719099 -0.410863 -0.33579 -0.719099 -0.179677 -0.197093 -0.719099 -0.305132 -0.3072 -0.719099 -0.179677 -0.758054 -0.719099 -0.179677 -0.197093 -0.719099 0.555495 -0.758054 -0.719099 0.555495 -0.197093 -0.719099 0.555495 -0.17017 -0.719099 0.555495 -0.17017 -0.719099 0.555495 0.0690146 -0.719099 0.260377 0.604479 -0.718519 0.257462 0.576977 -0.411724 0.584795 0.0886184 -0.411724 0.585225 0.0879795 -0.718519 0.187871 0.616283 -0.717094 0.187925 0.58807 -0.408855 0.257462 0.576977 -0.411724 0.260377 0.604479 -0.718519 0.119222 0.601944 -0.718594 0.122158 0.574482 -0.411857 0.187925 0.58807 -0.408855 0.187871 0.616283 -0.717094 -0.205197 0.0860887 -0.411857 0.122158 0.574482 -0.411857 0.119222 0.601944 -0.718594 -0.205571 0.0855323 -0.718594 -0.179677 -0.17017 -0.919248 -0.179677 0.0690146 -0.919248 -0.179677 -0.17017 -0.919248 -0.305132 -0.280278 -0.919248 -0.410863 -0.353232 -0.919248 -0.410863 -0.32631 -0.919248 -0.179677 -0.197093 -0.919248 -0.305132 -0.3072 -0.919248 -0.179677 -0.758054 -0.919248 -0.179677 -0.197093 -0.919248 0.555495 -0.758054 -0.919248 0.555495 -0.197093 -0.919248 0.555495 -0.17017 -0.919248 0.555495 -0.17017 -0.919248 0.555495 0.0690146 -0.919248 0.262155 0.605027 -0.919091 0.260377 0.604479 -0.718519 0.585225 0.0879795 -0.718519 0.58538 0.0877495 -0.919091 0.187847 0.617069 -0.919093 0.187871 0.616283 -0.717094 0.260377 0.604479 -0.718519 0.262155 0.605027 -0.919091 0.117414 0.602443 -0.919111 0.119222 0.601944 -0.718594 0.187871 0.616283 -0.717094 0.187847 0.617069 -0.919093 -0.205571 0.0855323 -0.718594 0.119222 0.601944 -0.718594 0.117414 0.602443 -0.919111 -0.205706 0.0853318 -0.919111 -0.179677 -0.176982 0.390483 -0.179677 0.0690146 0.390483 -0.305132 -0.288489 0.390483 -0.179677 -0.176982 0.390483 -0.410863 -0.35581 0.390483 -0.410863 -0.3357 0.390483 -0.179677 -0.197093 0.390483 -0.305132 -0.308599 0.390483 -0.179677 -0.758054 0.390483 -0.179677 -0.197093 0.390483 0.555495 -0.197093 0.390483 0.555495 -0.758054 0.390483 0.555495 -0.17017 0.390483 0.555495 0.0690146 0.390483 0.555495 -0.17017 0.390483 0.252819 0.590905 0.160468 0.251287 0.605818 0.390011 0.585136 0.0881261 0.390011 0.584808 0.0886097 0.160468 0.188059 0.602118 0.157334 0.188136 0.617663 0.38787 0.251287 0.605818 0.390011 0.252819 0.590905 0.160468 0.126946 0.588638 0.160571 0.128577 0.603704 0.390072 0.188136 0.617663 0.38787 0.188059 0.602118 0.157334 -0.205494 0.0856599 0.390072 0.128577 0.603704 0.390072 0.126946 0.588638 0.160571 -0.205209 0.0860808 0.160571 0.251287 0.605818 0.390011 0.249033 0.622528 0.690228 0.585317 0.0878468 0.690228 0.585136 0.0881261 0.390011 0.188136 0.617663 0.38787 0.188223 0.634749 0.688629 0.249033 0.622528 0.690228 0.251287 0.605818 0.390011 0.128577 0.603704 0.390072 0.130929 0.62057 0.690268 0.188223 0.634749 0.688629 0.188136 0.617663 0.38787 -0.205651 0.0854168 0.690268 0.130929 0.62057 0.690268 0.128577 0.603704 0.390072 -0.205494 0.0856599 0.390072 -0.18005 0.0692471 1 0.158967 0.613524 0.99997 0.132931 0.629829 0.999804 -0.206086 0.0855516 0.999834 -0.179677 0.0690146 0.690532 -0.179677 0.0690146 0.918681 -0.205714 0.0853192 0.918515 -0.205651 0.0854168 0.690268 -0.179677 0.0690146 -0.156278 -0.179677 0.0690146 0.16127 -0.205209 0.0860808 0.160571 -0.204988 0.0864004 -0.156285 -0.179677 0.0690146 -0.412756 -0.205197 0.0860887 -0.411857 -0.179677 0.0690146 -0.719099 -0.205571 0.0855323 -0.718594 0.143265 0.586459 -1 -0.179983 0.0692059 -1 -0.206012 0.0855231 -0.999863 0.117237 0.602776 -0.999862 -0.179677 0.0690146 -0.919248 -0.205706 0.0853318 -0.919111 -0.179677 0.0690146 0.390483 -0.205494 0.0856599 0.390072 0.217204 0.612939 0.999971 0.555868 0.0692472 1 0.585761 0.0879673 0.999809 0.247098 0.631659 0.99978 0.555495 0.0690146 0.918681 0.555495 0.0690146 0.690532 0.585317 0.0878468 0.690228 0.585388 0.0877347 0.918491 0.555495 0.0690146 0.16127 0.555495 0.0690146 -0.156278 0.584555 0.0889766 -0.156286 0.584808 0.0886097 0.160468 0.555495 0.0690146 -0.412756 0.584795 0.0886184 -0.411724 0.555495 0.0690146 -0.719099 0.585225 0.0879795 -0.718519 0.555495 0.0690146 -0.919248 0.58538 0.0877495 -0.919091 0.5558 0.0692059 -1 0.232448 0.586628 -0.999999 0.262333 0.605363 -0.999842 0.585685 0.0879407 -0.999842 0.555495 0.0690146 0.390483 0.585136 0.0881261 0.390011 0.158967 0.613524 0.99997 0.187909 0.614653 0.99994 0.188269 0.645487 0.998527 0.132931 0.629829 0.999804 0.187909 0.614653 0.99994 0.217204 0.612939 0.999971 0.247098 0.631659 0.99978 0.188269 0.645487 0.998527 0.232448 0.586628 -0.999999 0.18791 0.586687 -0.999999 0.187848 0.617546 -0.999844 0.262333 0.605363 -0.999842 0.18791 0.586687 -0.999999 0.143265 0.586459 -1 0.117237 0.602776 -0.999862 0.187848 0.617546 -0.999844 -0.179677 0.0690146 0.918681 0.15881 0.61186 0.918681 0.158967 0.613524 0.99997 -0.18005 0.0692471 1 0.132774 0.628165 0.918515 -0.205714 0.0853192 0.918515 -0.206086 0.0855516 0.999834 0.132931 0.629829 0.999804 -0.18005 0.0692471 1 -0.206086 0.0855516 0.999834 0.21736 0.611298 0.918681 0.555495 0.0690146 0.918681 0.555868 0.0692472 1 0.217204 0.612939 0.999971 0.585761 0.0879673 0.999809 0.555868 0.0692472 1 0.585388 0.0877347 0.918491 0.247254 0.630018 0.918491 0.247098 0.631659 0.99978 0.585761 0.0879673 0.999809 0.15881 0.61186 0.918681 0.187909 0.611581 0.918681 0.187909 0.614653 0.99994 0.158967 0.613524 0.99997 0.188269 0.642416 0.917268 0.132774 0.628165 0.918515 0.132931 0.629829 0.999804 0.188269 0.645487 0.998527 0.187909 0.611581 0.918681 0.21736 0.611298 0.918681 0.217204 0.612939 0.999971 0.187909 0.614653 0.99994 0.247254 0.630018 0.918491 0.188269 0.642416 0.917268 0.188269 0.645487 0.998527 0.247098 0.631659 0.99978 0.143442 0.586126 -0.919248 -0.179677 0.0690146 -0.919248 -0.179983 0.0692059 -1 0.143265 0.586459 -1 -0.206012 0.0855231 -0.999863 -0.179983 0.0692059 -1 -0.205706 0.0853318 -0.919111 0.117414 0.602443 -0.919111 0.117237 0.602776 -0.999862 -0.206012 0.0855231 -0.999863 0.555495 0.0690146 -0.919248 0.23227 0.586293 -0.919248 0.232448 0.586628 -0.999999 0.5558 0.0692059 -1 0.262155 0.605027 -0.919091 0.58538 0.0877495 -0.919091 0.585685 0.0879407 -0.999842 0.262333 0.605363 -0.999842 0.5558 0.0692059 -1 0.585685 0.0879407 -0.999842 0.23227 0.586293 -0.919248 0.187909 0.586209 -0.919248 0.18791 0.586687 -0.999999 0.232448 0.586628 -0.999999 0.187847 0.617069 -0.919093 0.262155 0.605027 -0.919091 0.262333 0.605363 -0.999842 0.187848 0.617546 -0.999844 0.187909 0.586209 -0.919248 0.143442 0.586126 -0.919248 0.143265 0.586459 -1 0.18791 0.586687 -0.999999 0.117414 0.602443 -0.919111 0.187847 0.617069 -0.919093 0.187848 0.617546 -0.999844 0.117237 0.602776 -0.999862 0.187988 0.564104 -0.156823 0.255141 0.553141 -0.156286 0.257462 0.576977 -0.411724 0.187925 0.58807 -0.408855 -0.410863 -0.33579 -0.719099 -0.410863 -0.32631 -0.919248 -0.410863 -0.338368 -0.412756 -0.410863 -0.332146 -0.156278 -0.410863 -0.332146 0.16127 -0.410863 -0.3357 0.390483 -0.410863 -0.3357 0.690532 -0.410863 -0.328888 0.918681 -0.410863 -0.328888 0.918681 -0.410863 -0.35581 0.918681 -0.410863 -0.35581 0.918681 -0.410863 -0.35581 0.690532 -0.410863 -0.35581 0.390483 -0.410863 -0.35581 0.16127 -0.410863 -0.35581 -0.156278 -0.410863 -0.35581 -0.412756 -0.410863 -0.353232 -0.719099 -0.410863 -0.353232 -0.919248 -0.410863 -0.353232 -0.919248 -0.410863 -0.32631 -0.919248 0.562855 -0.758564 -0.901248 0.561639 0.117885 -0.901248 0.534071 0.117723 -0.901248 0.535286 -0.758726 -0.901248 0.535286 -0.758726 -0.901248 0.534071 0.117723 -0.901248 0.534071 0.117723 -0.928816 0.535286 -0.758726 -0.928816 0.535286 -0.758726 -0.928816 0.534071 0.117723 -0.928816 0.561639 0.117885 -0.928816 0.562855 -0.758564 -0.928816 0.562855 -0.758564 -0.928816 0.561639 0.117885 -0.928816 0.561639 0.117885 -0.901248 0.562855 -0.758564 -0.901248 0.561639 0.117885 -0.901248 0.561639 0.117885 -0.928816 0.534071 0.117723 -0.928816 0.534071 0.117723 -0.901248 0.562855 -0.758564 -0.928816 0.562855 -0.758564 -0.901248 0.535286 -0.758726 -0.901248 0.535286 -0.758726 -0.928816 0.562855 -0.758564 0.925722 0.561639 0.120501 0.925722 0.534071 0.120339 0.925722 0.535286 -0.758726 0.925722 0.535286 -0.758726 0.925722 0.534071 0.120339 0.925722 0.534071 0.120339 0.898153 0.535286 -0.758726 0.898153 0.535286 -0.758726 0.898153 0.534071 0.120339 0.898153 0.561639 0.120501 0.898153 0.562855 -0.758564 0.898153 0.562855 -0.758564 0.898153 0.561639 0.120501 0.898153 0.561639 0.120501 0.925722 0.562855 -0.758564 0.925722 0.561639 0.120501 0.925722 0.561639 0.120501 0.898153 0.534071 0.120339 0.898153 0.534071 0.120339 0.925722 0.562855 -0.758564 0.898153 0.562855 -0.758564 0.925722 0.535286 -0.758726 0.925722 0.535286 -0.758726 0.898153 0.551519 0.073843 0.924618 0.551519 0.073843 0.897049 0.551519 0.101412 0.897049 0.551519 0.101412 0.924618 0.551519 0.101412 0.924618 0.551519 0.101412 0.897049 -0.173027 0.101412 0.897049 -0.173027 0.101412 0.924618 -0.173027 0.101412 0.924618 -0.173027 0.101412 0.897049 -0.173027 0.073843 0.897049 -0.173027 0.073843 0.924618 -0.173027 0.073843 0.924618 -0.173027 0.073843 0.897049 0.551519 0.073843 0.897049 0.551519 0.073843 0.924618 0.551519 0.073843 0.897049 -0.173027 0.073843 0.897049 -0.173027 0.101412 0.897049 0.551519 0.101412 0.897049 -0.173027 0.073843 0.924618 0.551519 0.073843 0.924618 0.551519 0.101412 0.924618 -0.173027 0.101412 0.924618 -0.159095 -0.170293 -0.708074 -0.160311 0.0787501 -0.708074 -0.187879 0.0785878 -0.708074 -0.186664 -0.170455 -0.708074 -0.186664 -0.170455 -0.708074 -0.187879 0.0785878 -0.708074 -0.187879 0.0785878 -0.735643 -0.186664 -0.170455 -0.735643 -0.186664 -0.170455 -0.735643 -0.187879 0.0785878 -0.735643 -0.160311 0.0787501 -0.735643 -0.159095 -0.170293 -0.735643 -0.159095 -0.170293 -0.735643 -0.160311 0.0787501 -0.735643 -0.160311 0.0787501 -0.708074 -0.159095 -0.170293 -0.708074 -0.160311 0.0787501 -0.708074 -0.160311 0.0787501 -0.735643 -0.187879 0.0785878 -0.735643 -0.187879 0.0785878 -0.708074 -0.159095 -0.170293 -0.735643 -0.159095 -0.170293 -0.708074 -0.186664 -0.170455 -0.708074 -0.186664 -0.170455 -0.735643 -0.159095 -0.757146 -0.899851 -0.160311 0.108908 -0.899851 -0.187879 0.108746 -0.899851 -0.186664 -0.757309 -0.899851 -0.186664 -0.757309 -0.899851 -0.187879 0.108746 -0.899851 -0.187879 0.108746 -0.927419 -0.186664 -0.757309 -0.927419 -0.186664 -0.757309 -0.927419 -0.187879 0.108746 -0.927419 -0.160311 0.108908 -0.927419 -0.159095 -0.757146 -0.927419 -0.159095 -0.757146 -0.927419 -0.160311 0.108908 -0.927419 -0.160311 0.108908 -0.899851 -0.159095 -0.757146 -0.899851 -0.160311 0.108908 -0.899851 -0.160311 0.108908 -0.927419 -0.187879 0.108746 -0.927419 -0.187879 0.108746 -0.899851 -0.159095 -0.757146 -0.927419 -0.159095 -0.757146 -0.899851 -0.186664 -0.757309 -0.899851 -0.186664 -0.757309 -0.927419 0.158501 -0.289313 0.935538 0.15115 -0.281178 0.935538 0.15115 -0.281178 0.876723 0.158501 -0.289313 0.876723 0.158501 -0.281178 0.942889 0.158501 -0.289313 0.935538 0.217316 -0.289313 0.935538 0.217316 -0.281178 0.942889 0.15115 -0.281178 0.935538 0.158501 -0.281178 0.942889 0.158501 0.698103 0.942889 0.15115 0.698103 0.935538 0.224667 -0.281178 0.935538 0.217316 -0.289313 0.935538 0.217316 -0.289313 0.876723 0.224667 -0.281178 0.876723 0.217316 -0.281178 0.942889 0.224667 -0.281178 0.935538 0.224667 0.698103 0.935538 0.217316 0.698103 0.942889 0.15115 0.698103 0.935538 0.158501 0.705454 0.935538 0.158501 0.705454 0.876723 0.15115 0.698103 0.876723 0.158501 0.705454 0.935538 0.158501 0.698103 0.942889 0.217316 0.698103 0.942889 0.217316 0.705454 0.935538 0.217316 0.705454 0.935538 0.224667 0.698103 0.935538 0.224667 0.698103 0.876723 0.217316 0.705454 0.876723 0.15115 0.698103 0.876723 0.158501 0.698103 0.869372 0.158501 -0.281178 0.869372 0.15115 -0.281178 0.876723 0.158501 0.698103 0.869372 0.158501 0.705454 0.876723 0.217316 0.705454 0.876723 0.217316 0.698103 0.869372 0.217316 0.698103 0.869372 0.224667 0.698103 0.876723 0.224667 -0.281178 0.876723 0.217316 -0.281178 0.869372 0.158501 -0.289313 0.876723 0.158501 -0.281178 0.869372 0.217316 -0.281178 0.869372 0.217316 -0.289313 0.876723 0.158501 -0.281178 0.942889 0.217316 -0.281178 0.942889 0.217316 0.698103 0.942889 0.158501 0.698103 0.942889 0.158501 0.705454 0.935538 0.217316 0.705454 0.935538 0.217316 0.705454 0.876723 0.158501 0.705454 0.876723 0.158501 0.698103 0.869372 0.217316 0.698103 0.869372 0.217316 -0.281178 0.869372 0.158501 -0.281178 0.869372 0.158501 -0.289313 0.876723 0.217316 -0.289313 0.876723 0.217316 -0.289313 0.935538 0.158501 -0.289313 0.935538 0.224667 -0.281178 0.935538 0.224667 -0.281178 0.876723 0.224667 0.698103 0.876723 0.224667 0.698103 0.935538 0.15115 -0.281178 0.876723 0.15115 -0.281178 0.935538 0.15115 0.698103 0.935538 0.15115 0.698103 0.876723 0.158501 -0.289313 0.935538 0.158501 -0.281178 0.942889 0.15115 -0.281178 0.935538 0.224667 -0.281178 0.935538 0.217316 -0.281178 0.942889 0.217316 -0.289313 0.935538 0.15115 0.698103 0.935538 0.158501 0.698103 0.942889 0.158501 0.705454 0.935538 0.217316 0.705454 0.935538 0.217316 0.698103 0.942889 0.224667 0.698103 0.935538 0.15115 0.698103 0.876723 0.158501 0.705454 0.876723 0.158501 0.698103 0.869372 0.217316 0.698103 0.869372 0.217316 0.705454 0.876723 0.224667 0.698103 0.876723 0.15115 -0.281178 0.876723 0.158501 -0.281178 0.869372 0.158501 -0.289313 0.876723 0.217316 -0.289313 0.876723 0.217316 -0.281178 0.869372 0.224667 -0.281178 0.876723 0.559019 -0.170293 0.72266 0.557804 0.0787501 0.72266 0.530235 0.0785878 0.72266 0.531451 -0.170455 0.72266 0.531451 -0.170455 0.72266 0.530235 0.0785878 0.72266 0.530235 0.0785878 0.695091 0.531451 -0.170455 0.695091 0.531451 -0.170455 0.695091 0.530235 0.0785878 0.695091 0.557804 0.0787501 0.695091 0.559019 -0.170293 0.695091 0.559019 -0.170293 0.695091 0.557804 0.0787501 0.695091 0.557804 0.0787501 0.72266 0.559019 -0.170293 0.72266 0.557804 0.0787501 0.72266 0.557804 0.0787501 0.695091 0.530235 0.0785878 0.695091 0.530235 0.0785878 0.72266 0.559019 -0.170293 0.695091 0.559019 -0.170293 0.72266 0.531451 -0.170455 0.72266 0.531451 -0.170455 0.695091 0.559019 -0.170293 -0.145266 0.557804 0.0787501 -0.145266 0.530235 0.0785878 -0.145266 0.531451 -0.170455 -0.145266 0.531451 -0.170455 -0.145266 0.530235 0.0785878 -0.145266 0.530235 0.0785878 -0.172835 0.531451 -0.170455 -0.172835 0.531451 -0.170455 -0.172835 0.530235 0.0785878 -0.172835 0.557804 0.0787501 -0.172835 0.559019 -0.170293 -0.172835 0.559019 -0.170293 -0.172835 0.557804 0.0787501 -0.172835 0.557804 0.0787501 -0.145266 0.559019 -0.170293 -0.145266 0.557804 0.0787501 -0.145266 0.557804 0.0787501 -0.172835 0.530235 0.0785878 -0.172835 0.530235 0.0785878 -0.145266 0.559019 -0.170293 -0.172835 0.559019 -0.170293 -0.145266 0.531451 -0.170455 -0.145266 0.531451 -0.170455 -0.172835 0.559019 -0.170293 -0.382701 0.557804 0.0787501 -0.382701 0.530235 0.0785878 -0.382701 0.531451 -0.170455 -0.382701 0.531451 -0.170455 -0.382701 0.530235 0.0785878 -0.382701 0.530235 0.0785878 -0.41027 0.531451 -0.170455 -0.41027 0.531451 -0.170455 -0.41027 0.530235 0.0785878 -0.41027 0.557804 0.0787501 -0.41027 0.559019 -0.170293 -0.41027 0.559019 -0.170293 -0.41027 0.557804 0.0787501 -0.41027 0.557804 0.0787501 -0.382701 0.559019 -0.170293 -0.382701 0.557804 0.0787501 -0.382701 0.557804 0.0787501 -0.41027 0.530235 0.0785878 -0.41027 0.530235 0.0785878 -0.382701 0.559019 -0.170293 -0.41027 0.559019 -0.170293 -0.382701 0.531451 -0.170455 -0.382701 0.531451 -0.170455 -0.41027 0.559019 -0.170293 0.397514 0.557804 0.0787501 0.397514 0.530235 0.0785878 0.397514 0.531451 -0.170455 0.397514 0.531451 -0.170455 0.397514 0.530235 0.0785878 0.397514 0.530235 0.0785878 0.369945 0.531451 -0.170455 0.369945 0.531451 -0.170455 0.369945 0.530235 0.0785878 0.369945 0.557804 0.0787501 0.369945 0.559019 -0.170293 0.369945 0.559019 -0.170293 0.369945 0.557804 0.0787501 0.369945 0.557804 0.0787501 0.397514 0.559019 -0.170293 0.397514 0.557804 0.0787501 0.397514 0.557804 0.0787501 0.369945 0.530235 0.0785878 0.369945 0.530235 0.0785878 0.397514 0.559019 -0.170293 0.369945 0.559019 -0.170293 0.397514 0.531451 -0.170455 0.397514 0.531451 -0.170455 0.369945 0.559019 -0.170293 0.18156 0.557804 0.0787501 0.18156 0.530235 0.0785878 0.18156 0.531451 -0.170455 0.18156 0.531451 -0.170455 0.18156 0.530235 0.0785878 0.18156 0.530235 0.0785878 0.153991 0.531451 -0.170455 0.153991 0.531451 -0.170455 0.153991 0.530235 0.0785878 0.153991 0.557804 0.0787501 0.153991 0.559019 -0.170293 0.153991 0.559019 -0.170293 0.153991 0.557804 0.0787501 0.153991 0.557804 0.0787501 0.18156 0.559019 -0.170293 0.18156 0.557804 0.0787501 0.18156 0.557804 0.0787501 0.153991 0.530235 0.0785878 0.153991 0.530235 0.0785878 0.18156 0.559019 -0.170293 0.153991 0.559019 -0.170293 0.18156 0.531451 -0.170455 0.18156 0.531451 -0.170455 0.153991 0.533223 -0.188888 0.91662 0.560792 -0.188888 0.91662 0.560792 -0.161319 0.91662 0.533223 -0.161319 0.91662 0.533223 -0.161319 0.91662 0.560792 -0.161319 0.91662 0.560792 -0.161319 -0.914723 0.533223 -0.161319 -0.914723 0.533223 -0.161319 -0.914723 0.560792 -0.161319 -0.914723 0.560792 -0.188888 -0.914723 0.533223 -0.188888 -0.914723 0.560792 -0.188888 0.91662 0.560792 -0.188888 -0.914723 0.560792 -0.161319 -0.914723 0.560792 -0.161319 0.91662 0.533223 -0.188888 -0.914723 0.533223 -0.188888 0.91662 0.533223 -0.161319 0.91662 0.533223 -0.161319 -0.914723 0.5536 -0.205703 0.924618 0.5536 -0.205703 0.897049 0.5536 -0.178134 0.897049 0.5536 -0.178134 0.924618 0.5536 -0.178134 0.924618 0.5536 -0.178134 0.897049 -0.170946 -0.178134 0.897049 -0.170946 -0.178134 0.924618 -0.170946 -0.178134 0.924618 -0.170946 -0.178134 0.897049 -0.170946 -0.205703 0.897049 -0.170946 -0.205703 0.924618 -0.170946 -0.205703 0.924618 -0.170946 -0.205703 0.897049 0.5536 -0.205703 0.897049 0.5536 -0.205703 0.924618 0.5536 -0.205703 0.897049 -0.170946 -0.205703 0.897049 -0.170946 -0.178134 0.897049 0.5536 -0.178134 0.897049 -0.170946 -0.205703 0.924618 0.5536 -0.205703 0.924618 0.5536 -0.178134 0.924618 -0.170946 -0.178134 0.924618 0.171609 -0.169683 0.922082 -0.149486 0.087244 0.922082 -0.170944 0.069935 0.922082 0.150151 -0.186992 0.922082 0.150151 -0.186992 0.922082 -0.170944 0.069935 0.922082 -0.170944 0.069935 0.894513 0.150151 -0.186992 0.894513 0.150151 -0.186992 0.894513 -0.170944 0.069935 0.894513 -0.149486 0.087244 0.894513 0.171609 -0.169683 0.894513 0.171609 -0.169683 0.894513 -0.149486 0.087244 0.894513 -0.149486 0.087244 0.922082 0.171609 -0.169683 0.922082 -0.149486 0.087244 0.922082 -0.149486 0.087244 0.894513 -0.170944 0.069935 0.894513 -0.170944 0.069935 0.922082 0.171609 -0.169683 0.894513 0.171609 -0.169683 0.922082 0.150151 -0.186992 0.922082 0.150151 -0.186992 0.894513 -0.382393 -0.757717 0.492364 -0.354824 -0.757717 0.492364 -0.354824 -0.326531 0.492364 -0.382393 -0.337551 0.492364 -0.382393 -0.337551 0.492364 -0.354824 -0.326531 0.492364 -0.354824 -0.326531 0.464795 -0.382393 -0.337551 0.464795 -0.382393 -0.337551 0.464795 -0.354824 -0.326531 0.464795 -0.354824 -0.757717 0.464795 -0.382393 -0.757717 0.464795 -0.354824 -0.757717 0.492364 -0.354824 -0.757717 0.464795 -0.354824 -0.326531 0.464795 -0.354824 -0.326531 0.492364 -0.382393 -0.757717 0.464795 -0.382393 -0.757717 0.492364 -0.382393 -0.337551 0.492364 -0.382393 -0.337551 0.464795 -0.382393 -0.757717 -0.884248 -0.354824 -0.757717 -0.884248 -0.354824 -0.326531 -0.884248 -0.382393 -0.337551 -0.884248 -0.382393 -0.337551 -0.884248 -0.354824 -0.326531 -0.884248 -0.354824 -0.326531 -0.911817 -0.382393 -0.337551 -0.911817 -0.382393 -0.337551 -0.911817 -0.354824 -0.326531 -0.911817 -0.354824 -0.757717 -0.911817 -0.382393 -0.757717 -0.911817 -0.354824 -0.757717 -0.884248 -0.354824 -0.757717 -0.911817 -0.354824 -0.326531 -0.911817 -0.354824 -0.326531 -0.884248 -0.382393 -0.757717 -0.911817 -0.382393 -0.757717 -0.884248 -0.382393 -0.337551 -0.884248 -0.382393 -0.337551 -0.911817 -0.382393 -0.757717 0.913843 -0.354824 -0.757717 0.913843 -0.354824 -0.326531 0.913843 -0.382393 -0.337551 0.913843 -0.382393 -0.337551 0.913843 -0.354824 -0.326531 0.913843 -0.354824 -0.326531 0.886274 -0.382393 -0.337551 0.886274 -0.382393 -0.337551 0.886274 -0.354824 -0.326531 0.886274 -0.354824 -0.757717 0.886274 -0.382393 -0.757717 0.886274 -0.354824 -0.757717 0.913843 -0.354824 -0.757717 0.886274 -0.354824 -0.326531 0.886274 -0.354824 -0.326531 0.913843 -0.382393 -0.757717 0.886274 -0.382393 -0.757717 0.913843 -0.382393 -0.337551 0.913843 -0.382393 -0.337551 0.886274 -0.382393 -0.757717 0.0981238 -0.354824 -0.757717 0.0981238 -0.354824 -0.326531 0.0981238 -0.382393 -0.337551 0.0981238 -0.382393 -0.337551 0.0981238 -0.354824 -0.326531 0.0981238 -0.354824 -0.326531 0.070555 -0.382393 -0.337551 0.070555 -0.382393 -0.337551 0.070555 -0.354824 -0.326531 0.070555 -0.354824 -0.757717 0.070555 -0.382393 -0.757717 0.070555 -0.354824 -0.757717 0.0981238 -0.354824 -0.757717 0.070555 -0.354824 -0.326531 0.070555 -0.354824 -0.326531 0.0981238 -0.382393 -0.757717 0.070555 -0.382393 -0.757717 0.0981238 -0.382393 -0.337551 0.0981238 -0.382393 -0.337551 0.070555 -0.382393 -0.757717 -0.0730497 -0.354824 -0.757717 -0.0730497 -0.354824 -0.326531 -0.0730497 -0.382393 -0.337551 -0.0730497 -0.382393 -0.337551 -0.0730497 -0.354824 -0.326531 -0.0730497 -0.354824 -0.326531 -0.100619 -0.382393 -0.337551 -0.100619 -0.382393 -0.337551 -0.100619 -0.354824 -0.326531 -0.100619 -0.354824 -0.757717 -0.100619 -0.382393 -0.757717 -0.100619 -0.354824 -0.757717 -0.0730497 -0.354824 -0.757717 -0.100619 -0.354824 -0.326531 -0.100619 -0.354824 -0.326531 -0.0730497 -0.382393 -0.757717 -0.100619 -0.382393 -0.757717 -0.0730497 -0.382393 -0.337551 -0.0730497 -0.382393 -0.337551 -0.100619 </float_array>
          <technique_common>
            <accessor count="2272" offset="0" source="#meshId1-positions-array" stride="3">
              <param name="X" type="float" />
              <param name="Y" type="float" />
              <param name="Z" type="float" />
            </accessor>
          </technique_common>
        </source>
        <source id="meshId1-normals" name="meshId1-normals">
          <float_array id="meshId1-normals-array" count="6816"> -1 0 0 -1 0 0 -1 -1.24646e-07 0 -1 -2.05853e-07 0 -1 0 0 -1 0 0 -1 -3.14085e-07 0 -1 -4.0561e-07 0 -1 0 0 -1 -4.2027e-07 0 -1 -2.59428e-07 0 -1 -6.17274e-08 0 -1 -2.06978e-07 0 -1 3.30258e-07 0 -1 1.47088e-07 0 -1 0 0 -1 0 0 -1 0 0 3.80308e-07 0 1 3.80308e-07 0 1 3.80308e-07 0 1 3.80308e-07 0 1 -0.999988 -0.00488026 0 -0.999988 -0.00488026 0 -0.999988 -0.00488026 0 -0.999988 -0.00488026 0 2.65758e-07 0 -1 2.65758e-07 0 -1 2.65758e-07 0 -1 2.65758e-07 0 -1 0.999988 0.00488011 0 0.999988 0.00488011 0 0.999988 0.00488011 0 0.999988 0.00488011 0 -0.00588734 0.999983 0 -0.00588734 0.999983 0 -0.00588734 0.999983 0 -0.00588734 0.999983 0 0.00588576 -0.999983 0 0.00588576 -0.999983 0 0.00588576 -0.999983 0 0.00588576 -0.999983 0 -1 0 0 -1 0 0 -1 0 0 -1 0 0 -1 0 0 -1 0 0 -1 0 0 -1 0 0 -1 0 0 -1.22956e-07 0 1 -1.22956e-07 0 1 -1.22956e-07 0 1 -1.22956e-07 0 1 -0.725252 -0.688483 0 -0.725252 -0.688483 0 -0.725252 -0.688483 0 -0.725252 -0.688483 0 -2.45913e-07 0 -1 -2.45913e-07 0 -1 -2.45913e-07 0 -1 -2.45913e-07 0 -1 0.725252 0.688483 0 0.725252 0.688483 0 0.725252 0.688483 0 0.725252 0.688483 0 -0.627841 0.778341 0 -0.627841 0.778341 0 -0.627841 0.778341 0 -0.627841 0.778341 0 0.627841 -0.778341 0 0.627841 -0.778341 0 0.627841 -0.778341 0 0.627841 -0.778341 0 -3.60291e-07 0 1 -3.60291e-07 0 1 -3.60291e-07 0 1 -3.60291e-07 0 1 -0.648327 0.761362 0 -0.648327 0.761362 0 -0.648327 0.761362 0 -0.648327 0.761362 0 -1.80146e-07 0 -1 -1.80146e-07 0 -1 -1.80146e-07 0 -1 -1.80146e-07 0 -1 0.648327 -0.761362 0 0.648327 -0.761362 0 0.648327 -0.761362 0 0.648327 -0.761362 0 0.684501 0.729012 0 0.684501 0.729012 0 0.684501 0.729012 0 0.684501 0.729012 0 -0.684499 -0.729013 0 -0.684499 -0.729013 0 -0.684499 -0.729013 0 -0.684499 -0.729013 0 -0.741946 -0.670459 -1.17087e-06 -0.741946 -0.670459 -1.17087e-06 -0.741946 -0.670459 -1.17087e-06 -0.741947 -0.670459 -1.17087e-06 0 -0.670456 0.741949 0 -0.670456 0.741949 0 -0.670456 0.741949 0 -0.670456 0.741949 -0.707111 0 0.707103 -0.707111 0 0.707103 -0.707111 0 0.707103 -0.707111 0 0.707103 0.741947 -0.670459 -1.17087e-06 0.741947 -0.670459 -1.17087e-06 0.741947 -0.670459 -1.17087e-06 0.741947 -0.670459 -1.17087e-06 0.707111 0 0.707103 0.707111 0 0.707103 0.707111 0 0.707103 0.707111 0 0.707103 -0.707109 0.707105 0 -0.707109 0.707105 0 -0.707109 0.707105 0 -0.707109 0.707105 0 0 0.707109 0.707105 0 0.707109 0.707105 0 0.707109 0.707105 0 0.707109 0.707105 0.707109 0.707105 0 0.707109 0.707105 0 0.707109 0.707105 0 0.707109 0.707105 0 -0.707111 0 -0.707103 -0.707111 0 -0.707103 -0.707111 0 -0.707103 -0.707111 0 -0.707103 0 0.707109 -0.707105 0 0.707109 -0.707105 0 0.707109 -0.707105 0 0.707109 -0.707105 0.707111 0 -0.707103 0.707111 0 -0.707103 0.707111 0 -0.707103 0.707111 0 -0.707103 0 -0.670456 -0.741949 0 -0.670456 -0.741949 0 -0.670456 -0.741949 0 -0.670456 -0.741949 0 0 1 0 0 1 0 0 1 0 0 1 0 1 0 0 1 0 0 1 0 0 1 0 0 0 -1 0 0 -1 0 0 -1 0 0 -1 0 -1 -2.91024e-06 0 -1 -2.91024e-06 0 -1 -2.91024e-06 0 -1 -2.91024e-06 1 0 0 1 0 0 1 0 0 1 0 0 -1 0 0 -1 0 0 -1 0 0 -1 0 0 -0.59586 -0.538437 0.59585 -0.59586 -0.538437 0.59585 -0.59586 -0.538437 0.59585 0.59586 -0.538437 0.59585 0.59586 -0.538437 0.59585 0.59586 -0.538437 0.59585 -0.577356 0.57735 0.577345 -0.577356 0.57735 0.577345 -0.577356 0.57735 0.577345 0.577356 0.57735 0.577345 0.577356 0.57735 0.577345 0.577356 0.57735 0.577345 -0.577349 0.577354 -0.577349 -0.577348 0.577354 -0.577348 -0.577348 0.577354 -0.577348 0.577348 0.577354 -0.577348 0.577348 0.577354 -0.577348 0.577349 0.577354 -0.577349 -0.595847 -0.538443 -0.595857 -0.595847 -0.538443 -0.595857 -0.595847 -0.538443 -0.595857 0.595847 -0.538443 -0.595857 0.595847 -0.538443 -0.595857 0.595847 -0.538443 -0.595857 -5.01589e-07 0 1 -5.01589e-07 0 1 -5.01589e-07 0 1 -5.01589e-07 0 1 -0.652774 0.757552 0 -0.652774 0.757552 0 -0.652774 0.757552 0 -0.652774 0.757552 0 -2.50795e-07 0 -1 -2.50795e-07 0 -1 -2.50795e-07 0 -1 -2.50795e-07 0 -1 0.652774 -0.757552 0 0.652774 -0.757552 0 0.652774 -0.757552 0 0.652774 -0.757552 0 0.6845 0.729013 0 0.6845 0.729013 0 0.6845 0.729013 0 0.6845 0.729013 0 -0.684499 -0.729013 0 -0.684499 -0.729013 0 -0.684499 -0.729013 0 -0.684499 -0.729013 0 0 0 1 0 0 1 0 0 1 0 0 1 0 0.71388 -0.700268 0 0.71388 -0.700268 0 0.71388 -0.700268 0 0.71388 -0.700268 0 0 -1 0 0 -1 0 0 -1 0 0 -1 1 0 0 1 0 0 1 0 0 1 0 0 -1 0 0 -1 0 0 -1 0 0 -1 0 0 0 0 1 0 0 1 0 0 1 0 0 1 0 0.710715 0.70348 0 0.710715 0.70348 0 0.710715 0.70348 0 0.710715 0.70348 0 0 -1 0 0 -1 0 0 -1 0 0 -1 1 0 0 1 0 0 1 0 0 1 0 0 -1 0 0 -1 0 0 -1 0 0 -1 0 0 1 0 0 1 0 0 1 0 0 1 0 0 0 1 0 0 1 0 0 1 0 0 1 0 -1 0 0 -1 0 0 -1 0 0 -1 0 0 0 -1 0 0 -1 0 0 -1 0 0 -1 0 0 0 -1 0 0 -1 0 0 -1 0 0 -1 0 0 1 0 0 1 0 0 1 0 0 1 1 0 0 1 0 0 1 0 0 1 0 0 0 1 0 0 1 0 0 1 0 0 1 0 -1 0 0 -1 0 0 -1 0 0 -1 0 0 0 -1 0 0 -1 0 0 -1 0 0 -1 0 0 0 -1 0 0 -1 0 0 -1 0 0 -1 0 0 1 0 0 1 0 0 1 0 0 1 -9.09331e-08 0 1 -9.09331e-08 0 1 -9.09331e-08 0 1 -9.09331e-08 0 1 -0.624771 -0.780808 0 -0.624771 -0.780808 0 -0.624771 -0.780808 0 -0.624771 -0.780808 0 -1.81866e-07 0 -1 -1.81866e-07 0 -1 -1.81866e-07 0 -1 -1.81866e-07 0 -1 0.624771 0.780808 0 0.624771 0.780808 0 0.624771 0.780808 0 0.624771 0.780808 0 -0.627842 0.778341 0 -0.627842 0.778341 0 -0.627842 0.778341 0 -0.627842 0.778341 0 0.627841 -0.778341 0 0.627841 -0.778341 0 0.627841 -0.778341 0 0.627841 -0.778341 0 -1.80146e-07 0 1 -1.80146e-07 0 1 -1.80146e-07 0 1 -1.80146e-07 0 1 -0.648327 0.761362 0 -0.648327 0.761362 0 -0.648327 0.761362 0 -0.648327 0.761362 0 -3.60291e-07 0 -1 -3.60291e-07 0 -1 -3.60291e-07 0 -1 -3.60291e-07 0 -1 0.648327 -0.761362 0 0.648327 -0.761362 0 0.648327 -0.761362 0 0.648327 -0.761362 0 0.684501 0.729011 0 0.684501 0.729011 0 0.684501 0.729011 0 0.684501 0.729011 0 -0.684499 -0.729013 0 -0.684499 -0.729013 0 -0.684499 -0.729013 0 -0.684499 -0.729013 0 -2.50795e-07 0 1 -2.50795e-07 0 1 -2.50795e-07 0 1 -2.50795e-07 0 1 -0.652776 0.757551 0 -0.652776 0.757551 0 -0.652776 0.757551 0 -0.652776 0.757551 0 -5.01589e-07 0 -1 -5.01589e-07 0 -1 -5.01589e-07 0 -1 -5.01589e-07 0 -1 0.652776 -0.757551 0 0.652776 -0.757551 0 0.652776 -0.757551 0 0.652776 -0.757551 0 0.6845 0.729013 0 0.6845 0.729013 0 0.6845 0.729013 0 0.6845 0.729013 0 -0.684499 -0.729013 0 -0.684499 -0.729013 0 -0.684499 -0.729013 0 -0.684499 -0.729013 0 -2.45913e-07 0 1 -2.45913e-07 0 1 -2.45913e-07 0 1 -2.45913e-07 0 1 -0.725253 -0.688482 0 -0.725253 -0.688482 0 -0.725253 -0.688482 0 -0.725253 -0.688482 0 -1.22957e-07 0 -1 -1.22957e-07 0 -1 -1.22957e-07 0 -1 -1.22957e-07 0 -1 0.725253 0.688482 0 0.725253 0.688482 0 0.725253 0.688482 0 0.725253 0.688482 0 -0.627841 0.778341 0 -0.627841 0.778341 0 -0.627841 0.778341 0 -0.627841 0.778341 0 0.627841 -0.778341 0 0.627841 -0.778341 0 0.627841 -0.778341 0 0.627841 -0.778341 0 0 1 -7.45058e-07 0 1 -7.45058e-07 0.116465 0.986343 0.116465 -0.116465 0.986343 0.116465 0 1 0 0.116465 0.986343 -0.116465 0 1 7.45058e-07 -0.116465 0.986343 -0.116465 0 1 7.45058e-07 0 0 1 0 0 1 0 0 1 0 0 1 1 0 0 1 0 0 1 0 0 1 0 0 -1 0 0 -1 0 0 -1 0 0 -1 0 0 0 0 -1 0 0 -1 0 0 -1 0 0 -1 0 -1 0 0 -1 0 0 -1 0 0 -1 0 0 0 1 0 0 1 0 0 1 0 0 1 0 1 0 0 1 0 0 1 0 0 1 0 0 0 -1 0 0 -1 0 0 -1 0 0 -1 0 -1 0 0 -1 0 0 -1 0 0 -1 0 1 0 0 1 0 0 1 0 0 1 0 0 -1 0 0 -1 0 0 -1 0 0 -1 0 0 -0.707107 -0.707107 0 -0.707107 -0.707107 0 -0.707107 -0.707107 0 -0.707107 -0.707107 0 -0.0211302 -0.706952 0.706946 -0.0211302 -0.706952 0.706946 -0.0211302 -0.706952 0.706946 -0.0211302 -0.706952 0.706946 -0.707104 0 0.707109 -0.707104 0 0.707109 -0.707104 0 0.707109 -0.707104 0 0.707109 0.999129 -0.0417292 0 0.999129 -0.0417292 0 0.999129 -0.0417292 0 0.999129 -0.0417292 0 0.999129 0 0.0417293 0.999129 0 0.0417293 0.999129 0 0.0417293 0.999129 0 0.0417293 -0.707107 0.707107 0 -0.707107 0.707107 0 -0.707107 0.707107 0 -0.707107 0.707107 0 0.02113 0.706946 0.706952 0.02113 0.706945 0.706952 0.02113 0.706946 0.706952 0.02113 0.706945 0.706952 0.999129 0.0417292 0 0.999129 0.0417292 0 0.999129 0.0417292 0 0.999129 0.0417292 0 -0.707104 0 -0.70711 -0.707104 0 -0.70711 -0.707104 0 -0.70711 -0.707104 0 -0.70711 0.02113 0.706945 -0.706952 0.02113 0.706945 -0.706952 0.02113 0.706945 -0.706952 0.02113 0.706945 -0.706952 0.999129 0 -0.0417293 0.999129 0 -0.0417293 0.999129 0 -0.0417293 0.999129 0 -0.0417293 -0.0211302 -0.706951 -0.706946 -0.0211302 -0.706952 -0.706946 -0.0211302 -0.706951 -0.706946 -0.0211302 -0.706952 -0.706946 0 0 1 0 0 1 0 0 1 0 0 1 0.0298758 0.999554 0 0.0298758 0.999554 0 0.0298758 0.999554 0 0.0298758 0.999554 0 0 0 -1 0 0 -1 0 0 -1 0 0 -1 -0.0298758 -0.999554 0 -0.0298758 -0.999554 0 -0.0298758 -0.999554 0 -0.0298758 -0.999554 0 1 0 0 1 0 0 1 0 0 1 0 0 -1 0 0 -1 0 0 -1 0 0 -1 0 0 -0.577347 -0.577352 0.577352 -0.577347 -0.577352 0.577352 -0.577347 -0.577352 0.577352 0.99826 -0.0416959 0.0416926 0.99826 -0.0416959 0.0416926 0.99826 -0.0416959 0.0416926 -0.577345 0.57735 0.577356 -0.577345 0.57735 0.577356 -0.577345 0.57735 0.577356 0.99826 0.0416959 0.0416926 0.99826 0.0416959 0.0416926 0.99826 0.0416959 0.0416926 -0.577345 0.57735 -0.577356 -0.577345 0.57735 -0.577356 -0.577345 0.57735 -0.577356 0.99826 0.0416959 -0.0416926 0.99826 0.0416959 -0.0416926 0.99826 0.0416959 -0.0416926 -0.577347 -0.577352 -0.577352 -0.577347 -0.577352 -0.577352 -0.577347 -0.577352 -0.577352 0.99826 -0.0416959 -0.0416926 0.99826 -0.0416959 -0.0416926 0.99826 -0.0416959 -0.0416926 -0.0200103 -0.669484 -0.742557 -0.0200103 -0.669484 -0.742557 -0.0218369 -0.730595 -0.682462 -0.0217938 -0.729153 -0.684004 1 0 0 1 0 0 1 0 0 1 0 0 0.0200103 0.669484 0.742557 0.0200103 0.669484 0.742557 0.0217938 0.729153 0.684004 0.0218369 0.730595 0.682462 -1 0 0 -1 0 0 -1 0 0 -1 0 0 0.0199788 0.668429 -0.743508 0.0199788 0.668429 -0.743508 0.0218369 0.730596 -0.682461 0.0217937 0.729151 -0.684005 1 0 0 1 0 0 1 0 0 1 0 0 -0.0199788 -0.668429 0.743508 -0.0199788 -0.668429 0.743508 -0.0217937 -0.729151 0.684005 -0.0218369 -0.730596 0.682461 -1 0 0 -1 0 0 -1 0 0 -1 0 0 -1 0 0 -1 0 0 -0.0233116 -0.779935 0.625426 -0.0233116 -0.779935 0.625426 1 0 0 1 0 0 0.0233116 0.779935 -0.625426 0.0233116 0.779935 -0.625426 0.0233333 0.780659 0.624521 0.0233333 0.780659 0.624521 1 0 0 1 0 0 -0.0233333 -0.780659 -0.624521 -0.0233333 -0.780659 -0.624521 -1 0 0 -1 0 0 0 1 -7.45058e-07 0 1 -7.45058e-07 0.116465 0.986343 0.116465 -0.116465 0.986343 0.116465 0 1 0 0.116465 0.986343 -0.116465 0 1 7.45058e-07 -0.116465 0.986343 -0.116465 0 1 7.45058e-07 0 0 1 0 0 1 0 0 1 0 0 1 1 0 0 1 0 0 1 0 0 1 0 0 -1 0 0 -1 0 0 -1 0 0 -1 0 0 0 0 -1 0 0 -1 0 0 -1 0 0 -1 0 -1 0 0 -1 0 0 -1 0 0 -1 0 1.42128e-06 0 1 1.42128e-06 0 1 1.42128e-06 0 1 1.42128e-06 0 1 -0.999999 -0.00141272 0 -0.999999 -0.00141272 0 -0.999999 -0.00141272 0 -0.999999 -0.00141272 0 1.75091e-07 0 -1 1.75091e-07 0 -1 1.75091e-07 0 -1 1.75091e-07 0 -1 0.999999 0.00141277 0 0.999999 0.00141277 0 0.999999 0.00141277 0 0.999999 0.00141277 0 -0.00588735 0.999983 0 -0.00588735 0.999983 0 -0.00588735 0.999983 0 -0.00588735 0.999983 0 0.00588417 -0.999983 0 0.00588417 -0.999983 0 0.00588417 -0.999983 0 0.00588417 -0.999983 0 4.2842e-07 0 1 4.2842e-07 0 1 4.2842e-07 0 1 4.2842e-07 0 1 -0.999988 -0.00488011 0 -0.999988 -0.00488011 0 -0.999988 -0.00488011 0 -0.999988 -0.00488011 0 2.16501e-07 0 -1 2.16501e-07 0 -1 2.16501e-07 0 -1 2.16501e-07 0 -1 0.999988 0.00488011 0 0.999988 0.00488011 0 0.999988 0.00488011 0 0.999988 0.00488011 0 -0.00588735 0.999983 0 -0.00588735 0.999983 0 -0.00588735 0.999983 0 -0.00588735 0.999983 0 0.00588576 -0.999983 0 0.00588576 -0.999983 0 0.00588576 -0.999983 0 0.00588576 -0.999983 0 0 0 1 0 0 1 0 0 1 0 0 1 0 1 0 0 1 0 0 1 0 0 1 0 0 0 -1 0 0 -1 0 0 -1 0 0 -1 1 0 0 1 0 0 1 0 0 1 0 0 -1 0 0 -1 0 0 -1 0 0 -1 0 0 0 0 1 0 0 1 0 0 1 0 0 1 0 1 0 0 1 0 0 1 0 0 1 0 0 0 -1 0 0 -1 0 0 -1 0 0 -1 1 0 0 1 0 0 1 0 0 1 0 0 -1 0 0 -1 0 0 -1 0 0 -1 0 0 -0.707102 -0.707111 0 -0.707102 -0.707111 0 -0.707102 -0.707111 0 -0.707102 -0.707111 0 -0.0189244 -0.70698 0.706981 -0.0189244 -0.70698 0.706981 -0.0189244 -0.70698 0.706981 -0.0189244 -0.70698 0.706981 -0.707105 0 0.707109 -0.707105 0 0.707109 -0.707105 0 0.707109 -0.707105 0 0.707109 0.999129 -0.0417293 0 0.999129 -0.0417293 0 0.999129 -0.0417293 0 0.999129 -0.0417293 0 0.999129 0 0.0417295 0.999129 0 0.0417295 0.999129 0 0.0417295 0.999129 0 0.0417295 -0.707107 0.707107 0 -0.707107 0.707107 0 -0.707107 0.707107 0 -0.707107 0.707107 0 0.0189242 0.706976 0.706984 0.0189242 0.706976 0.706984 0.0189242 0.706976 0.706984 0.0189242 0.706976 0.706984 0.999129 0.0417293 0 0.999129 0.0417293 0 0.999129 0.0417293 0 0.999129 0.0417293 0 -0.707105 0 -0.707109 -0.707105 0 -0.707109 -0.707105 0 -0.707109 -0.707105 0 -0.707109 0.0189241 0.706976 -0.706984 0.0189241 0.706976 -0.706984 0.0189241 0.706976 -0.706984 0.0189241 0.706976 -0.706984 0.999129 0 -0.0417295 0.999129 0 -0.0417295 0.999129 0 -0.0417295 0.999129 0 -0.0417295 -0.0189244 -0.70698 -0.706981 -0.0189244 -0.70698 -0.706981 -0.0189244 -0.70698 -0.706981 -0.0189244 -0.70698 -0.706981 0 0 1 0 0 1 0 0 1 0 0 1 0.0267582 0.999642 0 0.0267582 0.999642 0 0.0267582 0.999642 0 0.0267582 0.999642 0 0 0 -1 0 0 -1 0 0 -1 0 0 -1 -0.0267583 -0.999642 0 -0.0267583 -0.999642 0 -0.0267583 -0.999642 0 -0.0267583 -0.999642 0 1 0 0 1 0 0 1 0 0 1 0 0 -1 0 0 -1 0 0 -1 0 0 -1 0 0 -0.577346 -0.577358 0.577346 -0.577346 -0.577358 0.577346 -0.577346 -0.577358 0.577346 0.99826 -0.0416934 0.0416934 0.99826 -0.0416934 0.0416934 0.99826 -0.0416934 0.0416934 -0.577342 0.577348 0.577361 -0.577342 0.577348 0.57736 -0.577342 0.577348 0.577361 0.99826 0.0416934 0.0416934 0.99826 0.0416934 0.0416934 0.99826 0.0416934 0.0416934 -0.577346 0.577346 -0.577358 -0.577346 0.577346 -0.577358 -0.577346 0.577346 -0.577358 0.99826 0.0416929 -0.0416929 0.99826 0.0416929 -0.0416929 0.99826 0.0416929 -0.0416929 -0.577346 -0.577358 -0.577346 -0.577346 -0.577358 -0.577346 -0.577346 -0.577358 -0.577346 0.99826 -0.0416929 -0.0416929 0.99826 -0.0416929 -0.0416929 0.99826 -0.0416929 -0.0416929 -0.0174052 -0.484969 -0.874358 -0.0174052 -0.484969 -0.874358 -0.0232279 -0.624731 -0.780495 -0.0224207 -0.605476 -0.795548 1 0 6.68312e-06 1 0 6.68312e-06 1 0 3.05562e-06 1 0 -2.84598e-06 0.0193768 0.511689 0.858952 0.0193768 0.511689 0.858952 0.0237969 0.609181 0.792674 0.0245283 0.625195 0.780083 -0.78803 0 0.615636 -0.78803 0 0.615636 -0.993957 0 0.109774 -0.888033 0 0.45978 0.0182815 0.509375 -0.86035 0.0182815 0.509375 -0.86035 0.0232247 0.624888 -0.780369 0.022538 0.608941 -0.792895 1 0 -6.55691e-06 1 0 -6.55691e-06 1 0 2.87257e-06 1 0 -3.01814e-06 -0.0183134 -0.483626 0.875083 -0.0183134 -0.483626 0.875083 -0.0236239 -0.604919 0.795936 -0.0245109 -0.625035 0.780212 -0.793677 0 -0.608339 -0.793677 0 -0.608339 -0.89028 0 -0.455414 -0.993883 0 -0.110441 -1 0 4.03668e-06 -1 0 4.03668e-06 -0.0299147 -0.74647 0.664746 -0.0299147 -0.74647 0.664747 1 0 4.1488e-06 1 0 4.1488e-06 0.027292 0.718538 -0.694952 0.027292 0.718538 -0.694952 0.0285885 0.713356 0.700218 0.0285885 0.713356 0.700218 1 0 -4.09984e-06 1 0 -4.09984e-06 -0.0281388 -0.740848 -0.671083 -0.0281388 -0.740848 -0.671083 -1 0 -4.43227e-06 -1 0 -4.43227e-06 -0.707102 -0.707111 0 -0.707102 -0.707111 0 -0.707102 -0.707111 0 -0.707102 -0.707111 0 -0.0211301 -0.706952 0.706945 -0.0211301 -0.706952 0.706946 -0.0211301 -0.706952 0.706946 -0.0211301 -0.706952 0.706945 -0.707105 0 0.707109 -0.707105 0 0.707109 -0.707105 0 0.707109 -0.707105 0 0.707109 0.16687 -0.985979 0 0.16687 -0.985979 0 0.16687 -0.985979 0 0.16687 -0.985979 0 0.288644 -0.423282 0.858788 0.288644 -0.423282 0.858788 0.288644 -0.423282 0.858788 0.288644 -0.423282 0.858788 -0.707108 0.707106 0 -0.707108 0.707106 0 -0.707108 0.707106 0 -0.707108 0.707106 0 0.0192184 0.706974 0.706979 0.0192184 0.706974 0.706979 0.0192184 0.706974 0.706979 0.0192184 0.706974 0.706979 0.999129 0.0417292 0 0.999129 0.0417292 0 0.999129 0.0417292 0 0.999129 0.0417292 0 -0.707105 0 -0.707109 -0.707105 0 -0.707109 -0.707105 0 -0.707109 -0.707105 0 -0.707109 0.0192184 0.706974 -0.706979 0.0192184 0.706974 -0.706979 0.0192184 0.706974 -0.706979 0.0192184 0.706974 -0.706979 0.288644 -0.423282 -0.858788 0.288644 -0.423282 -0.858788 0.288644 -0.423282 -0.858788 0.288644 -0.423282 -0.858788 -0.0211302 -0.706952 -0.706946 -0.0211302 -0.706952 -0.706945 -0.0211302 -0.706952 -0.706945 -0.0211302 -0.706952 -0.706946 0 0 1 0 0 1 0 0 1 0 0 1 0.0271741 0.999631 0 0.0271741 0.999631 0 0.0271741 0.999631 0 0.0271741 0.999631 0 0 0 -1 0 0 -1 0 0 -1 0 0 -1 -0.0298759 -0.999554 0 -0.0298759 -0.999554 0 -0.0298759 -0.999554 0 -0.0298759 -0.999554 0 1 0 0 1 0 0 1 0 0 1 0 0 -1 0 0 -1 0 0 -1 0 0 -1 0 0 -0.577342 -0.577354 0.577354 -0.577342 -0.577354 0.577354 -0.577342 -0.577354 0.577354 0.118824 -0.702099 0.702095 0.118824 -0.702099 0.702095 0.118824 -0.702099 0.702095 -0.577346 0.577352 0.577352 -0.577346 0.577352 0.577352 -0.577346 0.577352 0.577352 0.99826 0.0416934 0.0416934 0.99826 0.0416934 0.0416934 0.99826 0.0416934 0.0416934 -0.577346 0.577352 -0.577352 -0.577346 0.577352 -0.577352 -0.577346 0.577352 -0.577352 0.99826 0.0416934 -0.0416934 0.99826 0.0416934 -0.0416934 0.99826 0.0416934 -0.0416934 -0.577346 -0.577352 -0.577352 -0.577346 -0.577352 -0.577352 -0.577346 -0.577352 -0.577352 0.118824 -0.702099 -0.702095 0.118824 -0.702099 -0.702095 0.118824 -0.702099 -0.702095 -0.0185082 -0.487294 -0.873042 -0.0185082 -0.487294 -0.873042 -0.0244411 -0.643496 -0.765059 -0.0232552 -0.612272 -0.790305 0.342033 -0.404247 -0.848291 0.342033 -0.404247 -0.848291 0.480915 -0.377179 -0.79149 0.93947 -0.147396 -0.309305 0.0195169 0.511224 0.859226 0.0195169 0.511224 0.859226 0.0239515 0.610671 0.791522 0.0246108 0.625361 0.779947 -0.832054 0 0.554694 -0.832054 0 0.554695 -0.995893 0 0.0905382 -0.914172 0 0.405326 0.0184149 0.508946 -0.860602 0.0184149 0.508946 -0.860602 0.0233054 0.625084 -0.78021 0.0226875 0.610491 -0.791698 0.355057 -0.399764 0.845058 0.355057 -0.399764 0.845058 0.94182 -0.143731 0.303835 0.493454 -0.371937 0.786235 -0.0194771 -0.486021 0.87373 -0.0194771 -0.486021 0.87373 -0.0245222 -0.611912 0.790546 -0.025812 -0.644097 0.764508 -0.836882 0 -0.547383 -0.836882 0 -0.547383 -0.915992 0 -0.401197 -0.995834 0 -0.0911816 -1 0 4.03669e-06 -1 0 4.03669e-06 -0.0299146 -0.74647 0.664746 -0.0299147 -0.74647 0.664746 1 0 4.14884e-06 1 0 4.14884e-06 0.0272919 0.718538 -0.694952 0.0272919 0.718538 -0.694952 0.0285885 0.713356 0.700219 0.0285885 0.713356 0.700219 1 0 -4.09985e-06 1 0 -4.09985e-06 -0.0281388 -0.740848 -0.671083 -0.0281388 -0.740848 -0.671083 -1 0 -4.43228e-06 -1 0 -4.43228e-06 6.78713e-08 0 1 6.78713e-08 0 1 6.78713e-08 0 1 6.78713e-08 0 1 -0.999988 -0.00488026 0 -0.999988 -0.00488026 0 -0.999988 -0.00488026 0 -0.999988 -0.00488026 0 -9.16406e-09 0 -1 -9.16406e-09 0 -1 -9.16406e-09 0 -1 -9.16406e-09 0 -1 0.999988 0.00488012 0 0.999988 0.00488012 0 0.999988 0.00488012 0 0.999988 0.00488012 0 -0.00588735 0.999983 0 -0.00588735 0.999983 0 -0.00588735 0.999983 0 -0.00588735 0.999983 0 0.00588576 -0.999983 0 0.00588576 -0.999983 0 0.00588576 -0.999983 0 0.00588576 -0.999983 0 -1.99318e-07 0 1 -1.99318e-07 0 1 -1.99318e-07 0 1 -1.99318e-07 0 1 -0.999988 -0.00488011 0 -0.999988 -0.00488011 0 -0.999988 -0.00488011 0 -0.999988 -0.00488011 0 8.44239e-07 0 -1 8.44239e-07 0 -1 8.44239e-07 0 -1 8.44239e-07 0 -1 0.999988 0.00488011 0 0.999988 0.00488011 0 0.999988 0.00488011 0 0.999988 0.00488011 0 -0.00588735 0.999983 0 -0.00588735 0.999983 0 -0.00588735 0.999983 0 -0.00588735 0.999983 0 0.00588576 -0.999983 0 0.00588576 -0.999983 0 0.00588576 -0.999983 0 0.00588576 -0.999983 0 3.63699e-07 0 1 3.63699e-07 0 1 3.63699e-07 0 1 3.63699e-07 0 1 -0.999988 -0.00488011 0 -0.999988 -0.00488011 0 -0.999988 -0.00488011 0 -0.999988 -0.00488011 0 2.80649e-07 0 -1 2.80649e-07 0 -1 2.80649e-07 0 -1 2.80649e-07 0 -1 0.999988 0.00488011 0 0.999988 0.00488011 0 0.999988 0.00488011 0 0.999988 0.00488011 0 -0.00588735 0.999983 0 -0.00588735 0.999983 0 -0.00588735 0.999983 0 -0.00588735 0.999983 0 0.00588577 -0.999983 0 0.00588577 -0.999983 0 0.00588577 -0.999983 0 0.00588577 -0.999983 0 -2.52298e-07 0 1 -2.52298e-07 0 1 -2.52298e-07 0 1 -2.52298e-07 0 1 -0.999988 -0.00488026 0 -0.999988 -0.00488026 0 -0.999988 -0.00488026 0 -0.999988 -0.00488026 0 3.11005e-07 0 -1 3.11005e-07 0 -1 3.11005e-07 0 -1 3.11005e-07 0 -1 0.999988 0.00488012 0 0.999988 0.00488012 0 0.999988 0.00488012 0 0.999988 0.00488012 0 -0.00588735 0.999983 0 -0.00588735 0.999983 0 -0.00588735 0.999983 0 -0.00588735 0.999983 0 0.00588576 -0.999983 0 0.00588576 -0.999983 0 0.00588576 -0.999983 0 0.00588576 -0.999983 0 1.37255e-06 0 1 1.37255e-06 0 1 1.37255e-06 0 1 1.37255e-06 0 1 -0.371162 0.928568 0 -0.371162 0.928568 0 -0.371162 0.928568 0 -0.371162 0.928568 0 -1.37255e-06 0 -1 -1.37255e-06 0 -1 -1.37255e-06 0 -1 -1.37255e-06 0 -1 1 0 0 1 0 0 1 0 0 1 0 0 -1 0 0 -1 0 0 -1 0 0 -1 0 0 -0.00774423 0.99781 -0.0656857 -0.00774423 0.99781 -0.0656857 -0.00676583 0.999976 0.00123456 -0.00680238 0.999976 -0.00122836 1 -2.12541e-07 1.06165e-07 1 4.66918e-07 1.02889e-07 1 5.19783e-07 -3.93833e-08 1 5.04284e-08 6.9189e-08 -0.99993 0.0118156 -0.00033179 -0.999929 0.0113454 0.00361232 -0.999929 0.0113454 0.00361232 -0.999931 0.0117349 0.000345711 -0.999859 -0.0167827 0.0001126 -0.999855 -0.0155123 -0.00702998 -0.999855 -0.0155123 -0.00702998 -0.999861 -0.0166305 -0.000743423 -0.0980583 0.99486 -0.0252474 -0.0899977 0.995915 -0.00727931 -0.0911631 0.995787 -0.00987248 -0.0980583 0.99486 -0.0252474 -0.999826 -0.0177696 0.00566479 -0.999826 -0.0177696 0.00566479 -0.0838861 0.996455 0.00629444 -0.0838862 0.996455 0.00629444 -0.999921 0.0121503 -0.00313994 -0.999921 0.0121503 -0.00313994 -0.00580784 0.997879 0.0648314 -0.00580784 0.997879 0.0648314 0.00121532 0.0082998 -0.999965 0.00121532 0.0082998 -0.999965 0.00121532 0.0082998 -0.999965 0.00121532 0.0082998 -0.999965 0.00220107 -0.0162073 -0.999866 0.00216657 -0.0160537 -0.999869 0.00734141 -0.0390902 -0.999209 0.00734141 -0.0390902 -0.999209 0.00129001 -0.0121512 -0.999925 0.00129001 -0.0121512 -0.999925 1 -4.18427e-07 1.55802e-07 1 3.03503e-07 -9.30079e-09 1 0 2.04808e-07 1 5.8147e-07 -2.05395e-07 1 -8.17341e-07 1.09081e-07 0 0 1 0 0 1 0.00431418 -0.00759551 0.999962 0.00413408 -0.00727841 0.999965 0 0 1 0 0 1 0 0 1 0 0 1 0.0283176 -0.0498557 0.998355 0.0283176 -0.0498557 0.998355 0 0 1 0 0 1 0 0 1 0 0 1 0 1 0 0 1 0 0 1 0 0 1 0 0 0 -1 0 0 -1 0 0 -1 0 0 -1 1 0 0 1 0 0 1 0 0 1 0 0 -1 0 0 -1 0 0 -1 0 0 -1 0 0 0 0 1 0 0 1 0 0 1 0 0 1 0 1 0 0 1 0 0 1 0 0 1 0 0 0 -1 0 0 -1 0 0 -1 0 0 -1 1 0 0 1 0 0 1 0 0 1 0 0 -1 0 0 -1 0 0 -1 0 0 -1 0 0 0 0 1 0 0 1 0 0 1 0 0 1 0 1 0 0 1 0 0 1 0 0 1 0 0 0 -1 0 0 -1 0 0 -1 0 0 -1 1 0 0 1 0 0 1 0 0 1 0 0 -1 0 0 -1 0 0 -1 0 0 -1 0 0 0 0 1 0 0 1 0 0 1 0 0 1 0 1 0 0 1 0 0 1 0 0 1 0 0 0 -1 0 0 -1 0 0 -1 0 0 -1 0 -1 0 0 -1 0 0 -1 0 0 -1 0 1 0 0 1 0 0 1 0 0 1 0 0 -1 0 0 -1 0 0 -1 0 0 -1 0 0 0 0 1 0 0 1 0 0 1 0 0 1 0 1 0 0 1 0 0 1 0 0 1 0 0 0 -1 0 0 -1 0 0 -1 0 0 -1 1 0 0 1 0 0 1 0 0 1 0 0 -1 0 0 -1 0 0 -1 0 0 -1 0 0 0 0 1 0 0 1 0 0 1 0 0 1 0 1 0 0 1 0 0 1 0 0 1 0 0 0 -1 0 0 -1 0 0 -1 0 0 -1 0 -1 0 0 -1 0 0 -1 0 0 -1 0 1 0 0 1 0 0 1 0 0 1 0 0 -1 0 0 -1 0 0 -1 0 0 -1 0 0 0 0 1 0 0 1 0 0 1 0 0 1 0 1 0 0 1 0 0 1 0 0 1 0 0 0 -1 0 0 -1 0 0 -1 0 0 -1 0 -1 0 0 -1 0 0 -1 0 0 -1 0 1 0 0 1 0 0 1 0 0 1 0 0 -1 0 0 -1 0 0 -1 0 0 -1 0 0 -3.7269e-08 0 1 -3.90577e-08 0 1 -7.81153e-08 0 1 -7.4538e-08 0 1 0.847521 0.530735 -0.00540814 0.847521 0.530735 -0.00540814 0.847521 0.530735 -0.00540814 0.847521 0.530735 -0.00540814 0 0 -1 0 0 -1 0 0 -1 0 0 -1 1 0 0 1 0 0 1 0 0 1 0 0 -1 0 0 -1 0 0 -1 0 0 -1 0 0 -0.245058 0.969001 -0.031353 -0.245058 0.969001 -0.031353 -0.245058 0.969001 -0.031353 -0.245058 0.969001 -0.031353 0 0 -1 0 0 -1 0 0 1 0 0 1 -1 0 0 -1 0 0 -1 0 0 -1 0 0 0 0 -1 0 0 -1 0 0 -1 0 0 -1 0 0 -1 0 0 -1 1 0 0 1 0 0 1 0 0 1 0 0 0 0 1 0 0 1 0 0 1 0 0 1 0 0 1 0 0 1 -1 0 0 -1 0 0 -1 0 0 -1 0 0 0 0 -1 0 0 -1 0 0 -1 1 0 0 1 0 0 0 0 1 0 0 1 0 0 1 0.664336 -0.747434 0 0.664336 -0.747434 0 0.565989 -0.824413 0 0.565989 -0.824413 0 0 0 1 0 0 1 0 0 1 0 0 1 -0.66417 0.747248 -0.0223111 -0.664305 0.747399 -0.00970775 -0.565415 0.824738 -0.0106164 -0.567064 0.823307 -0.024582 0 0 -1 0 0 -1 0 0 -1 0 0 -1 0 0 -1 0 0 -1 0 0 -1 0 0 -1 0 0 -1 0 0 -1 0 0 -1 0 0 -1 -2.99215e-07 0 1 -2.99215e-07 0 1 -2.99215e-07 0 1 -2.99215e-07 0 1 0 0 1 0 0 1 0 0 1 0 0 1 -0.84752 0.530736 -0.00540767 -0.84752 0.530736 -0.00540768 -0.84752 0.530736 -0.00540768 -0.84752 0.530736 -0.00540767 0.20191 0.978891 -0.0317078 0.20191 0.978891 -0.0317078 0.20191 0.978891 -0.0317078 0.20191 0.978891 -0.0317078 -1 0 0 -1 0 0 -1 0 0 -1 0 0 -0.566253 0.824214 0.00536299 -0.664328 0.747426 0.00483994 -0.664314 0.74741 -0.00805538 -0.56642 0.824068 -0.00894577 -1 5.13016e-07 0 -1 5.23438e-07 0 -1 5.25515e-07 0 -1 5.16302e-07 0 0.664336 -0.747434 0 0.664336 -0.747434 0 0.565989 -0.824413 0 0.565989 -0.824413 0 -1 0 0 -1 0 0 -1 0 0 -1 0 0 1 0 0 1 0 0 1 0 0 1 0 0 1 0 0 1 0 0 1 0 0 1 0 0 1 0 0 1 0 0 0.824864 0.564501 -0.030629 0.824864 0.564501 -0.030629 0.824864 0.564501 -0.030629 0.824864 0.564501 -0.030629 0.167811 0.978855 -0.11697 0.167811 0.978855 -0.11697 0.167811 0.978855 -0.11697 0.167811 0.978855 -0.11697 -0.212853 0.970183 -0.115928 -0.212853 0.970183 -0.115928 -0.212853 0.970183 -0.115928 -0.212853 0.970183 -0.115928 -0.824873 0.564488 -0.0306267 -0.824873 0.564488 -0.0306267 -0.824873 0.564488 -0.0306267 -0.824873 0.564488 -0.0306267 -1 0 0 -1 0 0 -0.663053 0.748536 -0.00739515 -0.563696 0.825951 -0.007225 -1 0 0 -1 0 0 0.663065 -0.748561 -0.000930499 0.564179 -0.82565 -0.00189229 -1 0 0 -1 0 0 1 0 0 1 0 0 1 0 0 1 0 0 1 0 0 0.822904 0.567377 0.0301988 0.822904 0.567377 0.0301988 0.822904 0.567377 0.0301988 0.822904 0.567377 0.0301988 -0.205248 0.974317 0.0926233 -0.205248 0.974317 0.0926233 -0.205248 0.974317 0.0926233 -0.205248 0.974317 0.0926233 -0.822909 0.567371 0.0301758 -0.822909 0.567371 0.0301758 -0.822909 0.567371 0.0301758 -0.822909 0.567371 0.0301758 -1 0 0 -1 0 0 -0.66098 0.750249 0.0152381 -0.560854 0.827729 0.0175484 -1 0 0 -1 0 0 0.661068 -0.750325 -0.00103642 0.561721 -0.827324 -0.00210467 -1 0 0 -1 0 0 1 0 0 1 0 0 1 0 0 1 0 0 1 0 0 0.838478 0.544196 0.0283951 0.838478 0.544196 0.0283951 0.838478 0.544195 0.0283951 0.838478 0.544195 0.0283951 0.16115 0.982837 0.0897844 0.16115 0.982837 0.0897844 0.16115 0.982837 0.0897844 0.16115 0.982837 0.0897844 -0.205478 0.974585 0.0892315 -0.205478 0.974585 0.0892315 -0.205478 0.974585 0.0892315 -0.205478 0.974585 0.0892315 -0.838477 0.544196 0.0283919 -0.838477 0.544196 0.0283919 -0.838477 0.544196 0.0283919 -0.838477 0.544196 0.0283919 -1 0 0 -1 0 0 -0.659222 0.751106 0.035576 -0.561237 0.826728 0.0391579 -1 0 0 -1 0 0 0.65964 -0.751582 0 0.559691 -0.828701 0 -1 0 0 -1 0 0 1 0 0 1 0 0 1 0 0 1 0 0 1 0 0 0.847266 0.531149 0.00450571 0.847267 0.531149 0.00450571 0.847267 0.531149 0.00450571 0.847266 0.531149 0.00450571 0.160362 0.98705 0.00397014 0.160362 0.98705 0.00397014 0.160362 0.98705 0.00397014 0.160362 0.98705 0.00397014 -0.203926 0.978978 0.00405122 -0.203926 0.978978 0.00405122 -0.203926 0.978978 0.00405122 -0.203926 0.978978 0.00405122 -0.847267 0.531149 0.00450095 -0.847267 0.531149 0.00450095 -0.847267 0.531149 0.00450095 -0.847267 0.531149 0.00450095 -1 0 0 -1 0 0 -0.565698 0.824594 0.00553195 -0.664327 0.747425 0.00503774 -1 0 0 -1 0 0 0.664336 -0.747434 0 0.565989 -0.824413 0 -1 0 0 -1 0 0 1 0 0 1 0 0 1 0 0 1 0 0 1 0 0 0.83728 0.546569 -0.0149834 0.83728 0.546569 -0.0149834 0.83728 0.546569 -0.0149834 0.83728 0.546569 -0.0149834 0.179604 0.981628 -0.064417 0.179604 0.981628 -0.064417 0.179604 0.981628 -0.064417 0.179604 0.981628 -0.064417 -0.224004 0.972493 -0.0638788 -0.224004 0.972493 -0.0638788 -0.224004 0.972493 -0.0638788 -0.224004 0.972493 -0.0638788 -0.837285 0.546561 -0.014984 -0.837285 0.546561 -0.014984 -0.837285 0.546561 -0.014984 -0.837285 0.546561 -0.014984 0.843443 0.537089 -0.0117854 0.843443 0.537089 -0.0117854 0.843443 0.537089 -0.0117854 0.843443 0.537089 -0.0117854 0.191878 0.979909 -0.0544145 0.191878 0.979909 -0.0544145 0.191878 0.979909 -0.0544145 0.191878 0.979909 -0.0544145 -0.23544 0.970395 -0.0538685 -0.23544 0.970395 -0.0538685 -0.23544 0.970395 -0.0538685 -0.23544 0.970395 -0.0538685 -0.843445 0.537086 -0.0117865 -0.843445 0.537086 -0.0117865 -0.843445 0.537086 -0.0117865 -0.843445 0.537086 -0.0117865 -0.00456284 0.00289744 0.999985 -0.00456284 0.00289744 0.999985 -0.00456284 0.00289744 0.999985 -0.00456284 0.00289744 0.999985 -0.535493 -0.84454 -0.000382987 -0.53192 -0.846795 -0.000189687 -0.531922 -0.846793 -0.000190012 -0.535523 -0.844521 -0.000384212 -0.561039 -0.827789 -1.16519e-05 -0.555786 -0.831325 -0.000824152 -0.555958 -0.83121 -0.000817152 -0.561039 -0.82779 -1.14588e-05 -0.553293 -0.832986 0.000932902 -0.553555 -0.832812 0.000926242 -0.541968 -0.840399 0.000897278 -0.542093 -0.840318 0.00090218 -0.00379083 0.0023685 -0.99999 -0.00379083 0.0023685 -0.99999 -0.00379083 0.0023685 -0.99999 -0.00379083 0.0023685 -0.99999 -0.533518 -0.845789 0.000430928 -0.533522 -0.845786 0.000431621 -0.542594 -0.839995 -0.00075086 -0.542685 -0.839936 -0.000756092 0.0045667 0.00289752 0.999985 0.0045667 0.00289752 0.999985 0.0045667 0.00289752 0.999985 0.0045667 0.00289752 0.999985 0.531917 -0.846797 -0.000217701 0.535492 -0.84454 -0.000440138 0.535522 -0.844521 -0.000441545 0.531919 -0.846795 -0.000218076 0.555793 -0.83132 -0.000946287 0.561046 -0.827785 -1.30631e-05 0.561046 -0.827785 -1.28511e-05 0.555965 -0.831205 -0.000938244 0.553293 -0.832986 0.00107148 0.553555 -0.832812 0.00106383 0.541968 -0.840399 0.00103 0.542092 -0.840319 0.00103564 0.53352 -0.845787 0.000494002 0.533524 -0.845785 0.000494797 0.00378581 0.00236754 -0.99999 0.00378581 0.00236754 -0.99999 0.00378581 0.00236754 -0.99999 0.00378581 0.00236754 -0.99999 0.542597 -0.839992 -0.000862491 0.542688 -0.839934 -0.000868495 0.00795272 0.0377989 0.999254 0.00795272 0.0377989 0.999254 0.00795272 0.0377989 0.999254 0.00795272 0.0377989 0.999254 -0.007981 0.037207 0.999276 -0.007981 0.037207 0.999276 -0.007981 0.037207 0.999276 -0.007981 0.037207 0.999276 0.000623163 0.00593685 -0.999982 0.000623163 0.00593685 -0.999982 0.000623163 0.00593685 -0.999982 0.000623163 0.00593685 -0.999982 -0.000596897 0.00587695 -0.999983 -0.000596897 0.00587695 -0.999983 -0.000596897 0.00587695 -0.999983 -0.000596897 0.00587695 -0.999983 0.848659 -0.528891 0.00729561 0.848659 -0.528891 0.00729561 0.848659 -0.528891 0.00729561 0.848659 -0.528891 0.00729561 -0.848658 0.528891 -0.00729561 -0.848658 0.528891 -0.0072956 -0.848658 0.528891 -0.00729561 -0.848658 0.528891 -0.00729561 -0.530744 -0.847532 -1.01248e-05 -0.530744 -0.847532 -1.01248e-05 -0.848656 -0.528896 0.00722178 -0.848656 -0.528896 0.00722178 -0.848656 -0.528896 0.00722178 -0.848656 -0.528896 0.00722178 0.530741 -0.847534 -1.01454e-05 0.530741 -0.847534 -1.01454e-05 0.848656 0.528896 -0.00722323 0.848656 0.528896 -0.00722323 0.848656 0.528896 -0.00722323 0.848656 0.528896 -0.00722323 0.0146356 -0.999469 0.0291028 0.0146356 -0.999469 0.0291028 0.0146356 -0.999469 0.0291028 0.0146356 -0.999469 0.0291028 -0.261031 0.964928 -0.0278617 -0.261031 0.964928 -0.0278617 -0.261031 0.964928 -0.0278617 -0.261031 0.964928 -0.0278617 -0.0339616 -0.999004 0.0289256 -0.0339616 -0.999004 0.0289256 -0.0339616 -0.999004 0.0289256 -0.0339616 -0.999005 0.0289256 0.217762 0.975598 -0.0280724 0.217762 0.975598 -0.0280724 0.217762 0.975598 -0.0280724 0.217762 0.975598 -0.0280724 0.848031 -0.529929 -0.00425395 0.848031 -0.529929 -0.00425395 0.848031 -0.529929 -0.00425395 0.848031 -0.529929 -0.00425395 -0.531152 -0.847277 5.25015e-06 -0.531152 -0.847277 5.25015e-06 -0.848031 0.52993 0.00425482 -0.848031 0.52993 0.00425482 -0.848031 0.52993 0.00425482 -0.848031 0.52993 0.00425482 -0.848032 -0.529929 -0.00426797 -0.848032 -0.529929 -0.00426797 -0.848032 -0.529929 -0.00426797 -0.848032 -0.529929 -0.00426797 0.848032 0.529928 0.00426863 0.848032 0.529928 0.00426863 0.848032 0.529928 0.00426863 0.848032 0.529928 0.00426863 0.531155 -0.847275 5.32373e-06 0.531155 -0.847275 5.32373e-06 0.000274042 -0.999987 -0.00503142 0.000274042 -0.999987 -0.00503142 0.000274042 -0.999987 -0.00503142 0.000274042 -0.999987 -0.00503142 0.160696 0.986991 0.00514452 0.160696 0.98699 0.00514452 0.160696 0.986991 0.00514452 0.160696 0.986991 0.00514452 0.00349527 -0.999981 -0.00502072 0.00349527 -0.999981 -0.00502072 0.00349527 -0.999981 -0.00502072 0.00349527 -0.999981 -0.00502072 -0.204036 0.97895 0.00513549 -0.204036 0.97895 0.00513549 -0.204036 0.97895 0.00513549 -0.204036 0.97895 0.00513549 0.160157 0.982675 0.0932759 0.160157 0.982675 0.0932759 0.160157 0.982675 0.0932759 0.160157 0.982675 0.0932759 -0.401699 0.91554 0.0206042 -0.398799 0.916012 0.043387 -0.40539 0.914118 -0.00684697 -0.407698 0.913063 -0.00993156 -0.407711 0.913092 0.00594924 -0.407711 0.913091 0.00611762 -0.40769 0.913045 -0.0117233 -0.407567 0.912769 -0.0272531 0 0 1 0 0 1 0.407718 -0.913108 0 0.407718 -0.913108 0 0.407718 -0.913108 0 0.407718 -0.913108 0 0.407718 -0.913108 0 0.405404 -0.914132 -0.00322698 0.401769 -0.915734 -0.00359877 0.399175 -0.916875 0 0 0 -1 0 0 -1 1.14121e-06 0 1 1.14121e-06 0 1 1.14121e-06 0 1 1.14121e-06 0 1 -0.999999 -0.00138675 0 -0.999999 -0.00138675 0 -0.999999 -0.00138675 0 -0.999999 -0.00138675 0 4.25758e-07 0 -1 4.25758e-07 0 -1 4.25758e-07 0 -1 4.25758e-07 0 -1 0.999999 0.00138679 0 0.999999 0.00138679 0 0.999999 0.00138679 0 0.999999 0.00138679 0 -0.00588418 0.999983 0 -0.00588418 0.999983 0 -0.00588418 0.999983 0 -0.00588418 0.999983 0 0.00588417 -0.999983 0 0.00588417 -0.999983 0 0.00588417 -0.999983 0 0.00588417 -0.999983 0 -1.26763e-06 0 1 -1.26763e-06 0 1 -1.26763e-06 0 1 -1.26763e-06 0 1 -0.999999 -0.00138262 0 -0.999999 -0.00138262 0 -0.999999 -0.00138262 0 -0.999999 -0.00138262 0 1.71354e-07 0 -1 1.71354e-07 0 -1 1.71354e-07 0 -1 1.71354e-07 0 -1 0.999999 0.00138266 0 0.999999 0.00138266 0 0.999999 0.00138266 0 0.999999 0.00138266 0 -0.00588418 0.999983 0 -0.00588418 0.999983 0 -0.00588418 0.999983 0 -0.00588418 0.999983 0 0.00588417 -0.999983 0 0.00588417 -0.999983 0 0.00588417 -0.999983 0 0.00588417 -0.999983 0 1 0 0 1 0 0 1 0 0 1 0 0 0 1 0 0 1 0 0 1 0 0 1 0 -1 0 0 -1 0 0 -1 0 0 -1 0 0 0 -1 0 0 -1 0 0 -1 0 0 -1 0 0 0 -1 0 0 -1 0 0 -1 0 0 -1 0 0 1 0 0 1 0 0 1 0 0 1 3.80309e-07 0 1 3.80309e-07 0 1 3.80309e-07 0 1 3.80309e-07 0 1 -0.999988 -0.00488011 0 -0.999988 -0.00488011 0 -0.999988 -0.00488011 0 -0.999988 -0.00488011 0 2.65758e-07 0 -1 2.65758e-07 0 -1 2.65758e-07 0 -1 2.65758e-07 0 -1 0.999988 0.00488011 0 0.999988 0.00488011 0 0.999988 0.00488011 0 0.999988 0.00488011 0 -0.00588736 0.999983 0 -0.00588736 0.999983 0 -0.00588736 0.999983 0 -0.00588736 0.999983 0 0.00588576 -0.999983 0 0.00588576 -0.999983 0 0.00588576 -0.999983 0 0.00588576 -0.999983 0 3.63009e-07 0 1 3.6301e-07 0 1 3.63009e-07 0 1 3.6301e-07 0 1 -0.999999 -0.00140335 0 -0.999999 -0.00140335 0 -0.999999 -0.00140335 0 -0.999999 -0.00140335 0 -1.57721e-06 0 -1 -1.57721e-06 0 -1 -1.57721e-06 0 -1 -1.57721e-06 0 -1 0.999999 0.00140339 0 0.999999 0.00140339 0 0.999999 0.00140339 0 0.999999 0.00140339 0 -0.00588416 0.999983 0 -0.00588416 0.999983 0 -0.00588416 0.999983 0 -0.00588416 0.999983 0 0.00588736 -0.999983 0 0.00588736 -0.999983 0 0.00588736 -0.999983 0 0.00588736 -0.999983 0 -0.741946 -0.670459 -1.17087e-06 -0.741946 -0.670459 -1.17087e-06 -0.741946 -0.670459 -1.17087e-06 -0.741946 -0.670459 -1.17087e-06 0 -0.670456 0.741949 0 -0.670456 0.741949 0 -0.670456 0.741949 0 -0.670456 0.741949 -0.707108 0 0.707106 -0.707108 0 0.707106 -0.707108 0 0.707106 -0.707108 0 0.707106 0.741946 -0.670459 -1.17087e-06 0.741946 -0.670459 -1.17087e-06 0.741946 -0.670459 -1.17087e-06 0.741946 -0.670459 -1.17087e-06 0.707108 0 0.707106 0.707108 0 0.707106 0.707108 0 0.707106 0.707108 0 0.707106 -0.707108 0.707105 0 -0.707108 0.707105 0 -0.707108 0.707105 0 -0.707108 0.707105 0 0 0.707109 0.707105 0 0.707109 0.707105 0 0.707109 0.707105 0 0.707109 0.707105 0.707108 0.707105 0 0.707108 0.707105 0 0.707108 0.707105 0 0.707108 0.707105 0 -0.707111 0 -0.707103 -0.707111 0 -0.707103 -0.707111 0 -0.707103 -0.707111 0 -0.707103 0 0.707109 -0.707105 0 0.707109 -0.707105 0 0.707109 -0.707105 0 0.707109 -0.707105 0.707111 0 -0.707103 0.707111 0 -0.707103 0.707111 0 -0.707103 0.707111 0 -0.707103 0 -0.670456 -0.741949 0 -0.670456 -0.741949 0 -0.670456 -0.741949 0 -0.670456 -0.741949 0 0 1 0 0 1 0 0 1 0 0 1 0 1 0 0 1 0 0 1 0 0 1 0 0 0 -1 0 0 -1 0 0 -1 0 0 -1 0 -1 -2.91024e-06 0 -1 -2.91024e-06 0 -1 -2.91024e-06 0 -1 -2.91024e-06 1 0 0 1 0 0 1 0 0 1 0 0 -1 0 0 -1 0 0 -1 0 0 -1 0 0 -0.595853 -0.53844 0.595853 -0.595853 -0.53844 0.595853 -0.595853 -0.53844 0.595853 0.595853 -0.53844 0.595853 0.595853 -0.53844 0.595853 0.595853 -0.53844 0.595853 -0.577356 0.57735 0.577345 -0.577356 0.57735 0.577345 -0.577356 0.57735 0.577345 0.577356 0.57735 0.577345 0.577356 0.57735 0.577345 0.577356 0.57735 0.577345 -0.577356 0.57735 -0.577345 -0.577356 0.57735 -0.577345 -0.577356 0.57735 -0.577345 0.577356 0.57735 -0.577345 0.577356 0.57735 -0.577345 0.577356 0.57735 -0.577345 -0.595847 -0.538443 -0.595857 -0.595847 -0.538443 -0.595857 -0.595847 -0.538443 -0.595857 0.595847 -0.538443 -0.595857 0.595847 -0.538443 -0.595857 0.595847 -0.538443 -0.595857 4.2842e-07 0 1 4.2842e-07 0 1 4.2842e-07 0 1 4.2842e-07 0 1 -0.999988 -0.00488026 0 -0.999988 -0.00488026 0 -0.999988 -0.00488026 0 -0.999988 -0.00488026 0 2.16501e-07 0 -1 2.16501e-07 0 -1 2.16501e-07 0 -1 2.16501e-07 0 -1 0.999988 0.00488011 0 0.999988 0.00488011 0 0.999988 0.00488011 0 0.999988 0.00488011 0 -0.00588734 0.999983 0 -0.00588734 0.999983 0 -0.00588734 0.999983 0 -0.00588734 0.999983 0 0.00588576 -0.999983 0 0.00588576 -0.999983 0 0.00588576 -0.999983 0 0.00588576 -0.999983 0 6.78713e-08 0 1 6.78713e-08 0 1 6.78713e-08 0 1 6.78713e-08 0 1 -0.999988 -0.00488026 0 -0.999988 -0.00488026 0 -0.999988 -0.00488026 0 -0.999988 -0.00488026 0 -9.16406e-09 0 -1 -9.16406e-09 0 -1 -9.16406e-09 0 -1 -9.16406e-09 0 -1 0.999988 0.00488012 0 0.999988 0.00488012 0 0.999988 0.00488012 0 0.999988 0.00488012 0 -0.00588735 0.999983 0 -0.00588735 0.999983 0 -0.00588735 0.999983 0 -0.00588735 0.999983 0 0.00588576 -0.999983 0 0.00588576 -0.999983 0 0.00588576 -0.999983 0 0.00588576 -0.999983 0 -1.99318e-07 0 1 -1.99318e-07 0 1 -1.99318e-07 0 1 -1.99318e-07 0 1 -0.999988 -0.00488026 0 -0.999988 -0.00488026 0 -0.999988 -0.00488026 0 -0.999988 -0.00488026 0 8.44239e-07 0 -1 8.44239e-07 0 -1 8.44239e-07 0 -1 8.44239e-07 0 -1 0.999988 0.00488011 0 0.999988 0.00488011 0 0.999988 0.00488011 0 0.999988 0.00488011 0 -0.00588734 0.999983 0 -0.00588734 0.999983 0 -0.00588734 0.999983 0 -0.00588734 0.999983 0 0.00588576 -0.999983 0 0.00588576 -0.999983 0 0.00588576 -0.999983 0 0.00588576 -0.999983 0 3.63699e-07 0 1 3.63699e-07 0 1 3.63699e-07 0 1 3.63699e-07 0 1 -0.999988 -0.00488026 0 -0.999988 -0.00488026 0 -0.999988 -0.00488026 0 -0.999988 -0.00488026 0 2.80649e-07 0 -1 2.80649e-07 0 -1 2.80649e-07 0 -1 2.80649e-07 0 -1 0.999988 0.00488011 0 0.999988 0.00488011 0 0.999988 0.00488011 0 0.999988 0.00488011 0 -0.00588734 0.999983 0 -0.00588734 0.999983 0 -0.00588734 0.999983 0 -0.00588734 0.999983 0 0.00588577 -0.999983 0 0.00588577 -0.999983 0 0.00588577 -0.999983 0 0.00588577 -0.999983 0 -2.52298e-07 0 1 -2.52298e-07 0 1 -2.52298e-07 0 1 -2.52298e-07 0 1 -0.999988 -0.00488026 0 -0.999988 -0.00488026 0 -0.999988 -0.00488026 0 -0.999988 -0.00488026 0 3.11005e-07 0 -1 3.11005e-07 0 -1 3.11005e-07 0 -1 3.11005e-07 0 -1 0.999988 0.00488012 0 0.999988 0.00488012 0 0.999988 0.00488012 0 0.999988 0.00488012 0 -0.00588735 0.999983 0 -0.00588735 0.999983 0 -0.00588735 0.999983 0 -0.00588735 0.999983 0 0.00588576 -0.999983 0 0.00588576 -0.999983 0 0.00588576 -0.999983 0 0.00588576 -0.999983 0 0 0 1 0 0 1 0 0 1 0 0 1 0 1 0 0 1 0 0 1 0 0 1 0 0 0 -1 0 0 -1 0 0 -1 0 0 -1 1 0 0 1 0 0 1 0 0 1 0 0 -1 0 0 -1 0 0 -1 0 0 -1 0 0 1 0 0 1 0 0 1 0 0 1 0 0 0 1 0 0 1 0 0 1 0 0 1 0 -1 0 0 -1 0 0 -1 0 0 -1 0 0 0 -1 0 0 -1 0 0 -1 0 0 -1 0 0 0 -1 0 0 -1 0 0 -1 0 0 -1 0 0 1 0 0 1 0 0 1 0 0 1 -1.81866e-07 0 1 -1.81866e-07 0 1 -1.81866e-07 0 1 -1.81866e-07 0 1 -0.624771 -0.780808 0 -0.624771 -0.780808 0 -0.624771 -0.780808 0 -0.624771 -0.780808 0 -9.09331e-08 0 -1 -9.09331e-08 0 -1 -9.09331e-08 0 -1 -9.09331e-08 0 -1 0.624771 0.780808 0 0.624771 0.780808 0 0.624771 0.780808 0 0.624771 0.780808 0 -0.627842 0.778341 0 -0.627842 0.778341 0 -0.627842 0.778341 0 -0.627842 0.778341 0 0.627841 -0.778341 0 0.627841 -0.778341 0 0.627841 -0.778341 0 0.627841 -0.778341 0 -1.37255e-06 0 1 -1.37255e-06 0 1 -1.37255e-06 0 1 -1.37255e-06 0 1 -0.371162 0.928568 0 -0.371162 0.928568 0 -0.371162 0.928568 0 -0.371162 0.928568 0 2.7451e-06 0 -1 2.7451e-06 0 -1 2.7451e-06 0 -1 2.7451e-06 0 -1 1 0 0 1 0 0 1 0 0 1 0 0 -1 0 0 -1 0 0 -1 0 0 -1 0 0 2.7451e-06 0 1 2.7451e-06 0 1 2.7451e-06 0 1 2.7451e-06 0 1 -0.371162 0.928568 0 -0.371162 0.928568 0 -0.371162 0.928568 0 -0.371162 0.928568 0 -2.7451e-06 0 -1 -2.7451e-06 0 -1 -2.7451e-06 0 -1 -2.7451e-06 0 -1 1 0 0 1 0 0 1 0 0 1 0 0 -1 0 0 -1 0 0 -1 0 0 -1 0 0 -2.7451e-06 0 1 -2.7451e-06 0 1 -2.7451e-06 0 1 -2.7451e-06 0 1 -0.371162 0.928568 0 -0.371162 0.928568 0 -0.371162 0.928568 0 -0.371162 0.928568 0 5.49019e-06 0 -1 5.49019e-06 0 -1 5.49019e-06 0 -1 5.49019e-06 0 -1 1 0 0 1 0 0 1 0 0 1 0 0 -1 0 0 -1 0 0 -1 0 0 -1 0 0 -3.43137e-07 0 1 -3.43137e-07 0 1 -3.43137e-07 0 1 -3.43137e-07 0 1 -0.371162 0.928568 0 -0.371162 0.928568 0 -0.371162 0.928568 0 -0.371162 0.928568 0 1.71568e-07 0 -1 1.71568e-07 0 -1 1.71568e-07 0 -1 1.71568e-07 0 -1 1 0 0 1 0 0 1 0 0 1 0 0 -1 0 0 -1 0 0 -1 0 0 -1 0 0 3.43137e-07 0 1 3.43137e-07 0 1 3.43137e-07 0 1 3.43137e-07 0 1 -0.371162 0.928568 0 -0.371162 0.928568 0 -0.371162 0.928568 0 -0.371162 0.928568 0 -3.43137e-07 0 -1 -3.43137e-07 0 -1 -3.43137e-07 0 -1 -3.43137e-07 0 -1 1 0 0 1 0 0 1 0 0 1 0 0 -1 0 0 -1 0 0 -1 0 0 -1 0 0 </float_array>
          <technique_common>
            <accessor count="2272" offset="0" source="#meshId1-normals-array" stride="3">
              <param name="X" type="float" />
              <param name="Y" type="float" />
              <param name="Z" type="float" />
            </accessor>
          </technique_common>
        </source>
        <source id="meshId1-tangents" name="meshId1-tangents">
          <float_array id="meshId1-tangents-array" count="6816"> 0 -0.0025612 0.999997 0 -0.00256654 0.999997 3.21456e-10 -0.00257895 0.999997 5.30042e-10 -0.00257486 0.999997 0 -0.00256459 0.999997 0 -0.00257006 0.999997 8.13046e-10 -0.00258862 0.999997 1.0489e-09 -0.00258597 0.999997 0 -0.00254351 0.999997 9.93926e-10 -0.00236497 0.999997 6.111e-10 -0.00235557 0.999997 1.4532e-10 -0.00235422 0.999997 4.87501e-10 -0.00235533 0.999997 -7.78643e-10 -0.00235768 0.999997 -3.44855e-10 -0.00234455 0.999997 0 -0.00236087 0.999997 0 -0.00235939 0.999997 0 -0.00223531 0.999997 0.999986 -0.00537201 -3.80303e-07 0.999986 -0.00537025 -3.80303e-07 0.999986 -0.00537012 -3.80303e-07 0.999986 -0.00537188 -3.80303e-07 5.00273e-05 -0.0102508 0.999947 4.99427e-05 -0.0102335 0.999948 4.99363e-05 -0.0102322 0.999948 5.0021e-05 -0.0102495 0.999947 -0.999886 -0.0151296 -2.65727e-07 -0.999885 -0.0151314 -2.65727e-07 -0.999885 -0.0151315 -2.65727e-07 -0.999886 -0.0151298 -2.65727e-07 5.01167e-05 -0.0102695 -0.999947 5.01167e-05 -0.0102695 -0.999947 5.01167e-05 -0.0102695 -0.999947 5.01167e-05 -0.0102695 -0.999947 0.999919 0.00588697 0.0112574 0.999919 0.00588697 0.0112669 0.999919 0.00588697 0.0112763 0.999919 0.00588697 0.0112669 0.99992 0.00588539 -0.01122 0.99992 0.00588538 -0.0112388 0.999919 0.00588538 -0.0112577 0.99992 0.00588538 -0.0112388 0 -0.0109998 0.99994 0 -0.0110048 0.99994 0 -0.0110088 0.999939 0 -0.0110071 0.999939 0 -0.0110042 0.999939 0 -0.0110102 0.999939 0 -0.0110092 0.999939 0 -0.0110088 0.999939 0 -0.0110421 0.999939 0.737823 0.674994 9.072e-08 0.737824 0.674994 9.072e-08 0.737824 0.674994 9.072e-08 0.737823 0.674994 9.072e-08 0.0127037 -0.0133822 0.99983 0.0127037 -0.0133822 0.99983 0.0127037 -0.0133822 0.99983 0.0127037 -0.0133822 0.99983 -0.712423 -0.70175 1.75194e-07 -0.712411 -0.701763 1.75191e-07 -0.71241 -0.701763 1.75191e-07 -0.712422 -0.701751 1.75194e-07 0.0127037 -0.0133822 -0.99983 0.0127037 -0.0133822 -0.99983 0.0127037 -0.0133822 -0.99983 0.0127037 -0.0133822 -0.99983 -0.0143903 -0.0116078 0.999829 -0.0143761 -0.0115964 0.999829 -0.0143619 -0.0115849 0.99983 -0.0143761 -0.0115964 0.999829 0.0143759 0.0115962 0.999829 0.0143688 0.0115904 0.99983 0.0143616 0.0115847 0.99983 0.0143688 0.0115904 0.99983 0.652722 -0.757597 2.3517e-07 0.65272 -0.757599 2.35169e-07 0.65272 -0.757599 2.35169e-07 0.652722 -0.757597 2.3517e-07 0.0044132 0.003758 0.999983 0.0044132 0.003758 0.999983 0.0044132 0.003758 0.999983 0.0044132 0.003758 0.999983 -0.643883 0.765124 1.15993e-07 -0.643895 0.765114 1.15995e-07 -0.643895 0.765114 1.15995e-07 -0.643884 0.765123 1.15993e-07 0.00441321 0.003758 -0.999983 0.00439963 0.00374644 -0.999983 0.00439902 0.00374592 -0.999983 0.0044126 0.00375748 -0.999983 0.00423922 -0.00398039 0.999983 0.0042324 -0.00397398 0.999983 0.00422559 -0.00396758 0.999983 0.0042324 -0.00397398 0.999983 -0.00423943 0.00398057 0.999983 -0.00423259 0.00397415 0.999983 -0.00422575 0.00396772 0.999983 -0.00423259 0.00397415 0.999983 -0.00722548 0.00799764 -0.999942 -0.00679704 0.00752352 -0.999949 -0.00357375 0.00395655 -0.999986 -0.00400222 0.0044307 -0.999982 0.00859449 0.741922 0.670431 0.00857527 0.741922 0.670431 0.00843067 0.741923 0.670432 0.00844989 0.741923 0.670432 -0.703944 -0.0944218 -0.703952 -0.704037 -0.0930246 -0.704045 -0.702463 0.114371 -0.702471 -0.702576 0.112977 -0.702584 0.00336168 0.00371838 0.999987 0.00374988 0.00414796 0.999984 0.00667025 0.00737971 0.999951 0.00628206 0.00695014 0.999956 -0.703006 0.107489 0.703014 -0.703112 0.106096 0.70312 -0.703488 -0.100985 0.703496 -0.703587 -0.0995908 0.703595 0.00384726 0.00384728 -0.999985 0.00426462 0.00426464 -0.999982 0.00759449 0.00759454 -0.999942 0.00717715 0.00717719 -0.999949 -0.00873843 -0.707078 0.707082 -0.00872745 -0.707078 0.707082 -0.00863981 -0.707079 0.707082 -0.0086508 -0.707079 0.707082 -0.00709044 0.00709048 0.99995 -0.00670576 0.0067058 0.999955 -0.00363648 0.0036365 0.999987 -0.00402117 0.00402119 0.999984 0.703507 -0.100716 -0.703515 0.703606 -0.0993222 -0.703614 0.702986 0.107748 -0.702994 0.703092 0.106355 -0.7031 -0.00876735 0.707078 0.707081 -0.00874816 0.707078 0.707082 -0.00859499 0.707079 0.707082 -0.00861419 0.707079 0.707082 0.702486 0.114082 0.702494 0.702599 0.112687 0.702607 0.703926 -0.0946845 0.703934 0.704019 -0.0932868 0.704027 0.00854238 -0.741922 0.670431 0.00853415 -0.741922 0.670431 0.00847217 -0.741923 0.670432 0.00848041 -0.741923 0.670432 -0.999985 0.00556239 0 -0.999985 0.00556375 0 -0.999984 0.00559802 0 -0.999984 0.00559666 0 -0.00909694 0 0.999959 -0.00938546 0 0.999956 -0.00967398 0 0.999953 -0.00938546 0 0.999956 0.999983 0.00583296 0 0.999983 0.00583164 0 0.999983 0.00579844 0 0.999983 0.00579976 0 0.00895691 -2.91013e-06 0.99996 0.00929385 -2.91012e-06 0.999957 0.00963079 -2.91011e-06 0.999954 0.00929385 -2.91012e-06 0.999957 0 0.0049854 0.999988 0 0.00498987 0.999988 0 0.00510257 0.999987 0 0.0050981 0.999987 0 0.00530905 -0.999986 0 0.00531271 -0.999986 0 0.00540502 -0.999985 0 0.00540135 -0.999985 -0.669924 -0.0759168 -0.738538 -0.669924 -0.0759169 -0.738538 -0.669924 -0.0759169 -0.738538 -0.66519 0.0848124 0.741842 -0.66519 0.0848124 0.741842 -0.66519 0.0848124 0.741842 -0.65975 0.0867035 -0.746467 -0.65975 0.0867035 -0.746467 -0.65975 0.0867035 -0.746467 -0.664847 -0.0780327 0.742893 -0.664847 -0.0780327 0.742893 -0.664847 -0.0780327 0.742893 0.664927 -0.0779062 -0.742834 0.664927 -0.0779062 -0.742834 0.664927 -0.0779062 -0.742834 0.659834 0.0865725 0.746407 0.659834 0.0865725 0.746407 0.659834 0.0865725 0.746408 0.66514 0.084927 -0.741873 0.66514 0.084927 -0.741873 0.665141 0.084927 -0.741873 0.669874 -0.0760357 0.738572 0.669874 -0.0760357 0.738572 0.669874 -0.0760357 0.738572 -0.663552 0.74813 -3.3283e-07 -0.663577 0.748108 -3.32843e-07 -0.663579 0.748106 -3.32844e-07 -0.663553 0.748129 -3.32831e-07 -0.0109001 -0.00939249 -0.999896 -0.0108603 -0.00935823 -0.999897 -0.0108578 -0.00935605 -0.999897 -0.0108976 -0.00939031 -0.999896 0.641813 -0.766861 -1.60963e-07 0.641812 -0.766862 -1.60963e-07 0.641812 -0.766862 -1.60963e-07 0.641813 -0.766861 -1.60963e-07 -0.0108578 -0.00935605 0.999897 -0.0108711 -0.00936747 0.999897 -0.0108719 -0.0093682 0.999897 -0.0108586 -0.00935678 0.999897 -0.0104485 0.00981056 -0.999897 -0.0104485 0.00981056 -0.999897 -0.0104485 0.00981056 -0.999897 -0.0104485 0.00981056 -0.999897 0.0104623 -0.00982346 -0.999897 0.0104761 -0.00983641 -0.999897 0.0104899 -0.00984936 -0.999896 0.0104761 -0.00983641 -0.999897 0.999998 -0.00199404 0 0.999998 -0.00199551 0 0.999998 -0.00203096 0 0.999998 -0.0020295 0 -0.999998 -0.0014226 -0.00145025 -0.999998 -0.00141745 -0.001445 -0.999998 -0.00140955 -0.00143695 -0.999998 -0.0014147 -0.0014422 -0.999998 -0.0020125 0 -0.999998 -0.00201177 0 -0.999998 -0.00199404 0 -0.999998 -0.00199477 0 0 -0.00202305 -0.999998 0 -0.00202169 -0.999998 0 -0.00200459 -0.999998 0 -0.00200595 -0.999998 0 -0.00198349 0.999998 0 -0.00198446 0.999998 0 -0.00201777 0.999998 0 -0.0020168 0.999998 0.999995 0.00331805 0 0.999994 0.00332026 0 0.999994 0.00337365 0 0.999994 0.00337143 0 0.999994 0.00237322 -0.00239763 0.999994 0.00236289 -0.00238719 0.999994 0.00234696 -0.0023711 0.999994 0.00235729 -0.00238153 -0.999994 0.00331805 0 -0.999995 0.00332101 0 -0.999994 0.00339219 0 -0.999994 0.00338923 0 0 0.00326645 -0.999995 0 0.00326787 -0.999995 0 0.00331675 -0.999994 0 0.00331532 -0.999995 0 0.00337101 0.999994 0 0.00336381 0.999994 0 0.00327437 0.999995 0 0.00328158 0.999995 0 1 3.72765e-05 0 1 5.59133e-05 0 1 7.45502e-05 0 1 5.59134e-05 -5.62709e-05 0 -1 -5.6699e-05 0 -1 -7.39561e-05 0 -1 -7.35279e-05 0 -1 0 1 -1.86389e-05 0 1 -3.72768e-05 0 1 -5.59147e-05 0 1 -3.72769e-05 0 0 1 -1.79054e-06 0 1 -7.39561e-05 0 1 -7.21656e-05 0 1 -5.59142e-05 -1 0 -7.4101e-05 -1 0 -7.45522e-05 -1 0 -5.63655e-05 -1 0 -1.86381e-05 1 0 -3.68249e-05 1 0 -3.72761e-05 1 0 -1.90893e-05 1 0 0 0.999996 -0.00279568 0 0.999996 -0.00281437 0 0.999996 -0.00283306 0 0.999996 -0.00281437 0.00281354 0 -0.999996 0.00281311 0 -0.999996 0.00279586 0 -0.999996 0.00279629 0 -0.999996 0 0.999996 0.00283306 0 0.999996 0.00281437 0 0.999996 0.00279568 0 0.999996 0.00281437 0.00277817 0 0.999996 0.0027786 0 0.999996 0.00279586 0 0.999996 0.00279543 0 0.999996 0.00277708 -0.999996 0 0.00279527 -0.999996 0 0.00279572 -0.999996 0 0.00277753 -0.999996 0 0.00283299 0.999996 0 0.00279662 0.999996 0 0.00279571 0.999996 0 0.00283209 0.999996 0 0.624401 0.781104 5.67787e-08 0.624401 0.781104 5.67787e-08 0.624401 0.781104 5.67787e-08 0.624401 0.781104 5.67787e-08 -0.000349267 0.00027947 1 -0.000377131 0.000301766 1 -0.000378372 0.000302758 1 -0.000350507 0.000280462 1 -0.625146 -0.780508 1.13693e-07 -0.625117 -0.780531 1.13688e-07 -0.625116 -0.780532 1.13687e-07 -0.625145 -0.780509 1.13693e-07 -0.000378373 0.000302759 -1 -0.000364441 0.000291611 -1 -0.00036382 0.000291115 -1 -0.000377753 0.000302263 -1 0.000362693 0.000292563 1 0.000369949 0.000298416 1 0.000377205 0.000304269 1 0.000369949 0.000298416 1 -0.0003627 -0.000292568 1 -0.000355443 -0.000286715 1 -0.000348187 -0.000280862 1 -0.000355443 -0.000286715 1 0.639607 -0.768702 1.15223e-07 0.639591 -0.768715 1.1522e-07 0.639591 -0.768716 1.15219e-07 0.639606 -0.768702 1.15222e-07 -0.00871289 -0.00741933 0.999934 -0.0086993 -0.00740776 0.999935 -0.00869869 -0.00740724 0.999935 -0.00871228 -0.00741881 0.999935 -0.656956 0.753929 2.36696e-07 -0.656954 0.75393 2.36695e-07 -0.656954 0.753931 2.36695e-07 -0.656956 0.753929 2.36696e-07 -0.00869869 -0.00740724 -0.999935 -0.00869869 -0.00740724 -0.999935 -0.00869869 -0.00740724 -0.999935 -0.00869869 -0.00740724 -0.999935 -0.0083561 0.00784591 0.999934 -0.00834267 0.0078333 0.999935 -0.00832924 0.00782069 0.999935 -0.00834267 0.0078333 0.999935 0.00831553 -0.00780778 0.999935 0.00832895 -0.00782038 0.999935 0.00834237 -0.00783298 0.999934 0.00832895 -0.00782038 0.999935 -0.678236 0.734844 -1.70098e-07 -0.678235 0.734845 -1.70098e-07 -0.678235 0.734845 -1.70098e-07 -0.678236 0.734844 -1.70098e-07 -0.0258384 -0.0222647 -0.999418 -0.0258384 -0.0222647 -0.999418 -0.0258384 -0.0222647 -0.999418 -0.0258384 -0.0222647 -0.999418 0.626554 -0.779378 -3.14273e-07 0.626539 -0.77939 -3.14265e-07 0.626538 -0.779391 -3.14265e-07 0.626553 -0.779379 -3.14272e-07 -0.0258524 -0.0222768 0.999417 -0.0258524 -0.0222768 0.999418 -0.0258524 -0.0222768 0.999417 -0.0258524 -0.0222768 0.999418 -0.0248647 0.0233465 -0.999418 -0.0248647 0.0233465 -0.999418 -0.0248647 0.0233465 -0.999418 -0.0248647 0.0233465 -0.999418 0.0248652 -0.0233469 -0.999418 0.0248652 -0.0233469 -0.999418 0.0248652 -0.0233469 -0.999418 0.0248652 -0.0233469 -0.999418 0.739334 0.673339 1.81811e-07 0.739322 0.673352 1.81809e-07 0.739322 0.673352 1.81808e-07 0.739333 0.67334 1.81811e-07 0.0142179 -0.0149772 0.999787 0.01423 -0.01499 0.999786 0.0142307 -0.0149908 0.999786 0.0142186 -0.014978 0.999787 -0.71087 -0.703323 8.74061e-08 -0.71087 -0.703323 8.74061e-08 -0.71087 -0.703323 8.74061e-08 -0.71087 -0.703323 8.74061e-08 0.0142178 -0.0149772 -0.999787 0.014242 -0.0150027 -0.999786 0.0142436 -0.0150043 -0.999786 0.0142194 -0.0149788 -0.999787 -0.0160881 -0.0129773 0.999786 -0.0160881 -0.0129773 0.999786 -0.0160881 -0.0129773 0.999786 -0.0160881 -0.0129773 0.999786 0.0160878 0.012977 0.999786 0.0160807 0.0129713 0.999787 0.0160736 0.0129656 0.999787 0.0160807 0.0129713 0.999787 -0.027481 7.44777e-07 0.999622 0.00679486 7.45041e-07 0.999977 0.0161842 -0.119132 0.992747 -0.0210862 -0.119692 0.992587 -0.0100444 0 0.99995 -0.0213958 0.119727 0.992576 -0.0278684 -7.44769e-07 0.999612 0.0165144 0.11917 0.992737 0.00709896 -7.45039e-07 0.999975 -0.00586848 -0.999983 0 -0.0132364 -0.999912 0 -0.013608 -0.999907 0 -0.00624004 -0.999981 0 0 0.0098089 0.999952 0 0.00979978 0.999952 0 0.00979932 0.999952 0 0.00980844 0.999952 0 -0.00926374 0.999957 0 -0.00916717 0.999958 0 -0.0091623 0.999958 0 -0.00925887 0.999957 -0.00587148 0.999983 0 -0.0131774 0.999913 0 -0.0135458 0.999908 0 -0.00623991 0.999981 0 0.00879938 0 0.999961 0.00897662 0 0.99996 0.00915386 0 0.999958 0.00897662 0 0.99996 -0.0275844 0.999619 0 -0.0275844 0.999619 0 -0.0275844 0.999619 0 -0.0275844 0.999619 0 -0.0275286 0 -0.999621 -0.0275625 0 -0.99962 -0.0275657 0 -0.99962 -0.0275317 0 -0.999621 -0.0275843 -0.999619 0 -0.0276013 -0.999619 0 -0.0276029 -0.999619 0 -0.0275859 -0.999619 0 -0.0275472 0 0.99962 -0.0275472 0 0.999621 -0.0275472 0 0.99962 -0.0275472 0 0.999621 0 -0.999619 -0.027585 0 -0.999619 -0.027594 0 -0.999619 -0.0276031 0 -0.999619 -0.027594 0 0.99962 -0.0275472 0 0.99962 -0.0275653 0 0.99962 -0.0275834 0 0.99962 -0.0275653 0.0137292 -0.0137292 0.999812 0.00852558 -0.00852559 0.999927 0.000445887 -0.000445887 1 0.00565011 -0.00565011 0.999968 0.294134 0.671415 0.680211 0.286343 0.673203 0.681766 -0.26776 0.685274 0.677276 -0.259907 0.686677 0.678913 0.678499 0.281574 0.678494 0.696237 0.174686 0.696232 0.707102 0.00455643 0.707097 0.702487 0.114154 0.702482 0.00125408 0.0300266 0.999548 0.000922314 0.0220831 0.999756 0.000130511 0.00312486 0.999995 0.000462379 0.0110708 0.999939 -0.0407393 0.216529 0.975426 -0.0408896 0.199597 0.979025 -0.0411987 0.158955 0.986426 -0.0410777 0.176022 0.983529 0.00584661 0.00584662 0.999966 -0.00437838 -0.00437838 0.999981 -0.0202512 -0.0202512 0.99959 -0.0100285 -0.0100285 0.999899 0.0689234 0.704398 -0.706451 0.0688812 0.704401 -0.706453 0.066121 0.704574 -0.706543 0.0661632 0.704571 -0.706542 -0.00030769 0.00736707 0.999973 -0.000368108 0.00881367 0.999961 -0.000512258 0.0122651 0.999925 -0.000451842 0.0108185 0.999941 -0.705977 -0.0565833 0.705971 -0.70068 -0.134548 0.700674 -0.683928 -0.253954 0.683922 -0.695884 -0.177477 0.695879 -0.0534737 -0.705299 -0.70689 -0.0534617 -0.7053 -0.706891 -0.0526992 -0.70534 -0.706908 -0.0527111 -0.705339 -0.706908 0.0414608 -0.113254 0.992701 0.0412729 -0.1475 0.9882 0.0406253 -0.228497 0.972697 0.0409304 -0.194739 0.980001 -0.298374 -0.670421 0.679344 -0.290157 -0.672334 0.681011 0.281191 -0.682763 0.674363 0.27293 -0.684325 0.676172 0.0959829 0.995383 0 0.0583545 0.998296 0 0.0575084 0.998345 0 0.0951391 0.995464 0 0.0470758 -0.00140706 -0.99889 0.0459566 -0.0013736 -0.998942 0.0459319 -0.00137287 -0.998944 0.0470511 -0.00140632 -0.998892 -0.0802305 -0.996776 0 -0.0444069 -0.999014 0 -0.0436307 -0.999048 0 -0.079456 -0.996838 0 0.00979304 -0.000292706 0.999952 0.00203602 -6.08551e-05 0.999998 0.00186492 -5.57411e-05 0.999998 0.00962195 -0.000287592 0.999954 0 0.0228222 0.99974 0 0.0192537 0.999815 0 0.015685 0.999877 0 0.0192537 0.999815 0 -0.000487749 1 0 0.00532474 0.999986 0 0.011137 0.999938 0 0.00532473 0.999986 0.49781 0.311579 0.809385 0.49781 0.311579 0.809385 0.49781 0.311579 0.809385 -0.0278903 0.289086 0.956897 -0.0278903 0.289086 0.956897 -0.0278903 0.289086 0.956897 0.708545 0.00287054 0.70566 0.708545 0.00287052 0.70566 0.708545 0.00287052 0.70566 -0.0465981 0.124591 0.991113 -0.0465981 0.124591 0.991113 -0.0465981 0.124591 0.991113 -0.722089 -0.0309686 0.691107 -0.722089 -0.0309686 0.691107 -0.722089 -0.0309686 0.691107 0.0454554 -0.0937909 0.994554 0.0454554 -0.0937909 0.994554 0.0454554 -0.0937909 0.994554 -0.486591 -0.32453 0.811116 -0.486591 -0.32453 0.811116 -0.486591 -0.32453 0.811116 0.0284057 -0.279559 0.959708 0.0284057 -0.279559 0.959708 0.0284057 -0.279559 0.959708 -0.140392 -0.733465 0.665071 0.167704 -0.73443 0.657638 0.134347 -0.678577 0.722138 -0.0504645 -0.682492 0.729149 0 -0.579842 0.814729 0 -0.577139 0.816646 0 -0.562069 0.82709 0 -0.566817 0.823844 0.0635453 0.740352 -0.669209 0.0725682 0.739774 -0.668931 0.074552 0.681076 -0.728407 0.0586119 0.680515 -0.730386 0 -0.630554 0.776145 0 -0.630393 0.776276 0 -0.625896 0.779907 0 -0.627051 0.778978 -0.0582357 -0.741616 -0.668292 -0.0510388 -0.742005 -0.668449 -0.0460515 -0.681164 -0.730681 -0.0599588 -0.681983 -0.728906 0 0.601047 0.799214 0 0.600786 0.79941 0 0.593343 0.80495 0 0.59533 0.803481 -0.172173 0.734847 0.656016 0.13528 0.73501 0.664424 0.0992928 0.679207 0.7272 -0.0863529 0.681451 0.726752 0 0.618338 0.785913 0 0.614357 0.789028 0 0.59302 0.805188 0 0.601678 0.798739 0 0.60946 0.792817 0 0.608894 0.793252 0.0257279 0.624921 0.780264 -0.0350786 0.625849 0.779155 0 0.589335 0.807889 0 0.589521 0.807753 -0.0387227 -0.624422 -0.780127 -0.059211 -0.623421 -0.779642 0.0785855 0.621326 -0.779601 0.056 0.62269 -0.780462 0 -0.57666 0.816984 0 -0.575673 0.81768 0.066831 -0.624512 0.778151 0.00606979 -0.624791 0.780769 0 -0.621686 0.783267 0 -0.621912 0.783087 -0.00986504 7.45022e-07 0.999951 0.0246876 7.44831e-07 0.999695 0.0339892 -0.121152 0.992052 -0.00353662 -0.117674 0.993046 0.00773061 0 0.99997 -0.00357694 0.117679 0.993045 -0.00990782 -7.45021e-07 0.999951 0.0340722 0.121162 0.992048 0.0247737 -7.44829e-07 0.999693 0.0112553 -0.999937 0 0.00389502 -0.999992 0 0.00352384 -0.999994 0 0.0108841 -0.999941 0 0 -0.00915562 0.999958 0 -0.00916149 0.999958 0 -0.00916179 0.999958 0 -0.00915592 0.999958 0 0.00926431 0.999957 0 0.00928195 0.999957 0 0.00928284 0.999957 0 0.0092652 0.999957 0.0111874 0.999937 0 0.0038921 0.999992 0 0.00352419 0.999994 0 0.0108195 0.999941 0 -0.00935384 0 0.999956 -0.00931778 0 0.999957 -0.00928173 0 0.999957 -0.00931778 0 0.999957 0.999968 0.00802619 -1.42124e-06 0.999968 0.00801243 -1.42124e-06 0.999968 0.00801215 -1.42124e-06 0.999968 0.0080259 -1.42124e-06 -9.37369e-06 0.00663518 0.999978 -9.3479e-06 0.00661693 0.999978 -9.34736e-06 0.00661655 0.999978 -9.37315e-06 0.0066348 0.999978 -0.999986 0.0052256 -1.75088e-07 -0.999986 0.0052211 -1.75088e-07 -0.999986 0.00522101 -1.75088e-07 -0.999986 0.00522551 -1.75088e-07 -9.37396e-06 0.00663518 -0.999978 -9.37396e-06 0.00663518 -0.999978 -9.37396e-06 0.00663518 -0.999978 -9.37396e-06 0.00663518 -0.999978 0.00663509 3.90638e-05 0.999978 0.00662571 3.90085e-05 0.999978 0.00661632 3.89532e-05 0.999978 0.00662571 3.90085e-05 0.999978 -0.00657886 -3.87118e-05 0.999978 -0.00660698 -3.88773e-05 0.999978 -0.00663509 -3.90427e-05 0.999978 -0.00660698 -3.88773e-05 0.999978 -0.999799 -0.0200497 4.28334e-07 -0.999799 -0.0200687 4.28334e-07 -0.999799 -0.0200702 4.28334e-07 -0.999799 -0.0200511 4.28334e-07 7.4038e-05 -0.0151712 -0.999885 7.4038e-05 -0.0151712 -0.999885 7.4038e-05 -0.0151712 -0.999885 7.4038e-05 -0.0151712 -0.999885 0.999947 -0.0103114 2.16489e-07 0.999947 -0.0103096 2.16489e-07 0.999947 -0.0103095 2.16489e-07 0.999947 -0.0103113 2.16489e-07 7.4129e-05 -0.0151898 0.999885 7.40446e-05 -0.0151725 0.999885 7.40382e-05 -0.0151712 0.999885 7.41226e-05 -0.0151885 0.999885 0.0151713 8.93203e-05 0.999885 0.0151618 8.92646e-05 0.999885 0.0151524 8.92089e-05 0.999885 0.0151618 8.92646e-05 0.999885 -0.0151899 -8.94059e-05 0.999885 -0.0151805 -8.93502e-05 0.999885 -0.015171 -8.92945e-05 0.999885 -0.0151805 -8.93502e-05 0.999885 0.999998 -0.00197569 0 0.999998 -0.00197569 0 0.999998 -0.00197569 0 0.999998 -0.00197569 0 0.999998 0 0.00197439 0.999998 0 0.001974 0.999998 0 0.00193368 0.999998 0 0.00193407 -0.0019757 0.999998 0 -0.00193835 0.999998 0 -0.001901 0.999998 0 -0.00193835 0.999998 0 0 -0.999998 0.00197564 0 -0.999998 0.00201256 0 -0.999998 0.00201292 0 -0.999998 0.001976 0 0.999998 0.00197564 0 0.999998 0.00193872 0 0.999998 0.00193837 0 0.999998 0.00197529 0.999984 -0.00562866 0 0.999984 -0.00562866 0 0.999984 -0.00562866 0 0.999984 -0.00562866 0 0.999984 0 0.00562803 0.999984 0 0.00562788 0.999984 0 0.00561276 0.999984 0 0.00561291 -0.00564741 0.999984 0 -0.0056193 0.999984 0 -0.00559119 0.999984 0 -0.0056193 0.999984 0 0 -0.999984 0.0056287 0 -0.999984 0.00559178 0 -0.999984 0.00559142 0 -0.999984 0.00562834 0 0.999984 0.00564733 0 0.999984 0.00562887 0 0.999984 0.00562869 0 0.999984 0.00564715 0.00695523 -0.00695513 -0.999952 0.01162 -0.0116199 -0.999865 0.0188612 -0.018861 -0.999644 0.0141973 -0.0141971 -0.999798 -0.273856 -0.6764 -0.68373 -0.266807 -0.677894 -0.685035 0.289657 -0.68066 -0.672905 0.282642 -0.682048 -0.674481 -0.672649 -0.308369 -0.672646 -0.694267 -0.189716 -0.694263 -0.707109 0.000156224 -0.707105 -0.701814 -0.122143 -0.701811 7.09025e-05 0.00169763 -0.999999 0.000307426 0.00736074 -0.999973 0.00087171 0.0208714 -0.999782 0.000635222 0.0152092 -0.999884 0.0414059 -0.124306 -0.99138 0.041319 -0.139928 -0.989299 0.0410702 -0.17706 -0.983343 0.0411815 -0.161528 -0.986009 -0.0151374 -0.0151374 -0.999771 -0.00548635 -0.00548635 -0.99997 0.00949911 0.00949911 -0.99991 -0.000152788 -0.000152788 -1 -0.0919079 -0.702887 0.705339 -0.0918627 -0.70289 0.705341 -0.0885601 -0.703146 0.705509 -0.0886053 -0.703143 0.705507 -0.000339976 0.00814008 -0.999967 -0.000217619 0.00521047 -0.999986 7.43239e-05 -0.00177955 -0.999998 -4.80362e-05 0.00115014 -0.999999 0.706846 0.0272501 -0.706842 0.702612 0.112596 -0.702608 0.685832 0.243463 -0.685828 0.698037 0.159666 -0.698034 0.100192 0.70221 0.704884 0.100184 0.702211 0.704885 0.0995663 0.702263 0.70492 0.0995749 0.702263 0.70492 -0.0410798 0.17577 -0.983574 -0.0410917 0.174176 -0.983857 -0.0411194 0.170371 -0.984522 -0.0411079 0.171966 -0.984245 0.301675 0.670114 -0.678188 0.29433 0.671834 -0.679712 -0.278249 0.682897 -0.675448 -0.270851 0.684292 -0.677041 -0.134201 -0.990954 0 -0.0604984 -0.998168 0 -0.0588392 -0.998267 0 -0.132553 -0.991176 0 -0.0718315 0.00192277 0.997415 -0.0707621 0.00189414 0.997491 -0.070741 0.00189358 0.997493 -0.0718104 0.00192221 0.997416 0.142089 0.989854 0 0.0725611 0.997364 0 0.071052 0.997473 0 0.140591 0.990068 0 0.0049587 -0.000132734 -0.999988 0.0109343 -0.000292689 -0.99994 0.0110521 -0.000295842 -0.999939 0.0050765 -0.000135887 -0.999987 0 0.00133823 -0.999999 0 -0.00059378 -1 0 -0.0025258 -0.999997 0 -0.00059379 -1 0 -0.0204136 -0.999792 0 -0.0241857 -0.999707 0 -0.0279574 -0.999609 0 -0.0241857 -0.999707 -0.463163 -0.350744 -0.813915 -0.463163 -0.350744 -0.813915 -0.463163 -0.350744 -0.813915 0.0348814 -0.152522 -0.987684 0.0348814 -0.152522 -0.987684 0.0348814 -0.152522 -0.987684 -0.707062 0.00011149 -0.707151 -0.707062 0.000111473 -0.707151 -0.707062 0.00011149 -0.707151 0.0465332 -0.1228 -0.99134 0.0465332 -0.1228 -0.99134 0.0465332 -0.1228 -0.99134 0.71471 0.015444 -0.699251 0.71471 0.015444 -0.699251 0.71471 0.015444 -0.699251 -0.0465935 0.124466 -0.991129 -0.0465935 0.124466 -0.991129 -0.0465935 0.124466 -0.991129 0.493257 0.316859 -0.810122 0.493257 0.316859 -0.810122 0.493257 0.316859 -0.810122 -0.0321842 0.207182 -0.977773 -0.0321842 0.207182 -0.977773 -0.0321842 0.207182 -0.977773 0.0188369 0.874176 -0.485243 -0.244011 0.850109 -0.466662 -0.170445 0.77175 -0.612659 -0.00727583 0.795826 -0.605482 5.00889e-06 0.662024 -0.749483 5.01792e-06 0.66049 -0.750835 2.34331e-06 0.641784 -0.766885 -2.23868e-06 0.617447 -0.786613 -0.085769 -0.855096 0.511327 -0.0998676 -0.853826 0.510889 -0.103272 -0.787159 0.608043 -0.0761901 -0.776879 0.625023 -0.536222 0.491274 -0.686379 -0.536934 0.489218 -0.68729 -0.0846556 0.636617 -0.766519 -0.394531 0.513507 -0.762008 0.110178 0.854227 0.508091 0.0992441 0.85532 0.508506 0.0912371 0.775998 0.624102 0.11324 0.786438 0.607201 -4.83889e-06 -0.674819 -0.737983 -4.84169e-06 -0.674352 -0.73841 2.24937e-06 -0.621955 -0.783053 -2.29278e-06 -0.650313 -0.759666 0.273583 -0.844251 -0.460861 0.0134763 -0.87527 -0.483447 -0.0396074 -0.794967 -0.605358 0.134157 -0.775443 -0.617001 0.525105 -0.5049 -0.685085 0.528293 -0.49583 -0.689245 0.392623 -0.506698 -0.767531 0.0846088 -0.642725 -0.761411 -3.02667e-06 -0.661676 -0.74979 -3.02219e-06 -0.662931 -0.748681 -0.0147715 -0.664641 -0.747016 0.0369931 -0.665415 -0.745556 3.2946e-06 -0.607774 -0.79411 3.29352e-06 -0.608113 -0.79385 0.0755279 0.691742 0.718184 0.109504 0.688878 0.716558 -0.110929 -0.693914 0.711462 -0.0734678 -0.697111 0.71319 -3.17439e-06 0.632855 -0.77427 -3.18381e-06 0.630031 -0.77657 -0.0527469 0.671514 -0.739112 0.00790192 0.671163 -0.741267 3.30276e-06 0.666884 -0.745161 3.30353e-06 0.666688 -0.745337 0.00750983 -0.00750973 -0.999944 0.00977153 -0.00977141 -0.999905 0.0132827 -0.0132825 -0.999824 0.0110212 -0.011021 -0.999878 -0.279791 -0.674668 -0.683037 -0.274858 -0.675749 -0.683971 0.0639473 -0.706611 -0.704707 0.0588224 -0.706758 -0.705006 -0.667957 -0.328134 -0.667953 -0.691957 -0.205906 -0.691953 -0.707076 -0.00955584 -0.707073 -0.700532 -0.136071 -0.700528 0.00536544 0.000908063 -0.999985 -0.00252391 -0.000427154 -0.999997 -0.00455952 -0.000771666 -0.999989 0.00332984 0.000563552 -0.999994 0.490086 -0.705229 -0.512316 0.464098 -0.722688 -0.512187 0.203806 -0.849245 -0.487079 0.406501 -0.757928 -0.510198 -0.0136265 -0.0136265 -0.999814 -0.00367858 -0.00367859 -0.999986 0.0117672 0.0117673 -0.999861 0.00181903 0.00181903 -0.999997 0.0439684 -0.707023 0.705823 0.0439779 -0.707023 0.705822 0.0446641 -0.707011 0.705791 0.0446545 -0.707011 0.705792 -0.00323942 0.0775621 -0.996982 -0.00321752 0.0770375 -0.997023 -0.00316524 0.0757859 -0.997119 -0.00318715 0.0763105 -0.997079 0.706475 0.0423068 -0.706472 0.701391 0.126914 -0.701387 0.68346 0.256454 -0.683457 0.696381 0.173531 -0.696377 -0.0446035 0.707012 0.705794 -0.0446074 0.707011 0.705794 -0.0448807 0.707007 0.705781 -0.0448768 0.707007 0.705782 0.254172 0.898659 -0.357504 -0.198311 0.851083 -0.486138 -0.599578 0.619394 -0.506811 -0.446347 0.734042 -0.511817 0.303949 0.669091 -0.678183 0.298727 0.670337 -0.679272 -0.0529729 0.706902 -0.705325 -0.0475027 0.707015 -0.705602 0.0327129 -0.999465 0 0.0455273 -0.998963 0 0.0458151 -0.99895 0 0.0330008 -0.999455 0 0.0630944 -0.00171517 0.998006 0.0634304 -0.0017243 0.997985 0.0634371 -0.00172448 0.997984 0.0631011 -0.00171535 0.998006 -0.0302707 0.999542 0 -0.0483571 0.99883 0 -0.0487485 0.998811 0 -0.0306623 0.99953 0 0.00562713 -0.000168191 -0.999984 -0.00371994 0.000111186 -0.999993 -0.00392611 0.000117349 -0.999992 0.00542097 -0.000162029 -0.999985 0 0.00556778 -0.999985 0 0.0502707 -0.998736 0 0.0948729 -0.995489 0 0.0502705 -0.998736 0 -0.0145566 -0.999894 0 -0.0199852 -0.9998 0 -0.0254131 -0.999677 0 -0.0199852 -0.9998 -0.449269 -0.365811 -0.81507 -0.449269 -0.365811 -0.81507 -0.449269 -0.365811 -0.81507 0.0747209 -0.698777 -0.711427 0.0747209 -0.698777 -0.711427 0.0747209 -0.698777 -0.711427 -0.710243 -0.00630773 -0.703928 -0.710243 -0.00630769 -0.703928 -0.710243 -0.00630773 -0.703928 0.0380098 0.0855449 -0.995609 0.0380098 0.0855449 -0.995609 0.0380098 0.0855449 -0.995609 0.718676 0.0237277 -0.69494 0.718676 0.0237277 -0.69494 0.718676 0.0237277 -0.69494 -0.0450255 0.0824658 -0.995576 -0.0450255 0.0824658 -0.995576 -0.0450255 0.0824658 -0.995576 0.480018 0.331997 -0.81201 0.480018 0.331997 -0.81201 0.480018 0.331997 -0.81201 -0.0625827 0.700403 -0.710999 -0.0625827 0.700403 -0.710999 -0.0625827 0.700403 -0.710999 0.123754 0.86536 -0.48563 -0.0503999 0.872536 -0.485943 0.0606038 0.762927 -0.643638 0.107432 0.784411 -0.610866 -0.0732045 0.888531 -0.452939 -0.0696513 0.889347 -0.451896 -0.103391 0.872042 -0.478386 -0.0397648 0.849734 -0.52571 0.0413924 -0.859066 0.510189 0.0390553 -0.859123 0.510276 0.0419592 -0.791665 0.609512 0.0473216 -0.780038 0.623941 -0.488874 0.472484 -0.733322 -0.489349 0.470884 -0.734034 -0.0745916 0.566781 -0.820485 -0.354799 0.483502 -0.800214 -0.0388523 0.860462 0.508031 -0.0418057 0.860387 0.507924 -0.0478851 0.780224 0.623665 -0.0411355 0.791801 0.609392 0.066587 -0.890845 -0.449401 0.0702964 -0.889979 -0.45055 0.0361555 -0.85539 -0.516721 0.0996181 -0.873839 -0.475901 0.103691 -0.870165 -0.481726 -0.105644 -0.868003 -0.48519 -0.157255 -0.778578 -0.607526 -0.0906578 -0.760103 -0.643447 0.48285 -0.471051 -0.738219 0.48476 -0.464459 -0.741139 0.353908 -0.471007 -0.808023 0.07536 -0.562964 -0.823039 -3.30138e-06 -0.575442 -0.817842 -3.29909e-06 -0.576248 -0.817275 -0.128499 -0.656653 -0.743165 -0.178861 -0.650312 -0.738311 2.61497e-06 -0.776359 -0.63029 2.59771e-06 -0.77972 -0.626129 -0.0541205 0.695253 0.716724 -0.0449029 0.69539 0.717228 0.0441267 -0.700723 0.712068 0.050294 -0.700644 0.711736 -2.47497e-06 0.797231 -0.603674 -2.45904e-06 0.80016 -0.599787 0.181617 0.656386 -0.732238 0.139828 0.661831 -0.736497 3.60262e-06 0.582521 -0.812816 3.60238e-06 0.582599 -0.81276 -0.999997 0.00242703 6.78711e-08 -0.999997 0.00252934 6.78711e-08 -0.999997 0.00253707 6.78711e-08 -0.999997 0.00243476 6.78711e-08 -3.60199e-05 0.00738064 -0.999973 -3.59352e-05 0.00736329 -0.999973 -3.59288e-05 0.00736199 -0.999973 -3.60135e-05 0.00737933 -0.999973 0.999924 0.0123341 -9.16337e-09 0.999925 0.0122145 -9.16338e-09 0.999925 0.0122055 -9.16338e-09 0.999924 0.0123251 -9.16336e-09 -3.58363e-05 0.00734324 0.999973 -3.60056e-05 0.00737793 0.999973 -3.60183e-05 0.00738055 0.999973 -3.58491e-05 0.00734586 0.999973 -0.00738112 -4.3456e-05 0.999973 -0.00738112 -4.3456e-05 0.999973 -0.00738112 -4.3456e-05 0.999973 -0.00738112 -4.3456e-05 0.999973 0.00734355 4.32231e-05 0.999973 0.0073528 4.32776e-05 0.999973 0.00736206 4.33321e-05 0.999973 0.0073528 4.32776e-05 0.999973 -1 -0.000219591 -1.99318e-07 -1 -0.000221351 -1.99318e-07 -1 -0.000221484 -1.99318e-07 -1 -0.000219724 -1.99318e-07 -2.2739e-05 0.00465946 -0.999989 -2.2739e-05 0.00465946 -0.999989 -2.2739e-05 0.00465946 -0.999989 -2.2739e-05 0.00465946 -0.999989 0.999955 0.00953852 8.44201e-07 0.999954 0.00955762 8.44201e-07 0.999954 0.00955906 8.44201e-07 0.999954 0.00953997 8.44201e-07 -2.2739e-05 0.00465947 0.999989 -2.26544e-05 0.00464213 0.999989 -2.2648e-05 0.00464082 0.999989 -2.27326e-05 0.00465816 0.999989 -0.00464085 -2.73228e-05 0.999989 -0.00465009 -2.73772e-05 0.999989 -0.00465933 -2.74316e-05 0.999989 -0.00465009 -2.73772e-05 0.999989 0.0046595 2.74252e-05 0.999989 0.0046595 2.74252e-05 0.999989 0.0046595 2.74252e-05 0.999989 0.0046595 2.74252e-05 0.999989 -0.999945 0.0104418 3.63679e-07 -0.999945 0.0104922 3.63679e-07 -0.999945 0.010496 3.63679e-07 -0.999945 0.0104456 3.63679e-07 -7.49478e-05 0.0153576 -0.999882 -7.46937e-05 0.0153055 -0.999883 -7.46745e-05 0.0153016 -0.999883 -7.49286e-05 0.0153537 -0.999882 0.999796 0.0201987 2.80592e-07 0.999795 0.0202525 2.80592e-07 0.999795 0.0202566 2.80592e-07 0.999796 0.0202028 2.80592e-07 -7.49478e-05 0.0153576 0.999882 -7.47784e-05 0.0153229 0.999883 -7.47656e-05 0.0153203 0.999883 -7.4935e-05 0.015355 0.999882 -0.0153207 -9.01996e-05 0.999883 -0.015339 -9.03075e-05 0.999882 -0.0153573 -9.04153e-05 0.999882 -0.015339 -9.03075e-05 0.999882 0.0153573 9.0391e-05 0.999882 0.0153573 9.0391e-05 0.999882 0.0153573 9.0391e-05 0.999882 0.0153573 9.0391e-05 0.999882 0.999959 -0.00904394 2.52288e-07 0.999959 -0.00904218 2.52288e-07 0.999959 -0.00904205 2.52288e-07 0.999959 -0.00904381 2.52288e-07 6.79463e-05 -0.0139225 0.999903 6.7777e-05 -0.0138878 0.999904 6.77642e-05 -0.0138852 0.999904 6.79335e-05 -0.0139199 0.999903 -0.999823 -0.018801 -3.1095e-07 -0.999823 -0.0188028 -3.1095e-07 -0.999823 -0.0188029 -3.1095e-07 -0.999823 -0.0188011 -3.1095e-07 6.7944e-05 -0.0139225 -0.999903 6.80287e-05 -0.0139398 -0.999903 6.80351e-05 -0.0139411 -0.999903 6.79504e-05 -0.0139238 -0.999903 -0.013922 -8.19649e-05 0.999903 -0.0139036 -8.18567e-05 0.999903 -0.0138852 -8.17484e-05 0.999904 -0.0139036 -8.18567e-05 0.999903 0.013959 8.21609e-05 0.999903 0.0139406 8.20527e-05 0.999903 0.0139222 8.19444e-05 0.999903 0.0139406 8.20527e-05 0.999903 0.999894 0.014576 -1.3724e-06 0.999894 0.0145774 -1.3724e-06 0.999893 0.0146101 -1.3724e-06 0.999893 0.0146089 -1.3724e-06 0.0135168 0.00540286 0.999894 0.0135257 0.00540643 0.999894 0.0135339 0.00540968 0.999894 0.0135249 0.00540611 0.999894 -0.999894 0.0145788 1.3724e-06 -0.999894 0.0145786 1.3724e-06 -0.999894 0.014575 1.3724e-06 -0.999894 0.0145751 1.3724e-06 0 0.014575 -0.999894 0 0.014575 -0.999894 0 0.014575 -0.999894 0 0.014575 -0.999894 0 0.0145746 0.999894 0 0.0145739 0.999894 0 0.0145566 0.999894 0 0.0145574 0.999894 -0.041172 0.0653138 0.997015 0.00374858 0.0657162 0.997831 0.00415032 -0.0012065 0.999991 0.00161902 0.0012394 0.999998 -1.07024e-07 -0.00404285 0.999992 -1.12413e-07 0.0204437 0.999791 3.04175e-08 0.0172378 0.999852 -6.92207e-08 0.000628236 1 -0.000489006 -0.0133054 0.999911 0.00396108 0.0308689 0.999516 0.00397365 0.0319884 0.99948 0.000281494 -0.00547361 0.999985 0.000326791 -0.0127605 0.999919 -0.00769687 0.0433587 0.99903 -0.00782534 0.0518229 0.998626 -0.000629737 -0.0068402 0.999976 0.00380248 0.0257441 0.999661 -0.0147411 0.00597614 0.999873 -0.0150589 0.00853414 0.99985 -0.0036856 0.0250065 0.99968 0.00611061 -0.0251354 0.999665 0.00621609 -0.0311242 0.999496 -0.0334383 -0.00912803 0.999399 -0.0262855 -0.00852725 0.999618 -0.00368365 -0.044988 0.998981 -0.0036847 -0.0450756 0.998977 -0.0132219 -0.0649035 0.997804 0.0276492 -0.0646474 0.997525 0.000577537 0.999965 0.0083005 0.000811819 0.999965 0.00830079 0.0031029 0.999961 0.00830353 0.00285883 0.999961 0.00830324 0.00154064 0.999868 -0.0162039 0.001592 0.99987 -0.0160503 0.00194813 0.999234 -0.0390769 0.00183782 0.999234 -0.0390777 0.00226273 0.999924 -0.0121483 0.00221969 0.999924 -0.0121483 -1.63128e-07 -0.0175666 0.999846 8.38011e-09 0.00303339 0.999995 -2.04781e-07 -0.0162733 0.999868 1.96127e-07 0.0158939 0.999874 -1.26286e-07 -0.0210789 0.999778 -0.00568382 -0.999984 0 -0.00563733 -0.999984 0 -0.00536764 -0.999957 -0.00757231 -0.00497287 -0.999961 -0.00725783 -0.00388755 -0.999992 0 -0.00414957 -0.999991 0 -0.00671831 -0.999977 0 -0.0064563 -0.999979 0 -0.00649557 -0.998744 -0.0496908 -0.00641751 -0.998744 -0.0496931 0.00331753 -0.999995 0 0.00329896 -0.999995 0 0.00328038 -0.999995 0 0.00329896 -0.999995 0 -0.999995 0 0.0032417 -0.999995 0 0.0032417 -0.999995 0 0.0032417 -0.999995 0 0.0032417 -0.00328038 -0.999995 0 -0.00328038 -0.999995 0 -0.00328038 -0.999995 0 -0.00328038 -0.999995 0 0 0.999995 0.0032803 0 0.999994 0.00331675 0 0.999995 0.00331757 0 0.999995 0.00328112 0 -0.999995 0.0032803 0 -0.999994 0.00331675 0 -0.999995 0.00331757 0 -0.999995 0.00328112 -0.00158425 0.999999 0 -0.00161216 0.999999 0 -0.00164008 0.999999 0 -0.00161216 0.999999 0 0.999999 0 -0.00165902 0.999999 0 -0.00165864 0.999999 0 -0.00164141 0.999999 0 -0.0016418 0.00156559 0.999999 0 0.0015935 0.999999 0 0.00162141 0.999999 0 0.0015935 0.999999 0 0 -0.999999 -0.00158423 0 -0.999999 -0.00156601 0 -0.999999 -0.0015656 0 -0.999999 -0.00158382 0 0.999999 -0.0015656 0 0.999999 -0.00158383 0 0.999999 -0.00158424 0 0.999999 -0.00156601 0.0253105 0.99968 0 0.0253105 0.99968 0 0.0253105 0.99968 0 0.0253105 0.99968 0 0.0253292 0 -0.999679 0.0253292 0 -0.999679 0.0253292 0 -0.999679 0.0253292 0 -0.999679 0.0253291 -0.999679 0 0.025312 -0.99968 0 0.0253104 -0.99968 0 0.0253275 -0.999679 0 0 -0.99968 0.0253111 0 -0.99968 0.0253111 0 -0.99968 0.0253111 0 -0.99968 0.0253111 0 0.999679 0.0253479 0 0.999679 0.0253288 0 0.99968 0.0253097 0 0.999679 0.0253288 0.0077535 0.99997 0 0.00770226 0.99997 0 0.00769753 0.99997 0 0.00774877 0.99997 0 0.00767891 0 -0.999971 0.00766183 0 -0.999971 0.00766025 0 -0.999971 0.00767734 0 -0.999971 0.00773479 -0.99997 0 0.00773479 -0.99997 0 0.00773479 -0.99997 0 0.00773479 -0.99997 0 0.00764166 0 0.999971 0.00767582 0 0.999971 0.00767897 0 0.999971 0.00764481 0 0.999971 0 -0.99997 0.007716 0 -0.99997 0.00772539 0 -0.99997 0.00773478 0 -0.99997 0.00772539 0 0.99997 0.00769723 0 0.99997 0.00772539 0 0.99997 0.00775357 0 0.99997 0.00772539 -0.01437 0.999897 0 -0.014404 0.999896 0 -0.0144072 0.999896 0 -0.0143731 0.999897 0 -0.0143699 0 -0.999897 -0.0143529 0 -0.999897 -0.0143513 0 -0.999897 -0.0143684 0 -0.999897 -0.0144445 -0.999896 0 -0.0143934 -0.999896 0 -0.0143887 -0.999896 0 -0.0144398 -0.999896 0 0 -0.999897 -0.0143332 0 -0.999897 -0.0143608 0 -0.999896 -0.0143883 0 -0.999897 -0.0143608 0 0.999896 -0.0143888 0 0.999897 -0.0143797 0 0.999897 -0.0143705 0 0.999897 -0.0143797 0.0079401 -0.999968 0 0.00795859 -0.999968 0 0.00797708 -0.999968 0 0.00795859 -0.999968 0 -0.999968 0 0.00801323 -0.999968 0 0.00801446 -0.999967 0 0.00806903 -0.999967 0 0.0080678 -0.00792132 -0.999969 0 -0.00796754 -0.999968 0 -0.00801376 -0.999968 0 -0.00796754 -0.999968 0 0.999968 0 0.00797505 0.999968 0 0.00797589 0.999968 0 0.00801323 0.999968 0 0.00801238 0 0.999968 0.00797709 0 0.999969 0.00792243 0 0.999969 0.0079212 0 0.999968 0.00797586 0 -0.999969 0.00792119 0 -0.999968 0.00793941 0 -0.999968 0.00793982 0 -0.999969 0.0079216 0.0115563 -0.999933 0 0.0115563 -0.999933 0 0.0115563 -0.999933 0 0.0115563 -0.999933 0 -0.999934 0 0.0114987 -0.999934 0 0.0114991 -0.999934 0 0.0115163 -0.999934 0 0.0115159 -0.0116111 -0.999933 0 -0.0115835 -0.999933 0 -0.0115558 -0.999933 0 -0.0115835 -0.999933 0 0.999934 0 0.0115192 0.999934 0 0.0115205 0.999933 0 0.011575 0.999933 0 0.0115738 0 0.999934 0.011537 0 0.999933 0.0115735 0 0.999933 0.0115743 0 0.999933 0.0115378 0 -0.999933 0.0116115 0 -0.999933 0.0115569 0 -0.999933 0.0115556 0 -0.999933 0.0116103 0.999996 0.00291272 3.72688e-08 0.999996 0.00291275 3.90575e-08 0.999996 0.00291101 7.8115e-08 0.999996 0.00291218 7.45377e-08 0.00691896 -0.000859101 0.999976 0.0068624 -0.000768774 0.999976 0.00666529 -0.000453998 0.999978 0.00672069 -0.000542459 0.999977 -0.999996 0.00291327 0 -0.999996 0.00291305 0 -0.999996 0.00291311 0 -0.999996 0.00291235 0 0 0.00291421 -0.999996 0 0.00291292 -0.999996 0 0.00291265 -0.999996 0 0.00291535 -0.999996 0 0.00291276 0.999996 0 0.00291181 0.999996 0 0.00291284 0.999996 0 0.00291292 0.999996 -0.969453 -0.245261 -0.00271901 -0.969433 -0.245314 -0.00451554 -0.969429 -0.245324 -0.00486068 -0.96945 -0.245271 -0.00305678 -0.999996 0.00291382 0 -0.999996 0.00291417 0 0.999996 0.00291447 0 0.999996 0.00291325 0 0 0.00180195 -0.999998 0 0.00180015 -0.999998 0 0.00179772 -0.999998 0 0.00180166 -0.999998 0.999998 0.00180023 0 0.999998 0.00180099 0 0.999998 0.00180129 0 0.999998 0.00180073 0 0.999998 0.00180116 0 0.999998 0.00180106 0 0 0.00180037 0.999998 0 0.00180019 0.999998 0 0.00179951 0.999998 0 0.001799 0.999998 -0.999998 0.00180138 0 -0.999998 0.00180138 0 -0.999998 0.00179994 0 -0.999998 0.00180065 0 -0.999998 0.0018028 0 -0.999998 0.0018021 0 0 -0.0152678 -0.999883 0 -0.0202572 -0.999795 0 -0.0202476 -0.999795 0 -0.0153055 -0.999883 -0.999996 0.00291329 0 -0.999996 0.00291269 0 -0.999996 0.00291376 0 0 0.00291295 -0.999996 0 0.00291525 -0.999996 0.999996 0.00291269 0 0.999996 0.00291245 0 0.999996 0.00291293 0 0.0113579 0.0100951 -0.999885 0.0147011 0.0130667 -0.999807 0.016402 0.0112606 -0.999802 0.0124281 0.00853232 -0.999886 -0.604317 0.796744 0 -0.596972 0.802262 0 -0.546133 0.837698 0 -0.558448 0.829539 0 0.0267754 -0.00604792 -0.999623 0.00328121 -0.0100716 -0.999944 -5.08601e-06 -0.0128749 -0.999917 0.0163314 -0.0186001 -0.999694 0.573555 -0.819167 0 0.570436 -0.821342 0 0.516535 -0.856266 0 0.522922 -0.852381 0 0.8503 0.526298 0 0.850299 0.5263 0 0.850274 0.526341 0 0.850282 0.526328 0 -0.841724 0.539907 0 -0.841743 0.539879 0 -0.842035 0.539423 0 -0.841913 0.539614 0 0.893097 -0.449864 2.67228e-07 0.892969 -0.450118 2.67189e-07 0.889312 -0.457301 2.66095e-07 0.89041 -0.455159 2.66424e-07 -0.846161 -0.532928 0 -0.84616 -0.532929 0 -0.846153 -0.53294 0 -0.846156 -0.532936 0 -0.0177015 -0.0180814 0.99968 0.00236881 0.0139707 0.9999 0.00812231 0.0231563 0.999699 -0.0120705 -0.00908722 0.999886 -0.979271 0.201244 -0.0229981 -0.979298 0.201306 -0.0212515 -0.979303 0.201319 -0.0208988 -0.979277 0.201256 -0.0226553 0 0.0018008 -0.999998 0 0.00180098 -0.999998 0 0.0017996 -0.999998 0 0.00180154 -0.999998 -0.0141033 -0.00318314 -0.999896 -0.0128392 -0.00493686 -0.999905 -0.00240786 -0.0129169 -0.999914 -0.00280505 -0.0127827 -0.999914 -7.77723e-09 -0.0151598 -0.999885 -5.44436e-09 -0.0104011 -0.999946 -5.46812e-09 -0.0104053 -0.999946 -7.81595e-09 -0.0151383 -0.999885 0.0114339 0.0101627 -0.999883 0.00837956 0.00744793 -0.999937 0.00889955 0.00610986 -0.999942 0.0124315 0.00853468 -0.999886 0 0.00291282 0.999996 0 0.00291226 0.999996 0 0.00291145 0.999996 0 0.00291327 0.999996 0 0.00291364 -0.999996 0 0.00291292 -0.999996 0 0.00291285 -0.999996 0 0.00291304 -0.999996 0 0.00291414 -0.999996 0 0.00291368 -0.999996 0 0.00180003 0.999998 0 0.00179974 0.999998 0 0.00180174 0.999998 0 0.00180192 0.999998 0.0280694 0.0132167 0.999519 0.0280709 0.0132144 0.999519 0.0280741 0.0132098 0.999519 0.0280726 0.0132119 0.999519 -0.985815 0.166954 -0.017155 -0.985784 0.16561 -0.0283597 -0.985768 0.165403 -0.0300667 -0.985819 0.166752 -0.0188534 -0.976473 -0.215414 -0.00988919 -0.97684 -0.213947 0.00306827 -0.976881 -0.213725 0.0050003 -0.976534 -0.21521 -0.00806529 -0.0222082 0.0217772 0.999516 -0.0235241 0.0198548 0.999526 -0.0241721 0.0189081 0.999529 -0.0228142 0.0208919 0.999521 0 0.00180065 -0.999998 0 0.00180139 -0.999998 -0.00256772 -0.0121532 -0.999923 -0.00372537 -0.0112894 -0.999929 0 -0.0123657 -0.999924 0 -0.0123894 -0.999923 0.0121484 0.0120037 -0.999854 0.0133906 0.0114415 -0.999845 0 0.00291183 0.999996 0 0.00291395 0.999996 0 0.0029135 -0.999996 0 0.00291295 -0.999996 0 0.00291202 -0.999996 0 0.0017988 0.999998 0 0.00179938 0.999998 -0.0229089 -0.0199744 0.999538 -0.0229163 -0.0199636 0.999538 -0.0229378 -0.0199325 0.999538 -0.02293 -0.0199438 0.999538 -0.978659 -0.203353 -0.0295555 -0.978695 -0.204855 -0.0138321 -0.978672 -0.205149 -0.0106942 -0.978684 -0.203638 -0.0266131 0.0297467 -0.0100148 0.999507 0.0283915 -0.0119813 0.999525 0.0279232 -0.0126607 0.99953 0.0292562 -0.0107266 0.999514 0 0.00179959 -0.999998 0 0.00179987 -0.999998 -0.0254541 -0.00212135 -0.999674 -0.0243219 0.00471407 -0.999693 0 -0.00313146 -0.999995 0 -0.0030603 -0.999995 0.00595855 0.00663097 -0.99996 0.00594592 0.0065809 -0.999961 0 0.00291201 0.999996 0 0.00291053 0.999996 0 0.0029122 -0.999996 0 0.00291334 -0.999996 0 0.00291414 -0.999996 0 0.00180043 0.999998 0 0.00180043 0.999998 -0.0218913 -0.0184273 0.999591 -0.0219442 -0.0183458 0.999591 -0.0220721 -0.0181488 0.999592 -0.0220167 -0.0182342 0.999591 -0.986752 0.16218 -0.00424325 -0.986848 0.161643 0.00180504 -0.986861 0.161547 0.00287836 -0.986771 0.16209 -0.0032229 -0.978655 -0.204287 -0.0223877 -0.978614 -0.20371 -0.0285966 -0.978603 -0.203615 -0.0296053 -0.978651 -0.204196 -0.0233737 0.0291349 -0.00725868 0.999549 0.0286972 -0.00793357 0.999557 0.0285159 -0.00821297 0.99956 0.0289452 -0.00755123 0.999552 0 0.00179812 -0.999998 0 0.00179872 -0.999998 -0.0560025 -0.00186127 -0.998429 -0.047302 0.0151947 -0.998765 0 -9.1439e-05 -1 0 -7.47504e-05 -1 0.00209863 0.0018419 -0.999996 0.00168669 0.00113916 -0.999998 0 0.00291163 0.999996 0 0.00290798 0.999996 0 0.00291005 -0.999996 0 0.00291008 -0.999996 0 0.00291037 -0.999996 0 0.0018023 0.999998 0 0.0018023 0.999998 -0.00153307 -0.00603729 0.999981 -0.00153331 -0.00603691 0.999981 -0.00153425 -0.00603542 0.999981 -0.00153401 -0.00603579 0.999981 -0.986982 0.160398 -0.0118041 -0.987037 0.160384 -0.00597665 -0.987046 0.160378 -0.00423708 -0.987001 0.160395 -0.01012 -0.978892 -0.203847 -0.0147027 -0.978793 -0.203801 -0.0207345 -0.978759 -0.203787 -0.0223944 -0.978869 -0.203835 -0.0163505 0.0105783 0.00840079 0.999909 0.00943767 0.00658116 0.999934 0.00914817 0.00611931 0.999939 0.010289 0.00793936 0.999916 0 0.00179968 -0.999998 0 0.00179923 -0.999998 -0.0138096 -0.00276583 -0.999901 -0.0140244 -0.00572582 -0.999885 0 -0.00934589 -0.999956 0 -0.00933267 -0.999956 0.00773648 0.00687635 -0.999946 0.00818154 0.00561692 -0.999951 0 0.00291307 0.999996 0 0.00291322 0.999996 0 0.0029113 -0.999996 0 0.0029127 -0.999996 0 0.00291047 -0.999996 0 0.00180072 0.999998 0 0.00180003 0.999998 0.0150219 0.00439854 0.999877 0.0151185 0.00425052 0.999877 0.0154313 0.00377126 0.999874 0.0153384 0.00391363 0.999875 -0.983551 0.177905 -0.031256 -0.983634 0.178242 -0.0263451 -0.983648 0.178314 -0.025297 -0.98357 0.177975 -0.0302377 -0.974551 -0.224087 0.00595432 -0.974493 -0.224416 0.000742225 -0.974478 -0.224482 -0.000321134 -0.974541 -0.224154 0.00490057 -0.00968701 0.0125719 0.999874 -0.0109618 0.0106192 0.999884 -0.0113554 0.0100164 0.999885 -0.0100654 0.0119923 0.999877 0.0123249 0.00258636 0.999921 0.0123255 0.0025853 0.999921 0.0123272 0.00258273 0.999921 0.0123265 0.00258375 0.999921 -0.981302 0.190705 -0.0260409 -0.981344 0.190882 -0.0229907 -0.981349 0.190909 -0.022522 -0.981309 0.190731 -0.0255889 -0.971811 -0.235761 0.000406394 -0.971768 -0.235924 -0.00270837 -0.971761 -0.235947 -0.00316553 -0.971805 -0.235785 -3.89623e-05 -0.00986855 0.00644605 0.999931 -0.00644658 0.0118195 0.999909 -0.0050358 0.0140345 0.999889 -0.00850473 0.00858773 0.999927 0.990116 -0.140163 0.00492393 0.890186 -0.455565 0.00538183 0.885474 -0.464659 0.00538667 0.988629 -0.150297 0.0049465 0.0113138 -0.00762713 0.999907 0.119003 -0.0749744 0.990059 0.0702788 -0.04437 0.99654 0.0110301 -0.00744928 0.999911 -0.00572299 0.00386471 0.999976 -0.00644827 0.00331967 0.999974 -0.0064242 0.00331378 0.999974 -0.00571732 0.0038611 0.999976 -0.00571363 0.00491507 0.999972 -0.00571075 0.00490798 0.999972 -0.00747443 0.00588785 0.999955 -0.00742408 0.00586287 0.999955 -0.842056 0.539371 0.00446964 -0.841393 0.540405 0.00446957 -0.841371 0.540439 0.00446957 -0.842034 0.539405 0.00446963 -0.00886546 0.00610175 0.999942 -0.00877576 0.00604604 0.999943 -0.00367366 0.00147912 0.999992 -0.00374187 0.00151746 0.999992 -0.846404 -0.532513 0.00540832 -0.846444 -0.53245 0.00540832 -0.846445 -0.532448 0.00540832 -0.846406 -0.532511 0.00540832 -0.00126297 -0.00105043 0.999999 -0.00257159 -0.00215171 0.999994 -0.00257413 -0.00215512 0.999994 -0.00124422 -0.00103909 0.999999 -0.00208615 -0.00253302 0.999995 -0.00352954 -0.00240799 0.999991 -0.00353055 -0.00240842 0.999991 -0.0020949 -0.00252998 0.999995 -0.00506907 -0.00208073 0.999985 -0.00505965 -0.00208568 0.999985 -0.00538892 -0.00224969 0.999983 -0.00539371 -0.00224708 0.999983 -0.00616206 -0.00330295 0.999976 -0.00615656 -0.00329858 0.999976 0.850295 0.526287 0.00446511 0.850216 0.526415 0.00446511 0.850213 0.52642 0.00446511 0.850292 0.526292 0.00446511 -0.0021188 -0.00239543 0.999995 -0.00210625 -0.00239487 0.999995 -0.967081 -0.253881 0.0173002 -0.968435 -0.248679 0.0171143 -0.968748 -0.247457 0.0170705 -0.968174 -0.249688 0.0171504 -0.973962 0.226132 -0.0161986 -0.973311 0.228913 -0.0162969 -0.973013 0.23017 -0.0163414 -0.973534 0.227965 -0.0162634 -0.98952 0.144397 0.000240636 -0.988888 0.14866 0.000266339 -0.988769 0.149454 0.000271127 -0.989099 0.147255 0.000257865 -0.975202 -0.221315 -0.000718575 -0.97567 -0.219243 -0.000706115 -0.975812 -0.218608 -0.000702301 -0.975383 -0.220517 -0.00071378 0.0592483 0.0813457 -0.994923 0.0498821 0.0662942 -0.996553 0.0490717 0.0649922 -0.996678 0.0584302 0.0800309 -0.995078 0.0225627 0.0499774 0.998495 -0.0757636 -0.107896 0.991271 -0.0842217 -0.1215 0.989012 0.013907 0.036099 0.999252 0.522365 -0.327126 0.787479 0.440331 -0.275755 0.85444 -0.00373885 -0.00765467 -0.999964 -0.00374905 -0.0076383 -0.999964 -0.00374994 -0.00763687 -0.999964 -0.00373975 -0.00765322 -0.999964 0.000206825 0.000117547 1 0.0001539 8.44045e-05 1 0.0088613 -0.000562015 0.999961 0.00852063 -1.53401e-05 0.999964 0.00849114 3.19748e-05 0.999964 0.00883148 -0.000514169 0.999961 0.0960716 -0.0275656 -0.994993 0.096375 -0.0275603 -0.994963 0.0974648 -0.0275413 -0.994858 0.0971602 -0.0275466 -0.994887 -0.965262 -0.261247 -0.00437526 -0.965263 -0.261244 -0.00426415 -0.965265 -0.26124 -0.00409136 -0.965264 -0.261243 -0.0042022 -0.0119787 -0.0285333 -0.999521 -0.0119804 -0.0285332 -0.999521 -0.0119864 -0.028533 -0.999521 -0.0119847 -0.0285331 -0.999521 -0.97589 0.217212 -0.0213729 -0.975889 0.217209 -0.0214841 -0.975886 0.217204 -0.0216458 -0.975888 0.217207 -0.0215349 0.00238779 0.0118479 -0.999927 0.00285183 0.0125904 -0.999917 0.00289427 0.0126583 -0.999916 0.00243029 0.0119159 -0.999926 -0.00752067 0.00472085 0.999961 -0.00767368 0.00481677 0.999959 0.0106723 0.00905032 0.999902 0.00950718 0.00718561 0.999929 0.00940075 0.00701528 0.999931 0.0105657 0.00887974 0.999905 0.0059003 -0.0013884 -0.999982 0.00585487 -0.0013157 -0.999982 0.00585073 -0.00130906 -0.999982 0.00589615 -0.00138175 -0.999982 -0.00139942 -0.00581551 0.999982 -0.00161522 -0.00547018 0.999984 -0.00163495 -0.00543861 0.999984 -0.00141918 -0.00578389 0.999982 -0.00697911 -0.0043689 0.999966 -0.00697448 -0.004366 0.999966 0.00876713 0.00503363 -0.999949 0.0087716 0.00503363 -0.999949 0.00878104 0.00503363 -0.999949 0.00877659 0.00503363 -0.999949 -0.986925 0.160747 -0.0117866 -0.986924 0.160748 -0.0119212 -0.986922 0.160748 -0.012068 -0.986923 0.160748 -0.0119336 0.00696364 0.00504497 -0.999963 0.00690885 0.00504478 -0.999963 0.00679318 0.00504438 -0.999964 0.0068478 0.00504457 -0.999964 -0.978872 -0.203943 -0.0147202 -0.978874 -0.203944 -0.0145894 -0.978876 -0.203945 -0.0144384 -0.978874 -0.203944 -0.0145689 -0.9866 0.162344 -0.0163028 -0.986697 0.162047 -0.013011 -0.987014 0.160612 0.00265325 -0.986971 0.160899 -0.000445569 -0.0273199 0.0105085 -0.999572 -0.0455388 0.0274722 -0.998585 -0.00425098 -0.00937505 -0.999947 -0.00303312 -0.0122307 -0.999921 -0.0160845 -0.000667346 -0.99987 -0.0148379 7.37901e-05 -0.99989 -0.00101358 -0.0132912 -0.999911 0.0110277 -0.0249225 -0.999629 -0.478637 0.878013 0 -0.492605 0.870253 0 0.018663 0.00833337 -0.999791 0.0138712 0.00619372 -0.999885 0.00885268 0.00395287 -0.999953 0.00972955 0.00434441 -0.999943 0.0139245 0.00621753 -0.999884 0.0151617 0.0102535 -0.999833 0.00611807 0.00661401 -0.999959 0.0011137 0.000484867 -0.999999 0.452625 -0.891701 0 0.461061 -0.887369 0 0.999977 0.00685203 -1.14119e-06 0.999976 0.00692639 -1.14119e-06 0.999976 0.00692791 -1.14119e-06 0.999976 0.00685355 -1.14119e-06 -7.75391e-06 0.00559143 0.999984 -7.60196e-06 0.00548186 0.999985 -7.59886e-06 0.00547962 0.999985 -7.7508e-06 0.00558919 0.999985 -0.999991 0.0041632 -4.25754e-07 -0.999991 0.0041436 -4.25754e-07 -0.999991 0.0041432 -4.25754e-07 -0.999991 0.0041628 -4.25754e-07 -7.75415e-06 0.00559144 -0.999984 -7.7035e-06 0.00555492 -0.999985 -7.70247e-06 0.00555417 -0.999985 -7.75311e-06 0.00559069 -0.999984 0.00553553 3.25726e-05 0.999985 0.00550744 3.24073e-05 0.999985 0.00547935 3.2242e-05 0.999985 0.00550744 3.24073e-05 0.999985 -0.00551647 -3.24604e-05 0.999985 -0.00555393 -3.26809e-05 0.999985 -0.0055914 -3.29013e-05 0.999984 -0.00555393 -3.26809e-05 0.999985 0.999996 -0.00274663 1.26763e-06 0.999996 -0.00272703 1.26763e-06 0.999996 -0.00272663 1.26763e-06 0.999996 -0.00274623 1.26763e-06 5.69504e-06 -0.00411902 0.999991 5.77081e-06 -0.00417383 0.999991 5.77236e-06 -0.00417494 0.999991 5.69658e-06 -0.00412014 0.999992 -0.999985 -0.00549147 -1.71352e-07 -0.999985 -0.00552931 -1.71351e-07 -0.999985 -0.00553008 -1.71351e-07 -0.999985 -0.00549224 -1.71352e-07 5.74676e-06 -0.0041563 -0.999991 5.69624e-06 -0.00411977 -0.999992 5.69521e-06 -0.00411902 -0.999991 5.74573e-06 -0.00415556 -0.999991 -0.00411906 -2.42377e-05 0.999991 -0.00414688 -2.44014e-05 0.999991 -0.0041747 -2.45651e-05 0.999991 -0.00414688 -2.44014e-05 0.999991 0.0041374 2.43456e-05 0.999991 0.00412812 2.4291e-05 0.999991 0.00411883 2.42363e-05 0.999991 0.00412812 2.4291e-05 0.999991 0 -1 0.000223668 0 -1 0.000186384 0 -1 0.000149101 0 -1 0.000186384 -0.000242769 0 1 -0.000243237 0 1 -0.000262062 0 1 -0.000261595 0 1 0 -1 -0.000167745 0 -1 -0.000158424 0 -1 -0.000149104 0 -1 -0.000158424 -0.000260454 0 -1 -0.000258196 0 -1 -0.000167205 0 -1 -0.000169463 0 -1 -0.00020502 1 0 -0.000186833 1 0 -0.000186382 1 0 -0.000204569 1 0 -0.000167743 -1 0 -0.000222304 -1 0 -0.000223658 -1 0 -0.000169097 -1 0 -0.999982 -0.00594148 3.80302e-07 -0.999983 -0.00590858 3.80302e-07 -0.999983 -0.00590609 3.80302e-07 -0.999982 -0.00593899 3.80302e-07 4.82067e-06 -0.000987808 -1 4.90524e-06 -0.00100514 -1 4.91162e-06 -0.00100644 -1 4.82706e-06 -0.000989117 -1 0.999992 0.00387268 2.65756e-07 0.999992 0.00387443 2.65756e-07 0.999993 0.00387457 2.65756e-07 0.999992 0.00387281 2.65756e-07 4.91162e-06 -0.00100644 1 4.91162e-06 -0.00100644 0.999999 4.91162e-06 -0.00100644 1 4.91162e-06 -0.00100644 0.999999 0.00100642 5.92524e-06 1 0.000997123 5.87052e-06 1 0.000987829 5.81581e-06 1 0.000997123 5.87052e-06 1 -0.00100648 -5.92401e-06 1 -0.00101577 -5.97871e-06 0.999999 -0.00102507 -6.03341e-06 0.999999 -0.00101577 -5.97871e-06 0.999999 1 0.000183933 -3.63009e-07 1 0.00018102 -3.6301e-07 1 0.00018096 -3.63009e-07 1 0.000183873 -3.6301e-07 1.72628e-06 -0.00123012 0.999999 1.70065e-06 -0.00121185 0.999999 1.70012e-06 -0.00121148 0.999999 1.72575e-06 -0.00122974 0.999999 -0.999997 -0.00260691 1.57721e-06 -0.999997 -0.00262226 1.57721e-06 -0.999996 -0.00262257 1.57721e-06 -0.999997 -0.00260722 1.57721e-06 1.72633e-06 -0.00123012 -0.999999 1.67508e-06 -0.00119359 -0.999999 1.67402e-06 -0.00119284 -0.999999 1.72527e-06 -0.00122936 -0.999999 0.00119285 7.01902e-06 -0.999999 0.00120212 7.07359e-06 -0.999999 0.00121139 7.12815e-06 -0.999999 0.00120212 7.07359e-06 -0.999999 -0.00123004 -7.24183e-06 -0.999999 -0.00123004 -7.24183e-06 -0.999999 -0.00123004 -7.24183e-06 -0.999999 -0.00123004 -7.24183e-06 -0.999999 -0.00418369 0.00463152 -0.999981 -0.00377775 0.0041823 -0.999984 -0.000723795 0.000802715 -0.999999 -0.00112975 0.00125195 -0.999999 -0.999999 0.000997334 0.000901232 -0.999999 0.000997334 0.000901232 -0.999999 0.000997334 0.000901232 -0.999999 0.000997334 0.000901232 -0.703666 -0.0985251 -0.703667 -0.703763 -0.0971289 -0.703764 -0.702799 0.110203 -0.702801 -0.702908 0.108809 -0.702909 0.000572359 0.000631639 1 0.000975986 0.0010783 0.999999 0.00401248 0.00443855 0.999982 0.00360885 0.00399189 0.999986 -0.703315 0.103411 0.703317 -0.703417 0.102017 0.703418 -0.703193 -0.105049 0.703195 -0.703297 -0.103656 0.703299 0.00084083 0.000840834 -0.999999 0.001235 0.00123501 -0.999998 0.00437995 0.00437997 -0.999981 0.00398579 0.0039858 -0.999984 0.999999 -0.00112943 0.00112944 0.999999 -0.00113013 0.00113013 0.999999 -0.00113566 0.00113567 0.999999 -0.00113497 0.00113497 -0.00420067 0.00420069 0.999982 -0.00380774 0.00380776 0.999986 -0.000672698 0.000672701 1 -0.00106563 0.00106563 0.999999 0.703209 -0.104806 -0.703216 0.703312 -0.103412 -0.70332 0.703296 0.103621 -0.703304 0.703398 0.102227 -0.703406 0.999999 0.00113566 0.00113567 0.999999 0.00113566 0.00113567 0.999999 0.00113566 0.00113567 0.999999 0.00113566 0.00113567 0.702811 0.110007 0.702819 0.70292 0.108611 0.702928 0.703641 -0.0988311 0.703649 0.703738 -0.0974336 0.703746 -0.999999 -0.00100381 0.000907084 -0.999999 -0.00100381 0.000907084 -0.999999 -0.00100381 0.000907084 -0.999999 -0.00100381 0.000907084 -0.999999 0.00134438 0 -0.999999 0.0013457 0 -0.999999 0.00137891 0 -0.999999 0.00137759 0 0.999999 0 0.00159734 0.999999 0 0.00160172 0.999999 0 0.0016061 0.999999 0 0.00160172 0.999999 0.00160611 0 0.999999 0.00160543 0 0.999999 0.00158829 0 0.999999 0.00158897 0 -0.999999 -3.9375e-09 0.00135298 -0.999999 -3.92476e-09 0.0013486 -0.999999 -3.91202e-09 0.00134422 -0.999999 -3.92476e-09 0.0013486 0 0.000848388 1 0 0.000852054 1 0 0.000944384 1 0 0.000940718 1 0 0.00107498 -0.999999 0 0.00107899 -0.999999 0 0.00117991 -0.999999 0 0.0011759 -0.999999 -0.668113 -0.0793486 -0.739816 -0.668113 -0.0793486 -0.739816 -0.668113 -0.0793486 -0.739816 -0.667044 0.0813578 0.740563 -0.667044 0.0813579 0.740563 -0.667044 0.0813579 0.740563 -0.661706 0.0833922 -0.745111 -0.661706 0.0833922 -0.745111 -0.661706 0.0833922 -0.745111 -0.662871 -0.0814106 0.744295 -0.662871 -0.0814106 0.744295 -0.662871 -0.0814106 0.744295 0.662988 -0.0812115 -0.744212 0.662988 -0.0812115 -0.744212 0.662988 -0.0812115 -0.744212 0.661795 0.0832403 0.745049 0.661795 0.0832403 0.745049 0.661795 0.0832403 0.745049 0.666956 0.0815345 -0.740623 0.666956 0.0815345 -0.740623 0.666956 0.0815345 -0.740623 0.667984 -0.079603 0.739906 0.667984 -0.079603 0.739906 0.667984 -0.079603 0.739906 -0.999997 0.00235252 4.28419e-07 -0.999997 0.00235076 4.28419e-07 -0.999997 0.00235062 4.28419e-07 -0.999997 0.00235238 4.28419e-07 -3.52919e-05 0.00723148 -0.999974 -3.54612e-05 0.00726617 -0.999974 -3.5474e-05 0.00726879 -0.999974 -3.53047e-05 0.0072341 -0.999974 0.999926 0.0121664 2.16485e-07 0.999926 0.0121335 2.16485e-07 0.999926 0.012131 2.16485e-07 0.999926 0.0121639 2.16485e-07 -3.52909e-05 0.00723148 0.999974 -3.53755e-05 0.00724883 0.999974 -3.53819e-05 0.00725014 0.999974 -3.52973e-05 0.00723279 0.999974 -0.00725011 -4.26846e-05 0.999974 -0.00725936 -4.27391e-05 0.999974 -0.00726862 -4.27936e-05 0.999974 -0.00725936 -4.27391e-05 0.999974 0.00723159 4.25641e-05 0.999974 0.00725011 4.26731e-05 0.999974 0.00726862 4.27821e-05 0.999974 0.00725011 4.26731e-05 0.999974 0.999965 0.00838301 -6.78689e-08 0.999965 0.00836744 -6.78689e-08 0.999965 0.00836627 -6.78689e-08 0.999965 0.00838183 -6.78689e-08 -1.71003e-05 0.00350393 0.999994 -1.71848e-05 0.00352125 0.999994 -1.71912e-05 0.00352256 0.999994 -1.71067e-05 0.00350523 0.999994 -0.999999 -0.00137516 9.16405e-09 -0.999999 -0.00137692 9.16405e-09 -0.999999 -0.00137706 9.16405e-09 -0.999999 -0.0013753 9.16405e-09 -1.71907e-05 0.00352255 -0.999994 -1.71061e-05 0.00350523 -0.999994 -1.70997e-05 0.00350392 -0.999994 -1.71843e-05 0.00352124 -0.999994 -0.00350391 -2.06291e-05 -0.999994 -0.00350391 -2.06291e-05 -0.999994 -0.00350391 -2.06291e-05 -0.999994 -0.00350391 -2.06291e-05 -0.999994 0.00352263 2.07337e-05 -0.999994 0.00351327 2.06786e-05 -0.999994 0.00350391 2.06235e-05 -0.999994 0.00351327 2.06786e-05 -0.999994 -0.999972 -0.00745113 -1.99313e-07 -0.999972 -0.00747022 -1.99313e-07 -0.999972 -0.00747166 -1.99313e-07 -0.999972 -0.00745258 -1.99313e-07 1.26433e-05 -0.00259066 -0.999997 1.25587e-05 -0.00257334 -0.999997 1.25523e-05 -0.00257203 -0.999997 1.26369e-05 -0.00258935 -0.999997 0.999997 0.00230707 8.44237e-07 0.999997 0.00227418 8.44237e-07 0.999997 0.0022717 8.44237e-07 0.999997 0.00230458 8.44237e-07 1.26429e-05 -0.00259066 0.999997 1.25583e-05 -0.00257334 0.999997 1.25519e-05 -0.00257203 0.999997 1.26365e-05 -0.00258935 0.999997 0.999976 0.0058873 -0.00357853 0.999976 0.0058873 -0.0035971 0.999976 0.0058873 -0.00361567 0.999976 0.0058873 -0.0035971 0.999976 0.00588572 0.00357847 0.999976 0.00588572 0.00355989 0.999976 0.00588572 0.00354132 0.999976 0.00588572 0.00355989 0.999977 0.0067429 -3.6369e-07 0.999977 0.00674466 -3.6369e-07 0.999977 0.00674479 -3.6369e-07 0.999977 0.00674303 -3.6369e-07 -9.45968e-06 0.00193833 0.999998 -9.37512e-06 0.00192101 0.999998 -9.36874e-06 0.0019197 0.999998 -9.4533e-06 0.00193702 0.999998 -0.999996 -0.0029594 -2.80648e-07 -0.999996 -0.00292651 -2.80648e-07 -0.999996 -0.00292402 -2.80648e-07 -0.999996 -0.00295692 -2.80648e-07 -9.2775e-06 0.00190106 -0.999998 -9.36206e-06 0.00191839 -0.999998 -9.36844e-06 0.00191969 -0.999998 -9.28389e-06 0.00190237 -0.999998 0.00190105 1.11923e-05 0.999998 0.00191035 1.12471e-05 0.999998 0.00191966 1.13019e-05 0.999998 0.00191035 1.12471e-05 0.999998 -0.00186375 -1.09698e-05 0.999998 -0.00190108 -1.11895e-05 0.999998 -0.00193841 -1.14092e-05 0.999998 -0.00190108 -1.11895e-05 0.999998 1 1.45984e-05 2.52298e-07 1 -3.56618e-05 2.52298e-07 1 -3.94579e-05 2.52298e-07 1 1.08024e-05 2.52298e-07 2.39222e-05 -0.00490176 0.999988 2.40914e-05 -0.00493644 0.999988 2.41042e-05 -0.00493906 0.999988 2.39349e-05 -0.00490438 0.999988 -0.999952 -0.00979947 -3.1099e-07 -0.999952 -0.00978389 -3.1099e-07 -0.999952 -0.00978271 -3.1099e-07 -0.999952 -0.00979829 -3.1099e-07 2.41944e-05 -0.00495768 -0.999988 2.38559e-05 -0.00488833 -0.999988 2.38303e-05 -0.00488309 -0.999988 2.41688e-05 -0.00495245 -0.999988 -0.00492027 -2.89678e-05 0.999988 -0.00492955 -2.90225e-05 0.999988 -0.00493883 -2.90771e-05 0.999988 -0.00492955 -2.90225e-05 0.999988 0.00492027 2.89601e-05 0.999988 0.00491104 2.89057e-05 0.999988 0.0049018 2.88513e-05 0.999988 0.00491104 2.89057e-05 0.999988 0.00752951 0.999972 0 0.00754828 0.999972 0 0.00756706 0.999971 0 0.00754828 0.999972 0 -0.999971 0 -0.00760242 -0.999971 0 -0.00760242 -0.999971 0 -0.00760242 -0.999971 0 -0.00760242 0.00756678 -0.999971 0 0.00756678 -0.999971 0 0.00756678 -0.999971 0 0.00756678 -0.999971 0 0 0.999971 -0.00756705 0 0.999971 -0.00756705 0 0.999971 -0.00756705 0 0.999971 -0.00756705 0 -0.999971 -0.00756705 0 -0.999971 -0.00756705 0 -0.999971 -0.00756705 0 -0.999971 -0.00756705 0 -0.999986 0.00533046 0 -0.999986 0.00533983 0 -0.999986 0.0053492 0 -0.999986 0.00533983 -0.00531199 0 0.999986 -0.00531246 0 0.999986 -0.00533128 0 0.999986 -0.00533081 0 0.999986 0 -0.999986 -0.00525601 0 -0.999986 -0.00526538 0 -0.999986 -0.00527474 0 -0.999986 -0.00526538 -0.00531198 0 -0.999986 -0.00531151 0 -0.999986 -0.00529269 0 -0.999986 -0.00529315 0 -0.999986 -0.00527458 0.999986 0 -0.00531096 0.999986 0 -0.00531186 0.999986 0 -0.00527548 0.999986 0 -0.00525593 -0.999986 0 -0.00532869 -0.999986 0 -0.0053305 -0.999986 0 -0.00525774 -0.999986 0 0.619089 0.78532 1.12591e-07 0.619061 0.785343 1.12586e-07 0.61906 0.785344 1.12586e-07 0.619088 0.785321 1.12591e-07 -0.00571923 0.0045763 0.999973 -0.0057053 0.00456515 0.999973 -0.00570468 0.00456466 0.999973 -0.00571861 0.0045758 0.999973 -0.630445 -0.776234 5.73284e-08 -0.630402 -0.776268 5.73245e-08 -0.6304 -0.77627 5.73243e-08 -0.630443 -0.776235 5.73282e-08 -0.00571925 0.00457632 -0.999973 -0.00573318 0.00458746 -0.999973 -0.0057338 0.00458796 -0.999973 -0.00571987 0.00457682 -0.999973 0.00567225 0.00457546 0.999973 0.00567956 0.00458137 0.999973 0.00568688 0.00458727 0.999973 0.00567956 0.00458137 0.999973 -0.00568677 -0.00458718 0.999973 -0.00569409 -0.00459308 0.999973 -0.00570141 -0.00459898 0.999973 -0.00569409 -0.00459308 0.999973 0.999931 0.0117606 1.37245e-06 0.999931 0.0117596 1.37245e-06 0.999931 0.0117356 1.37245e-06 0.999931 0.0117364 1.37245e-06 0.0108858 0.00435121 0.999931 0.0108679 0.00434404 0.999931 0.0108516 0.00433753 0.999932 0.0108695 0.00434469 0.999931 -0.999931 0.0117107 -2.74491e-06 -0.999931 0.0117114 -2.74491e-06 -0.999931 0.0117234 -2.74491e-06 -0.999931 0.0117229 -2.74491e-06 0 0.0117235 -0.999931 0 0.0117235 -0.999931 0 0.0117235 -0.999931 0 0.0117235 -0.999931 0 0.0117052 0.999931 0 0.011706 0.999931 0 0.0117232 0.999931 0 0.0117225 0.999931 0.99986 -0.0167371 -2.74471e-06 0.99986 -0.0167369 -2.74471e-06 0.99986 -0.0167335 -2.74471e-06 0.99986 -0.0167336 -2.74471e-06 -0.0155242 -0.00620523 0.99986 -0.015515 -0.00620156 0.99986 -0.0155066 -0.00619821 0.99986 -0.0155158 -0.00620189 0.99986 -0.999861 -0.0166831 2.74471e-06 -0.999861 -0.016685 2.74471e-06 -0.99986 -0.0167186 2.74471e-06 -0.99986 -0.0167172 2.74471e-06 0 -0.0166998 -0.999861 0 -0.0166998 -0.999861 0 -0.0166998 -0.999861 0 -0.0166998 -0.999861 0 -0.0166997 0.999861 0 -0.0167005 0.99986 0 -0.0167191 0.99986 0 -0.0167183 0.99986 0.99985 -0.0173332 2.74468e-06 0.99985 -0.0173325 2.74468e-06 0.99985 -0.0173171 2.74468e-06 0.99985 -0.0173176 2.74468e-06 -0.0161127 -0.00644048 0.999849 -0.0161127 -0.00644048 0.999849 -0.0161127 -0.00644048 0.999849 -0.0161127 -0.00644048 0.999849 -0.99985 -0.0173124 -5.48937e-06 -0.99985 -0.0173135 -5.48937e-06 -0.99985 -0.0173332 -5.48937e-06 -0.99985 -0.0173324 -5.48937e-06 0 -0.0173144 -0.99985 0 -0.0173159 -0.99985 0 -0.0173522 -0.999849 0 -0.0173506 -0.999849 0 -0.0173526 0.999849 0 -0.0173526 0.999849 0 -0.0173526 0.999849 0 -0.0173526 0.999849 0.999775 -0.0212298 3.4306e-07 0.999775 -0.0212287 3.4306e-07 0.999775 -0.0212046 3.4306e-07 0.999775 -0.0212055 3.4306e-07 -0.0197304 -0.00788652 0.999774 -0.0197027 -0.00787545 0.999775 -0.0196775 -0.00786537 0.999776 -0.0197052 -0.00787645 0.999775 -0.999775 -0.0212159 -1.7153e-07 -0.999775 -0.0212146 -1.7153e-07 -0.999776 -0.0211911 -1.7153e-07 -0.999775 -0.0211921 -1.7153e-07 0 -0.021229 -0.999775 0 -0.021229 -0.999775 0 -0.021229 -0.999775 0 -0.021229 -0.999775 0 -0.0212285 0.999775 0 -0.0212293 0.999775 0 -0.0212479 0.999774 0 -0.0212471 0.999774 -0.999975 0.00700729 3.43128e-07 -0.999976 0.00700765 3.43129e-07 -0.999975 0.00701596 3.43129e-07 -0.999975 0.00701567 3.43129e-07 0.0065073 0.00260106 -0.999975 0.00651642 0.00260471 -0.999975 0.00652472 0.00260803 -0.999975 0.0065156 0.00260438 -0.999975 0.999976 0.00700035 -3.43129e-07 0.999976 0.00700076 -3.43129e-07 0.999976 0.00700785 -3.43129e-07 0.999975 0.00700755 -3.43129e-07 0 0.0070268 0.999975 0 0.00702756 0.999975 0 0.0070457 0.999975 0 0.00704493 0.999975 0 0.00702672 -0.999975 0 0.00702591 -0.999975 0 0.00700732 -0.999976 0 0.00700813 -0.999975 </float_array>
          <technique_common>
            <accessor count="2272" offset="0" source="#meshId1-tangents-array" stride="3">
              <param name="X" type="float" />
              <param name="Y" type="float" />
              <param name="Z" type="float" />
            </accessor>
          </technique_common>
        </source>
        <source id="meshId1-bitangents" name="meshId1-bitangents">
          <float_array id="meshId1-bitangents-array" count="6816"> 0 0.999997 0.0025612 0 0.999997 0.00256654 -1.24645e-07 0.999997 0.00257895 -2.05852e-07 0.999997 0.00257486 0 0.999997 0.00256459 0 0.999997 0.00257006 -3.14084e-07 0.999997 0.00258862 -4.05609e-07 0.999997 0.00258597 0 0.999997 0.00254351 -4.20269e-07 0.999997 0.00236497 -2.59427e-07 0.999997 0.00235557 -6.17272e-08 0.999997 0.00235422 -2.06977e-07 0.999997 0.00235533 3.30257e-07 0.999997 0.00235768 1.47088e-07 0.999997 0.00234455 0 0.999997 0.00236087 0 0.999997 0.00235939 0 0.999997 0.00223531 0.00537201 0.999986 -2.04302e-09 0.00537025 0.999986 -2.04235e-09 0.00537012 0.999986 -2.0423e-09 0.00537188 0.999986 -2.04297e-09 -0.00488 0.999936 0.010251 -0.00488 0.999936 0.0102336 -0.00488 0.999936 0.0102323 -0.00488 0.999936 0.0102496 -0.0151296 0.999886 -4.02082e-09 -0.0151314 0.999885 -4.02129e-09 -0.0151315 0.999885 -4.02132e-09 -0.0151298 0.999886 -4.02085e-09 -0.00487986 0.999935 -0.0102696 -0.00487986 0.999935 -0.0102696 -0.00487986 0.999935 -0.0102696 -0.00487986 0.999935 -0.0102696 0.0112572 6.62764e-05 -0.999937 0.0112667 6.63319e-05 -0.999937 0.0112761 6.63874e-05 -0.999936 0.0112667 6.63319e-05 -0.999937 0.0112198 6.6038e-05 0.999937 0.0112386 6.61489e-05 0.999937 0.0112575 6.62598e-05 0.999937 0.0112386 6.61489e-05 0.999937 0 0.99994 0.0109998 0 0.99994 0.0110048 0 0.999939 0.0110088 0 0.999939 0.0110071 0 0.999939 0.0110042 0 0.999939 0.0110102 0 0.999939 0.0110092 0 0.999939 0.0110088 0 0.999939 0.0110421 -0.674994 0.737823 -8.29948e-08 -0.674994 0.737824 -8.29947e-08 -0.674994 0.737824 -8.29947e-08 -0.674994 0.737823 -8.29948e-08 -0.688366 0.725129 0.0184517 -0.688366 0.725129 0.0184517 -0.688366 0.725129 0.0184517 -0.688366 0.725129 0.0184517 -0.70175 0.712423 1.7257e-07 -0.701763 0.712411 1.72573e-07 -0.701763 0.71241 1.72573e-07 -0.701751 0.712422 1.7257e-07 -0.688366 0.725129 -0.0184517 -0.688366 0.725129 -0.0184517 -0.688366 0.725129 -0.0184517 -0.688366 0.725129 -0.0184517 0.778208 0.627734 0.0184885 0.778209 0.627734 0.0184702 0.778209 0.627734 0.0184519 0.778209 0.627734 0.0184702 -0.778209 -0.627734 0.0184699 -0.778209 -0.627734 0.0184608 -0.778209 -0.627734 0.0184516 -0.778209 -0.627734 0.0184608 0.757597 0.652722 2.72956e-07 0.757599 0.65272 2.72956e-07 0.757599 0.65272 2.72957e-07 0.757597 0.652722 2.72956e-07 0.761349 0.648316 -0.00579646 0.761349 0.648316 -0.00579646 0.761349 0.648316 -0.00579646 0.761349 0.648316 -0.00579646 0.765124 0.643883 -1.37834e-07 0.765114 0.643895 -1.37832e-07 0.765114 0.643895 -1.37832e-07 0.765123 0.643884 -1.37834e-07 0.761349 0.648316 0.00579646 0.761349 0.648316 0.00577863 0.76135 0.648316 0.00577783 0.761349 0.648316 0.00579566 0.729 -0.684489 -0.00581502 0.729 -0.684489 -0.00580567 0.729 -0.684489 -0.00579632 0.729 -0.684489 -0.00580567 -0.729001 0.684488 -0.0058153 -0.729001 0.684488 -0.00580592 -0.729001 0.684488 -0.00579653 -0.729001 0.684488 -0.00580592 0.67042 -0.741903 -0.0107782 0.670425 -0.741908 -0.0101392 0.67045 -0.741936 -0.0053316 0.670447 -0.741933 -0.00597066 -0.999963 0.00637667 0.00576222 -0.999963 0.00636241 0.00574934 -0.999964 0.00625513 0.00565239 -0.999964 0.00626939 0.00566528 0.0667659 -0.995532 0.0667667 0.065778 -0.995664 0.0657787 -0.0808721 -0.993438 -0.080873 -0.0798862 -0.993598 -0.0798871 -0.670451 -0.741937 0.00501271 -0.670449 -0.741935 0.00559171 -0.670426 -0.74191 0.00994748 -0.67043 -0.741914 0.00936849 -0.0760058 -0.994206 0.0760066 -0.0750206 -0.994356 0.0750215 0.0714068 -0.994888 -0.0714075 0.070421 -0.995029 -0.0704217 -0.707094 -0.707098 -0.00544086 -0.707092 -0.707096 -0.0060311 -0.707064 -0.707068 -0.0107403 -0.707068 -0.707072 -0.0101501 0.999962 -0.00617899 0.00617902 0.999962 -0.00617122 0.00617125 0.999963 -0.00610926 0.00610929 0.999963 -0.00611702 0.00611705 0.707069 -0.707073 0.0100274 0.707073 -0.707077 0.00948341 0.707095 -0.707099 0.00514277 0.707093 -0.707097 0.00568681 -0.0712168 -0.994915 0.0712176 -0.070231 -0.995055 0.0702318 0.0761888 -0.994178 -0.0761897 0.0752037 -0.994328 -0.0752046 0.999962 0.00619944 0.00619947 0.999962 0.00618586 0.0061859 0.999963 0.00607756 0.00607759 0.999963 0.00609113 0.00609116 0.0806676 -0.993471 0.0806686 0.0796813 -0.993631 0.0796822 -0.0669517 -0.995507 -0.0669524 -0.0659634 -0.995639 -0.0659641 -0.999964 -0.00633802 0.00572729 -0.999964 -0.0063319 0.00572177 -0.999964 -0.00628592 0.00568021 -0.999964 -0.00629203 0.00568574 -0.00556239 -0.999985 0 -0.00556375 -0.999985 0 -0.00559802 -0.999984 0 -0.00559666 -0.999984 0 0.999959 -0 0.00909694 0.999956 -0 0.00938546 0.999953 -0 0.00967398 0.999956 -0 0.00938546 0.00583296 -0.999983 0 0.00583164 -0.999983 0 0.00579844 -0.999983 0 0.00579976 -0.999983 0 -0.99996 -2.60668e-08 0.00895691 -0.999957 -2.70474e-08 0.00929385 -0.999954 -2.80279e-08 0.00963079 -0.999957 -2.70474e-08 0.00929385 0 -0.999987 0.0049854 0 -0.999988 0.00498987 0 -0.999987 0.00510257 0 -0.999987 0.0050981 -0 -0.999986 -0.00530905 -0 -0.999986 -0.00531271 -0 -0.999985 -0.00540501 -0 -0.999985 -0.00540135 0.442891 -0.839239 -0.315476 0.442891 -0.839239 -0.315476 0.442891 -0.839239 -0.315476 -0.44997 -0.838387 -0.307626 -0.44997 -0.838387 -0.307626 -0.44997 -0.838387 -0.307626 -0.481031 -0.81188 0.330848 -0.481031 -0.81188 0.330848 -0.481031 -0.81188 0.330848 0.473961 -0.812759 0.338797 0.473961 -0.812759 0.338797 0.473961 -0.812759 0.338797 -0.473857 -0.812769 -0.338919 -0.473857 -0.812769 -0.338919 -0.473857 -0.812769 -0.338919 0.480924 -0.811891 -0.330975 0.480924 -0.811891 -0.330975 0.480924 -0.811892 -0.330975 0.450061 -0.838371 0.307537 0.450061 -0.838371 0.307537 0.450061 -0.838371 0.307537 -0.442985 -0.839224 0.315383 -0.442985 -0.839224 0.315383 -0.442985 -0.839224 0.315383 -0.74813 -0.663552 -3.75254e-07 -0.748108 -0.663577 -3.75243e-07 -0.748106 -0.663579 -3.75242e-07 -0.748129 -0.663553 -3.75253e-07 -0.757474 -0.652707 0.0143886 -0.757475 -0.652707 0.0143361 -0.757475 -0.652707 0.0143327 -0.757474 -0.652707 0.0143852 -0.766861 -0.641813 1.92325e-07 -0.766862 -0.641812 1.92325e-07 -0.766862 -0.641812 1.92325e-07 -0.766861 -0.641813 1.92325e-07 -0.757475 -0.652707 -0.0143327 -0.757474 -0.652707 -0.0143502 -0.757474 -0.652707 -0.0143514 -0.757475 -0.652707 -0.0143339 -0.728938 0.684429 0.0143325 -0.728938 0.684429 0.0143325 -0.728938 0.684429 0.0143325 -0.728938 0.684429 0.0143325 0.728938 -0.684429 0.0143513 0.728938 -0.684429 0.0143702 0.728938 -0.684429 0.0143891 0.728938 -0.684429 0.0143702 0.00199404 0.999998 -0 0.00199551 0.999998 -0 0.00203096 0.999998 -0 0.0020295 0.999998 -0 -0.0020315 0.700267 0.713878 -0.00202415 0.700267 0.713878 -0.00201287 0.700267 0.713878 -0.00202022 0.700267 0.713878 -0.0020125 0.999998 0 -0.00201177 0.999998 0 -0.00199404 0.999998 0 -0.00199477 0.999998 0 0 0.999998 -0.00202305 0 0.999998 -0.00202169 0 0.999998 -0.00200459 0 0.999998 -0.00200595 0 0.999998 0.00198349 0 0.999998 0.00198446 0 0.999998 0.00201777 0 0.999998 0.0020168 -0.00331805 0.999995 0 -0.00332026 0.999994 0 -0.00337365 0.999994 0 -0.00337143 0.999994 0 -0.00337355 0.703476 -0.710711 -0.00335886 0.703476 -0.710711 -0.00333621 0.703476 -0.710711 -0.0033509 0.703476 -0.710711 0.00331805 0.999994 0 0.00332101 0.999995 0 0.00339219 0.999994 0 0.00338923 0.999994 0 -0 0.999995 0.00326645 -0 0.999995 0.00326787 -0 0.999994 0.00331675 -0 0.999995 0.00331532 0 0.999994 -0.00337101 0 0.999994 -0.00336381 0 0.999995 -0.00327437 0 0.999995 -0.00328158 0 -3.72765e-05 1 0 -5.59133e-05 1 0 -7.45502e-05 1 0 -5.59134e-05 1 -1 0 5.62709e-05 -1 0 5.6699e-05 -1 0 7.39561e-05 -1 0 7.35279e-05 -0 -1.86389e-05 -1 -0 -3.72768e-05 -1 -0 -5.59147e-05 -1 -0 -3.72769e-05 -1 -1 0 0 -1 -0 -1.79054e-06 -1 -0 -7.39561e-05 -1 -0 -7.21656e-05 -1 5.59142e-05 0 -1 7.4101e-05 0 -1 7.45522e-05 0 -1 5.63655e-05 0 -1 -1.86381e-05 0 -1 -3.68249e-05 0 -1 -3.72761e-05 0 -1 -1.90893e-05 0 -0 0.00279568 0.999996 -0 0.00281437 0.999996 -0 0.00283306 0.999996 -0 0.00281437 0.999996 -0.999996 0 -0.00281354 -0.999996 0 -0.00281311 -0.999996 0 -0.00279586 -0.999996 0 -0.00279629 0 0.00283306 -0.999996 0 0.00281437 -0.999996 0 0.00279568 -0.999996 0 0.00281437 -0.999996 -0.999996 0 0.00277817 -0.999996 0 0.0027786 -0.999996 0 0.00279586 -0.999996 0 0.00279543 -0.999996 -0.00277708 -0 -0.999996 -0.00279527 -0 -0.999996 -0.00279572 -0 -0.999996 -0.00277753 -0 -0.999996 0.00283299 0 -0.999996 0.00279662 0 -0.999996 0.00279571 0 -0.999996 0.00283209 0 -0.781104 0.624401 -7.10282e-08 -0.781104 0.624401 -7.10282e-08 -0.781104 0.624401 -7.10282e-08 -0.781104 0.624401 -7.10282e-08 -0.780808 0.624771 -0.000447315 -0.780808 0.624771 -0.000483002 -0.780808 0.624771 -0.00048459 -0.780808 0.624771 -0.000448904 -0.780508 0.625146 1.41948e-07 -0.780531 0.625117 1.41952e-07 -0.780532 0.625116 1.41952e-07 -0.780509 0.625145 1.41948e-07 -0.780808 0.624771 0.000484591 -0.780808 0.624771 0.000466748 -0.780808 0.624771 0.000465954 -0.780808 0.624771 0.000483797 0.778341 0.627842 -0.000465982 0.778341 0.627842 -0.000475304 0.778341 0.627842 -0.000484627 0.778341 0.627842 -0.000475304 -0.778341 -0.627841 -0.00046599 -0.778341 -0.627841 -0.000456668 -0.778341 -0.627841 -0.000447345 -0.778341 -0.627841 -0.000456668 0.768702 0.639607 1.38478e-07 0.768715 0.639591 1.38481e-07 0.768716 0.639591 1.38481e-07 0.768702 0.639606 1.38478e-07 0.761312 0.648284 0.0114438 0.761313 0.648285 0.011426 0.761312 0.648284 0.0114252 0.761312 0.648284 0.011443 0.753929 0.656956 -2.71634e-07 0.75393 0.656954 -2.71635e-07 0.753931 0.656954 -2.71635e-07 0.753929 0.656956 -2.71634e-07 0.761312 0.648284 -0.0114252 0.761312 0.648284 -0.0114252 0.761312 0.648284 -0.0114252 0.761312 0.648284 -0.0114252 0.728964 -0.684456 0.0114622 0.728964 -0.684457 0.0114438 0.728964 -0.684457 0.0114254 0.728964 -0.684457 0.0114438 -0.728966 0.684455 0.0114066 -0.728966 0.684455 0.011425 -0.728966 0.684455 0.0114434 -0.728966 0.684455 0.011425 -0.734844 -0.678236 -1.84295e-07 -0.734845 -0.678235 -1.84295e-07 -0.734845 -0.678235 -1.84295e-07 -0.734844 -0.678236 -1.84295e-07 -0.757111 -0.652396 0.0341078 -0.757111 -0.652396 0.0341078 -0.757111 -0.652396 0.0341078 -0.757111 -0.652396 0.0341078 -0.779378 -0.626554 3.90928e-07 -0.77939 -0.626539 3.90933e-07 -0.779391 -0.626538 3.90934e-07 -0.779379 -0.626553 3.90928e-07 -0.75711 -0.652395 -0.0341263 -0.75711 -0.652395 -0.0341263 -0.75711 -0.652395 -0.0341263 -0.75711 -0.652395 -0.0341263 -0.728589 0.684101 0.0341074 -0.728589 0.684101 0.0341074 -0.728589 0.684101 0.0341074 -0.728589 0.684101 0.0341074 0.728589 -0.684101 0.034108 0.728589 -0.684101 0.034108 0.728589 -0.684101 0.034108 0.728589 -0.684101 0.034108 -0.673339 0.739334 -1.65583e-07 -0.673352 0.739322 -1.65586e-07 -0.673352 0.739322 -1.65586e-07 -0.67334 0.739333 -1.65583e-07 -0.688335 0.725099 0.020651 -0.688335 0.725098 0.0206686 -0.688335 0.725098 0.0206697 -0.688335 0.725098 0.0206521 -0.703323 0.71087 8.64782e-08 -0.703323 0.71087 8.64782e-08 -0.703323 0.71087 8.64782e-08 -0.703323 0.71087 8.64782e-08 -0.688335 0.725099 -0.020651 -0.688335 0.725098 -0.0206861 -0.688335 0.725098 -0.0206883 -0.688335 0.725099 -0.0206532 0.778175 0.627707 0.0206697 0.778175 0.627707 0.0206697 0.778175 0.627707 0.0206697 0.778175 0.627707 0.0206697 -0.778175 -0.627707 0.0206693 -0.778175 -0.627707 0.0206602 -0.778175 -0.627707 0.0206511 -0.778175 -0.627707 0.0206602 0.999622 2.04749e-08 0.027481 0.999977 -5.06256e-09 -0.00679486 0.993063 -0.113735 -0.0298379 0.992971 0.113146 0.0347381 0.99995 -0 0.0100444 0.992964 -0.113109 0.0350477 0.999612 -2.07636e-08 0.0278684 0.993057 0.113696 -0.030168 0.999975 5.28914e-09 -0.00709896 0.999983 -0.00586848 0 0.999912 -0.0132364 0 0.999907 -0.013608 0 0.999981 -0.00624004 0 0 -0.999952 0.0098089 0 -0.999952 0.00979978 0 -0.999952 0.00979932 0 -0.999952 0.00980844 0 0.999957 0.00926374 0 0.999958 0.00916717 0 0.999958 0.0091623 0 0.999957 0.00925887 0.999983 0.00587148 0 0.999913 0.0131774 0 0.999908 0.0135458 0 0.999981 0.00623991 0 -0.999961 0 0.00879938 -0.99996 0 0.00897662 -0.999958 0 0.00915386 -0.99996 0 0.00897662 -0.999619 -0.0275844 0 -0.999619 -0.0275844 0 -0.999619 -0.0275844 0 -0.999619 -0.0275844 0 -0.999621 0 0.0275286 -0.99962 0 0.0275625 -0.99962 0 0.0275657 -0.999621 0 0.0275317 -0.999619 0.0275843 0 -0.999619 0.0276013 0 -0.999619 0.0276029 0 -0.999619 0.0275859 0 -0.99962 -0 -0.0275472 -0.999621 -0 -0.0275472 -0.99962 -0 -0.0275472 -0.999621 -0 -0.0275472 0 0.027585 -0.999619 0 0.027594 -0.999619 0 0.0276031 -0.999619 0 0.027594 -0.999619 -0 -0.0275472 -0.99962 -0 -0.0275653 -0.99962 -0 -0.0275834 -0.99962 -0 -0.0275653 -0.99962 -0.706973 0.706974 0.019416 -0.707055 0.707056 0.012057 -0.707106 0.707107 0.000630579 -0.707084 0.707084 0.00799046 -0.95553 0.22231 0.193752 -0.957894 0.216835 0.188206 -0.963254 -0.174981 -0.203774 -0.965402 -0.169395 -0.198252 -0.199104 0.959539 -0.199102 -0.123522 0.984624 -0.123521 -0.00322189 0.99999 -0.00322187 -0.0807194 0.993463 -0.0807188 -0.0417103 -0.998678 0.0300528 -0.041719 -0.998885 0.0221024 -0.041729 -0.999124 0.00312758 -0.0417266 -0.999068 0.0110805 -0.00903561 -0.976276 0.21634 -0.00832903 -0.979878 0.199423 -0.0066331 -0.987286 0.158817 -0.00734528 -0.984386 0.175869 0.707082 0.707083 -0.00826836 0.707093 0.707093 0.00619197 0.706817 0.706817 0.0286395 0.707035 0.707036 0.0141825 -0.997398 0.0636529 -0.0338412 -0.997401 0.0636231 -0.0338113 -0.997588 0.0616737 -0.0318563 -0.997585 0.0617035 -0.0318862 0.041728 -0.999102 0.0073735 0.0417275 -0.99909 0.00882135 0.041726 -0.999054 0.0122758 0.0417267 -0.99907 0.010828 -0.0400106 0.998398 0.0400103 -0.0951405 0.990907 0.0951397 -0.179573 0.967216 0.179572 -0.125496 0.984125 0.125495 -0.998346 0.0527399 0.0229 -0.998346 0.0527315 0.0228915 -0.998387 0.0521928 0.0223516 -0.998386 0.0522012 0.0223601 -0.00472602 -0.993566 -0.113156 -0.00615507 -0.989062 -0.147372 -0.00953503 -0.973545 -0.228298 -0.00812632 -0.980855 -0.194569 -0.954215 0.225289 -0.19677 -0.956746 0.219515 -0.19092 -0.959419 -0.184537 0.213215 -0.961802 -0.178659 0.207408 -0.995383 0.0959829 0 -0.998296 0.0583545 0 -0.998345 0.0575084 0 -0.995464 0.0951391 0 -0.998444 0.0298427 -0.0470968 -0.998497 0.0298442 -0.0459771 -0.998498 0.0298443 -0.0459524 -0.998446 0.0298427 -0.0470721 -0.996776 0.0802305 0 -0.999014 0.0444069 0 -0.999048 0.0436307 0 -0.996838 0.079456 0 -0.999506 0.0298744 0.00979741 -0.999552 0.0298758 0.00203693 -0.999552 0.0298758 0.00186576 -0.999507 0.0298744 0.00962624 0 -0.99974 0.0228222 0 -0.999815 0.0192537 0 -0.999877 0.015685 0 -0.999815 0.0192537 0 1 0.000487749 0 0.999986 -0.00532474 0 0.999938 -0.011137 0 0.999986 -0.00532473 -0.647191 0.754707 0.107522 -0.647191 0.754707 0.107522 -0.647191 0.754707 0.107522 -0.0519514 -0.956395 0.28742 -0.0519515 -0.956395 0.28742 -0.0519515 -0.956395 0.28742 0.405756 0.816492 -0.410735 0.405756 0.816492 -0.410735 0.405756 0.816492 -0.410735 0.0361309 -0.991332 0.126317 0.0361309 -0.991332 0.126317 0.0361309 -0.991332 0.126317 0.38113 0.815909 0.434778 0.381131 0.815909 0.434778 0.38113 0.815909 0.434778 0.0375585 -0.994718 -0.0955231 0.0375585 -0.994718 -0.0955231 0.0375585 -0.994718 -0.0955231 -0.655667 0.74923 -0.0935682 -0.655667 0.74923 -0.0935682 -0.655667 0.74923 -0.0935682 -0.0516715 -0.959223 -0.277888 -0.0516715 -0.959223 -0.277889 -0.0516715 -0.959222 -0.277888 -0.989894 0.117557 -0.0793132 -0.985634 -0.11137 0.126972 -0.990694 -0.0759175 0.112971 -0.998488 0.0504088 -0.0219223 0 -0.814729 -0.579842 0 -0.816646 -0.577139 0 -0.82709 -0.562069 0 -0.823844 -0.566817 -0.997778 0.0605771 -0.0277279 -0.997163 0.0672715 -0.0337801 -0.996979 0.0668686 -0.0395166 -0.998042 0.0559497 -0.0279613 0 0.776145 0.630554 0 0.776276 0.630393 0 0.779907 0.625896 0 0.778978 0.627051 -0.998103 0.0566504 0.0241098 -0.998497 0.0513025 0.0192914 -0.9987 0.0473841 0.0187705 -0.997963 0.0568977 0.0288561 0 -0.799214 0.601047 0 -0.79941 0.600786 0 -0.80495 0.593343 0 -0.803481 0.59533 -0.984864 -0.114906 -0.129767 -0.990606 0.113856 0.0757407 -0.99482 0.0837652 0.057597 -0.996025 -0.0430625 -0.0779699 0 0.785913 -0.618338 0 0.789028 -0.614357 0 0.805188 -0.59302 0 0.798739 -0.601678 0 0.792817 -0.60946 0 0.793252 -0.608894 -0.999397 0.0342801 0.00549822 -0.999113 -0.00377567 -0.0419486 0 -0.807889 0.589335 0 -0.807753 0.589521 -0.998978 0.0424042 0.015645 -0.997973 0.0552068 0.0316478 -0.996634 0.0672689 -0.0468509 -0.998158 0.0531839 -0.0291875 0 -0.816984 -0.57666 0 -0.81768 -0.575673 -0.997491 -0.0235806 0.0667441 -0.999709 0.0144272 0.0193168 0 0.783267 0.621686 0 0.783087 0.621912 0.999951 7.35003e-09 0.00986504 0.999695 -1.83937e-08 -0.0246876 0.992613 -0.111581 -0.047635 0.993189 0.115243 0.0171932 0.99997 0 -0.00773061 0.993188 -0.115238 0.0172335 0.999951 -7.3819e-09 0.00990782 0.99261 0.11157 -0.0477179 0.999693 1.84578e-08 -0.0247737 0.999937 0.0112553 -0 0.999992 0.00389502 -0 0.999994 0.00352384 -0 0.999941 0.0108841 -0 0 -0.999958 -0.00915562 0 -0.999958 -0.00916149 0 -0.999958 -0.00916179 0 -0.999958 -0.00915592 0 0.999957 -0.00926431 0 0.999957 -0.00928195 0 0.999957 -0.00928284 0 0.999957 -0.0092652 0.999937 -0.0111874 0 0.999992 -0.0038921 0 0.999994 -0.00352419 0 0.999941 -0.0108195 0 -0.999956 -0 -0.00935384 -0.999957 -0 -0.00931778 -0.999957 -0 -0.00928173 -0.999957 -0 -0.00931778 -0.00802619 0.999968 1.14075e-08 -0.00801243 0.999968 1.13879e-08 -0.00801215 0.999968 1.13875e-08 -0.0080259 0.999968 1.14071e-08 -0.00141269 0.999977 -0.00663519 -0.00141269 0.999977 -0.00661693 -0.00141269 0.999977 -0.00661655 -0.00141269 0.999977 -0.00663481 0.0052256 0.999986 9.14953e-10 0.0052211 0.999986 9.14165e-10 0.00522101 0.999986 9.14149e-10 0.00522551 0.999986 9.14937e-10 -0.00141274 0.999977 0.00663518 -0.00141274 0.999977 0.00663518 -0.00141274 0.999977 0.00663518 -0.00141274 0.999977 0.00663518 0.999961 0.00588722 -0.00663521 0.999961 0.00588722 -0.00662582 0.999961 0.00588722 -0.00661644 0.999961 0.00588722 -0.00662582 -0.999961 -0.00588404 -0.00657897 -0.999961 -0.00588404 -0.00660709 -0.999961 -0.00588404 -0.00663521 -0.999961 -0.00588404 -0.00660709 0.0200497 -0.999799 -8.58968e-09 0.0200687 -0.999799 -8.59785e-09 0.0200702 -0.999799 -8.59846e-09 0.0200511 -0.999799 -8.5903e-09 0.00487955 -0.999873 0.0151714 0.00487955 -0.999873 0.0151714 0.00487955 -0.999873 0.0151714 0.00487955 -0.999873 0.0151714 -0.0103114 -0.999947 -2.23243e-09 -0.0103096 -0.999947 -2.23205e-09 -0.0103095 -0.999947 -2.23202e-09 -0.0103113 -0.999947 -2.2324e-09 0.00487955 -0.999873 -0.01519 0.00487955 -0.999873 -0.0151727 0.00487955 -0.999873 -0.0151714 0.00487955 -0.999873 -0.0151887 0.999868 0.00588668 -0.0151716 0.999868 0.00588668 -0.0151621 0.999868 0.00588668 -0.0151526 0.999868 0.00588668 -0.0151621 -0.999867 -0.00588508 -0.0151902 -0.999867 -0.00588508 -0.0151807 -0.999868 -0.00588508 -0.0151713 -0.999867 -0.00588508 -0.0151807 0.00197569 0.999998 -0 0.00197569 0.999998 -0 0.00197569 0.999998 -0 0.00197569 0.999998 -0 0.00197439 0 -0.999998 0.001974 0 -0.999998 0.00193368 0 -0.999998 0.00193407 0 -0.999998 0.999998 0.0019757 0 0.999998 0.00193835 0 0.999998 0.001901 0 0.999998 0.00193835 0 0 -0.00197564 -0.999998 0 -0.00201256 -0.999998 0 -0.00201292 -0.999998 0 -0.001976 -0.999998 0 0.00197564 -0.999998 0 0.00193872 -0.999998 0 0.00193837 -0.999998 0 0.00197529 -0.999998 0.00562866 0.999984 -0 0.00562866 0.999984 -0 0.00562866 0.999984 -0 0.00562866 0.999984 -0 0.00562803 0 -0.999984 0.00562788 0 -0.999984 0.00561276 0 -0.999984 0.00561291 0 -0.999984 0.999984 0.00564741 0 0.999984 0.0056193 0 0.999984 0.00559119 0 0.999984 0.0056193 0 0 -0.0056287 -0.999984 0 -0.00559178 -0.999984 0 -0.00559142 -0.999984 0 -0.00562834 -0.999984 0 0.00564733 -0.999984 0 0.00562887 -0.999984 0 0.00562869 -0.999984 0 0.00564715 -0.999984 0.707077 -0.707068 0.00983611 0.707016 -0.707007 0.0164331 0.70686 -0.706851 0.0266736 0.706969 -0.70696 0.0200779 0.961585 -0.20655 -0.18081 0.963564 -0.201591 -0.175799 0.956943 0.192047 0.217663 0.959039 0.187058 0.21273 0.21805 -0.951267 0.218049 0.13415 -0.981839 0.134149 -0.000110467 -1 -0.000110467 0.0863681 -0.992513 0.0863676 0.0417292 0.999127 0.00169911 0.0417282 0.999102 0.00736716 0.0417202 0.998911 0.0208896 0.0417245 0.999013 0.0152224 0.00518722 0.992244 -0.124197 0.00583912 0.990162 -0.139806 0.00738864 0.9842 -0.176906 0.00674047 0.986868 -0.161387 -0.706945 -0.706945 0.0214076 -0.707085 -0.707085 0.00775887 -0.707043 -0.707043 -0.0134338 -0.707107 -0.707107 0.000216074 0.995588 -0.0783254 0.0516751 0.995592 -0.0782935 0.0516431 0.995891 -0.0759618 0.0493034 0.995887 -0.0759937 0.0493354 -0.0417279 0.999096 0.00814718 -0.0417287 0.999115 0.00521501 -0.0417292 0.999127 -0.0017811 -0.0417293 0.999128 0.00115114 0.0192688 -0.999629 -0.0192687 0.079618 -0.993641 -0.0796175 0.172155 -0.96991 -0.172154 0.112901 -0.987171 -0.112901 0.994788 -0.0841736 -0.0575448 0.994789 -0.0841675 -0.0575387 0.994851 -0.0837318 -0.0571013 0.99485 -0.0837379 -0.0571074 0.00733481 0.984431 0.175617 0.00726829 0.984715 0.174024 0.00710949 0.98538 0.170222 0.00717606 0.985103 0.171816 0.953223 -0.226112 0.200596 0.955516 -0.220949 0.195372 0.960322 0.183934 -0.20964 0.962435 0.178674 -0.204436 0.990954 -0.134201 0 0.998168 -0.0604984 0 0.998267 -0.0588392 0 0.991176 -0.132553 0 0.997058 -0.026689 0.0718572 0.997134 -0.0266911 0.0707874 0.997136 -0.0266911 0.0707664 0.997059 -0.0266891 0.0718361 0.989854 -0.142089 0 0.997364 -0.0725611 0 0.997473 -0.071052 0 0.990068 -0.140591 0 0.99963 -0.0267579 0.00496047 0.999582 -0.0267567 0.0109382 0.999581 -0.0267566 0.0110561 0.999629 -0.0267579 0.00507832 -0 0.999999 0.00133823 0 1 -0.00059378 0 0.999997 -0.0025258 0 1 -0.00059379 0 -0.999792 0.0204136 0 -0.999707 0.0241857 0 -0.999609 0.0279574 0 -0.999707 0.0241857 0.672422 -0.737316 -0.0649104 0.672422 -0.737317 -0.0649104 0.672422 -0.737316 -0.0649104 0.047539 0.98742 -0.150802 0.047539 0.98742 -0.150802 0.047539 0.98742 -0.150802 -0.408337 -0.816498 0.408157 -0.408337 -0.816498 0.408157 -0.408337 -0.816498 0.408157 -0.0362124 0.991555 -0.124526 -0.0362124 0.991555 -0.124526 -0.0362124 0.991555 -0.124526 -0.394793 -0.816353 -0.421551 -0.394793 -0.816353 -0.421551 -0.394793 -0.816353 -0.421551 -0.0361337 0.991347 0.126192 -0.0361337 0.991347 0.126192 -0.0361337 0.991348 0.126192 0.650668 -0.752501 0.101849 0.650668 -0.752501 0.101849 0.650668 -0.752501 0.101849 0.0494042 0.977414 0.20548 0.0494042 0.977414 0.20548 0.0494042 0.977414 0.20548 0.999671 -0.0249159 -0.00607985 0.969616 0.20523 -0.133134 0.985093 0.118801 -0.124408 0.999722 -0.00778707 -0.0222483 -4.42439e-06 0.749483 0.662024 -4.41414e-06 0.750835 0.66049 -1.96105e-06 0.766885 0.641784 1.75724e-06 0.786613 0.617447 0.996127 -0.0835793 0.0273181 0.994812 -0.0956809 0.0345568 0.994368 -0.0963302 0.0441792 0.996791 -0.0747654 0.0285781 -0.302446 -0.871005 -0.387139 -0.30118 -0.872162 -0.385519 -0.0698841 -0.77118 -0.63277 -0.2361 -0.858086 -0.456011 0.993744 -0.10408 -0.0405054 0.994895 -0.094681 -0.034916 0.995558 -0.0856932 -0.0389906 0.993312 -0.103473 -0.0512318 -4.42473e-06 0.737983 -0.674819 -4.42167e-06 0.73841 -0.674352 1.78661e-06 0.783053 -0.621955 -1.96273e-06 0.759666 -0.650313 0.961674 0.230968 0.147773 0.999741 0.00293932 0.0225467 0.998936 -0.0458259 -0.00517901 0.990657 0.0895475 0.10286 -0.30715 -0.863178 0.400727 -0.301633 -0.86842 0.393529 -0.230758 -0.862123 0.451103 -0.0709834 -0.766097 0.638793 2.67098e-06 -0.74979 0.661676 2.67604e-06 -0.748681 0.662931 0.999443 -0.032166 0.00885604 0.998868 0.002288 0.0475199 2.52153e-06 0.79411 -0.607774 2.52294e-06 0.79385 -0.608113 0.99677 -0.072089 -0.0353906 0.993612 -0.0956561 -0.0598816 0.993417 -0.0980142 0.0592939 0.996888 -0.0718326 0.0324793 2.59461e-06 0.77427 0.632855 2.58303e-06 0.77657 0.630031 0.998211 0.0145999 -0.057973 0.999573 -0.0261612 -0.0130316 2.95581e-06 -0.745161 -0.666884 2.95494e-06 -0.745337 -0.666688 0.707072 -0.707062 0.0106204 0.707044 -0.707035 0.0138189 0.706987 -0.706977 0.0187845 0.707026 -0.707016 0.0155862 0.959828 -0.21223 -0.183543 0.961253 -0.208762 -0.180033 0.99773 0.0303167 0.0601384 0.998045 0.0266874 0.0565185 0.232026 -0.944631 0.232025 0.145598 -0.978572 0.145597 0.00675701 -0.999954 0.00675698 0.0962167 -0.990699 0.0962162 0.985964 0.166867 0.00544174 0.985976 0.166869 -0.0025598 0.985968 0.166868 -0.00462436 0.985973 0.166869 0.00337719 0.822497 0.568757 0.003884 0.837435 0.546402 -0.0121554 0.935493 0.315619 -0.158862 0.866857 0.496364 -0.0467071 -0.706975 -0.706977 0.0192708 -0.707096 -0.707098 0.0052023 -0.707008 -0.70701 -0.0166414 -0.707103 -0.707106 -0.00257249 0.998848 0.01752 -0.0446723 0.998848 0.0175267 -0.0446791 0.998817 0.0180124 -0.0451639 0.998818 0.0180056 -0.0451572 -0.0416033 0.996114 0.0776297 -0.041605 0.996155 0.0771047 -0.041609 0.996251 0.075852 -0.0416073 0.996211 0.076377 0.0299155 -0.999105 -0.0299153 0.0897423 -0.991914 -0.0897418 0.181341 -0.966556 -0.18134 0.122705 -0.984828 -0.122705 0.99882 0.0179695 0.0451211 0.99882 0.0179723 0.0451239 0.998807 0.0181658 0.045317 0.998808 0.018163 0.0453143 0.923082 -0.115089 0.366979 0.936673 0.310628 0.161719 0.746452 0.661199 -0.0750061 0.84703 0.53105 0.0229467 0.952454 -0.229206 0.20074 0.954105 -0.225537 0.197021 0.998372 0.0225453 -0.0523863 0.998648 0.0186723 -0.0485215 0.999465 0.0327129 -0 0.998963 0.0455273 -0 0.99895 0.0458151 -0 0.999455 0.0330008 -0 0.997638 -0.0271199 -0.0631177 0.997616 -0.0271193 -0.0634538 0.997616 -0.0271193 -0.0634605 0.997637 -0.0271199 -0.0631244 0.999542 0.0302707 0 0.99883 0.0483571 0 0.998811 0.0487485 0 0.99953 0.0306623 0 0.999538 -0.0298755 0.00562964 0.999547 -0.0298757 -0.0037216 0.999546 -0.0298757 -0.00392786 0.999539 -0.0298755 0.00542339 -0 0.999985 0.00556778 -0 0.998736 0.0502707 -0 0.995489 0.0948729 -0 0.998736 0.0502705 0 -0.999894 0.0145566 0 -0.9998 0.0199852 0 -0.999677 0.0254131 0 -0.9998 0.0199852 0.681787 -0.729962 -0.0481888 0.681787 -0.729962 -0.0481889 0.681787 -0.729962 -0.0481889 0.9901 0.136996 -0.0305699 0.9901 0.136996 -0.0305699 0.9901 0.136996 -0.0305699 -0.402773 -0.816471 0.413702 -0.402773 -0.816471 0.413702 -0.402773 -0.816471 0.413702 -0.0450769 0.995462 0.0838114 -0.0450769 0.995462 0.0838114 -0.0450769 0.995462 0.0838113 -0.387526 -0.81615 -0.428628 -0.387526 -0.81615 -0.428628 -0.387526 -0.81615 -0.428628 -0.0380706 0.995721 0.0841995 -0.0380706 0.995721 0.0841995 -0.0380706 0.995721 0.0841995 0.660495 -0.745951 0.0854626 0.660495 -0.745951 0.0854627 0.660495 -0.745951 0.0854626 0.990941 0.128423 0.0392853 0.990941 0.128423 0.0392853 0.990941 0.128423 0.0392853 0.99214 -0.117031 0.0442885 0.998558 0.0350073 -0.0407087 0.997863 -0.0620967 0.0203515 0.99394 -0.0991098 0.0475359 0.936832 0.217019 0.274314 0.937103 0.213648 0.276029 0.87065 0.311896 0.380381 0.340315 0.506189 0.792439 0.998952 0.0256081 -0.0379271 0.999046 0.0235983 -0.0367334 0.998832 0.0186129 -0.0445848 0.998576 0.0215527 -0.0487904 -0.262084 -0.881339 -0.393132 -0.261197 -0.882195 -0.391801 -0.0513154 -0.823868 -0.564454 -0.195976 -0.875343 -0.442004 0.999075 0.024081 0.035619 0.998956 0.0266247 0.0371208 0.998581 0.0228256 0.0481157 0.998896 0.0187414 0.0430769 0.93247 0.215833 -0.289682 0.932198 0.219376 -0.287892 0.334166 0.497644 -0.800427 0.864048 0.313159 -0.394148 0.994419 0.0812156 0.0673444 0.994213 -0.101755 -0.0344391 0.987253 -0.139215 -0.0771335 0.995548 -0.0859173 -0.0387727 -0.257845 -0.882106 0.394214 -0.254237 -0.885595 0.388697 -0.188967 -0.882129 0.431439 -0.051332 -0.826482 0.560619 2.32288e-06 -0.817842 0.575442 2.32614e-06 -0.817275 0.576248 0.991258 -0.107651 -0.076277 0.983419 -0.140984 -0.114061 3.22099e-06 0.63029 -0.776359 3.23493e-06 0.626129 -0.77972 0.998161 0.0180503 0.0578624 0.998618 0.0116308 0.051243 0.998617 0.0105414 -0.0515106 0.998325 0.0148693 -0.0559079 3.26853e-06 0.603674 0.797231 3.28054e-06 0.599787 0.80016 0.982967 -0.142484 0.11608 0.989776 -0.11456 0.0849679 2.58189e-06 -0.812816 -0.582521 2.58224e-06 -0.81276 -0.582599 -0.00242703 -0.999997 1.64726e-10 -0.00252934 -0.999997 1.7167e-10 -0.00253707 -0.999997 1.72194e-10 -0.00243476 -0.999997 1.6525e-10 0.00488013 -0.999961 -0.00738072 0.00488013 -0.999961 -0.00736338 0.00488013 -0.999961 -0.00736207 0.00488013 -0.999961 -0.00737942 0.0123341 -0.999924 -1.13031e-10 0.0122145 -0.999925 -1.11934e-10 0.0122055 -0.999925 -1.11852e-10 0.0123251 -0.999924 -1.12948e-10 0.00487998 -0.999961 0.00734333 0.00487998 -0.999961 0.00737802 0.00487998 -0.999961 0.00738063 0.00487998 -0.999961 0.00734595 0.999955 0.00588719 0.00738125 0.999955 0.00588719 0.00738125 0.999955 0.00588719 0.00738125 0.999955 0.00588719 0.00738125 -0.999956 -0.00588561 0.00734367 -0.999956 -0.00588561 0.00735293 -0.999956 -0.00588561 0.00736219 -0.999956 -0.00588561 0.00735293 0.000219591 -1 4.37686e-11 0.000221351 -1 4.41193e-11 0.000221484 -1 4.41458e-11 0.000219724 -1 4.37951e-11 0.00488006 -0.999977 -0.00465951 0.00488006 -0.999977 -0.00465951 0.00488006 -0.999977 -0.00465951 0.00488006 -0.999977 -0.00465951 0.00953852 -0.999955 8.0528e-09 0.00955762 -0.999954 8.06892e-09 0.00955906 -0.999954 8.07013e-09 0.00953996 -0.999954 8.05401e-09 0.00488006 -0.999977 0.00465952 0.00488006 -0.999977 0.00464219 0.00488006 -0.999977 0.00464088 0.00488006 -0.999977 0.00465822 0.999972 0.00588728 0.00464093 0.999972 0.00588728 0.00465017 0.999972 0.00588728 0.00465941 0.999972 0.00588728 0.00465017 -0.999972 -0.0058857 0.00465958 -0.999972 -0.0058857 0.00465958 -0.999972 -0.0058857 0.00465958 -0.999972 -0.0058857 0.00465958 -0.0104418 -0.999945 3.79768e-09 -0.0104922 -0.999945 3.81598e-09 -0.010496 -0.999945 3.81736e-09 -0.0104456 -0.999945 3.79907e-09 0.00487954 -0.99987 -0.0153578 0.00487954 -0.999871 -0.0153057 0.00487954 -0.999871 -0.0153018 0.00487954 -0.99987 -0.0153539 0.0201987 -0.999796 5.66876e-09 0.0202525 -0.999795 5.68386e-09 0.0202566 -0.999795 5.685e-09 0.0202028 -0.999796 5.66989e-09 0.00487954 -0.99987 0.0153578 0.00487954 -0.999871 0.0153231 0.00487954 -0.999871 0.0153205 0.00487954 -0.99987 0.0153552 0.999865 0.00588666 0.0153209 0.999865 0.00588666 0.0153392 0.999865 0.00588665 0.0153576 0.999865 0.00588666 0.0153392 -0.999865 -0.00588507 0.0153576 -0.999865 -0.00588507 0.0153576 -0.999865 -0.00588507 0.0153576 -0.999865 -0.00588507 0.0153576 0.00904394 0.999959 2.28177e-09 0.00904218 0.999959 2.28133e-09 0.00904205 0.999959 2.28129e-09 0.00904381 0.999959 2.28174e-09 -0.00487979 0.999891 0.0139227 -0.00487979 0.999892 0.013888 -0.00487979 0.999892 0.0138854 -0.00487979 0.999891 0.0139201 -0.018801 0.999823 -5.84722e-09 -0.0188028 0.999823 -5.84776e-09 -0.0188029 0.999823 -5.84781e-09 -0.0188011 0.999823 -5.84726e-09 -0.00487964 0.999891 -0.0139226 -0.00487964 0.999891 -0.01394 -0.00487964 0.999891 -0.0139413 -0.00487964 0.999891 -0.0139239 0.999886 0.00588677 0.0139222 0.999886 0.00588678 0.0139038 0.999886 0.00588678 0.0138854 0.999886 0.00588678 0.0139038 -0.999885 -0.00588519 0.0139593 -0.999886 -0.00588519 0.0139409 -0.999886 -0.00588519 0.0139225 -0.999886 -0.00588519 0.0139409 -0.014576 0.999894 2.00062e-08 -0.0145774 0.999894 2.00082e-08 -0.0146101 0.999893 2.0053e-08 -0.0146089 0.999893 2.00514e-08 0.92847 0.371123 -0.0145566 0.92847 0.371123 -0.0145662 0.928469 0.371123 -0.014575 0.92847 0.371123 -0.0145654 0.0145788 0.999894 -2.00101e-08 0.0145786 0.999894 -2.00098e-08 0.014575 0.999894 -2.00048e-08 0.0145751 0.999894 -2.0005e-08 -0 0.999894 0.014575 -0 0.999894 0.014575 -0 0.999894 0.014575 -0 0.999894 0.014575 0 0.999894 -0.0145746 0 0.999894 -0.0145739 0 0.999894 -0.0145566 0 0.999894 -0.0145574 0.999122 0.0104255 0.0405761 0.999963 0.0074812 -0.00424929 0.999968 0.00677089 -0.00414205 0.999976 0.00680038 -0.00162741 -2.1211e-07 -0.999992 -0.00404285 4.64717e-07 -0.999791 0.0204437 5.20385e-07 -0.999852 0.0172378 5.03849e-08 -1 0.000628236 0.0118101 0.999842 0.0133103 0.0112284 0.999459 -0.0309117 0.011224 0.999424 -0.0320312 0.0117366 0.999916 0.00546992 -0.0167799 0.999778 0.0127641 -0.0151924 0.998939 -0.0434718 -0.0151267 0.998536 -0.0519368 -0.0166352 0.999838 0.00682878 0.995173 0.0979291 -0.00630735 0.995833 0.0900937 0.014143 0.995722 0.0912981 0.0142174 0.995174 0.09812 0.00121457 -0.0176212 0.999526 0.0252397 -0.0175843 0.999358 0.0312293 0.995914 0.0836253 0.0340855 0.996129 0.0836887 0.0269077 0.0119966 0.998914 0.0450292 0.0119963 0.99891 0.0451168 0.999896 0.00493789 0.0135708 0.999601 0.007586 -0.0272151 0.999999 -0.000587604 0.00121048 0.999999 -0.000821878 0.00120854 0.999994 -0.00311288 0.00118952 0.999995 -0.00286882 0.00119154 0.999996 -0.00150477 0.00222575 0.999996 -0.00155701 0.00219185 0.999971 -0.00165971 0.00741194 0.999971 -0.00154948 0.00740763 0.999997 -0.00224689 0.0013174 0.999997 -0.00220386 0.00131688 -4.15625e-07 -0.999846 -0.0175666 3.0353e-07 -0.999995 0.00303339 3.33291e-09 -0.999868 -0.0162733 5.84661e-07 -0.999874 0.0158939 -8.1486e-07 -0.999778 -0.0210789 0.999984 -0.00568382 0 0.999984 -0.00563733 0 0.999976 -0.00533477 -0.00435477 0.999979 -0.00494269 -0.00417011 0.999992 -0.00388755 0 0.999991 -0.00414957 0 0.999977 -0.00671831 0 0.999979 -0.0064563 0 0.999578 -0.00507776 -0.0286058 0.999578 -0.00499976 -0.028602 0.999995 0.00331753 -0 0.999995 0.00329896 -0 0.999995 0.00328038 -0 0.999995 0.00329896 -0 0.0032417 -0 0.999995 0.0032417 -0 0.999995 0.0032417 -0 0.999995 0.0032417 -0 0.999995 -0.999995 0.00328038 0 -0.999995 0.00328038 0 -0.999995 0.00328038 0 -0.999995 0.00328038 0 0 -0.0032803 0.999995 0 -0.00331675 0.999994 0 -0.00331757 0.999995 0 -0.00328112 0.999995 0 0.0032803 0.999995 0 0.00331675 0.999994 0 0.00331757 0.999995 0 0.00328112 0.999995 -0.999999 -0.00158425 0 -0.999999 -0.00161216 0 -0.999999 -0.00164008 0 -0.999999 -0.00161216 0 -0.00165902 0 -0.999999 -0.00165864 0 -0.999999 -0.00164141 0 -0.999999 -0.0016418 0 -0.999999 0.999999 -0.00156559 0 0.999999 -0.0015935 0 0.999999 -0.00162141 0 0.999999 -0.0015935 0 0 0.00158423 -0.999999 0 0.00156601 -0.999999 0 0.0015656 -0.999999 0 0.00158382 -0.999999 -0 -0.0015656 -0.999999 -0 -0.00158383 -0.999999 -0 -0.00158424 -0.999999 -0 -0.00156601 -0.999999 -0.99968 0.0253105 0 -0.99968 0.0253105 0 -0.99968 0.0253105 0 -0.99968 0.0253105 0 -0.999679 0 -0.0253292 -0.999679 0 -0.0253292 -0.999679 0 -0.0253292 -0.999679 0 -0.0253292 -0.999679 -0.0253291 -0 -0.99968 -0.025312 -0 -0.99968 -0.0253104 -0 -0.999679 -0.0253275 -0 0 -0.0253111 -0.99968 0 -0.0253111 -0.99968 0 -0.0253111 -0.99968 0 -0.0253111 -0.99968 0 0.0253479 -0.999679 0 0.0253288 -0.999679 0 0.0253097 -0.99968 0 0.0253288 -0.999679 -0.99997 0.0077535 0 -0.99997 0.00770226 0 -0.99997 0.00769753 0 -0.99997 0.00774877 0 -0.999971 0 -0.00767891 -0.999971 0 -0.00766183 -0.999971 0 -0.00766025 -0.999971 0 -0.00767734 -0.99997 -0.00773479 -0 -0.99997 -0.00773479 -0 -0.99997 -0.00773479 -0 -0.99997 -0.00773479 -0 -0.999971 0 0.00764166 -0.999971 0 0.00767582 -0.999971 0 0.00767897 -0.999971 0 0.00764481 0 -0.007716 -0.99997 0 -0.00772539 -0.99997 0 -0.00773478 -0.99997 0 -0.00772539 -0.99997 0 0.00769723 -0.99997 0 0.00772539 -0.99997 0 0.00775357 -0.99997 0 0.00772539 -0.99997 -0.999897 -0.01437 0 -0.999896 -0.014404 0 -0.999896 -0.0144072 0 -0.999897 -0.0143731 0 -0.999897 0 0.0143699 -0.999897 0 0.0143529 -0.999897 0 0.0143513 -0.999897 0 0.0143684 -0.999896 0.0144445 0 -0.999896 0.0143934 0 -0.999896 0.0143887 0 -0.999896 0.0144398 0 0 0.0143332 -0.999897 0 0.0143608 -0.999897 0 0.0143883 -0.999896 0 0.0143608 -0.999897 -0 -0.0143888 -0.999896 -0 -0.0143797 -0.999897 -0 -0.0143705 -0.999897 -0 -0.0143797 -0.999897 0.999968 0.0079401 -0 0.999968 0.00795859 -0 0.999968 0.00797708 -0 0.999968 0.00795859 -0 0.00801323 -0 0.999968 0.00801446 -0 0.999968 0.00806903 -0 0.999967 0.0080678 -0 0.999967 -0.999969 0.00792132 0 -0.999968 0.00796754 0 -0.999968 0.00801376 0 -0.999968 0.00796754 0 -0.00797505 0 0.999968 -0.00797589 0 0.999968 -0.00801323 0 0.999968 -0.00801238 0 0.999968 0 -0.00797709 0.999968 0 -0.00792243 0.999969 0 -0.0079212 0.999969 0 -0.00797586 0.999968 0 0.00792119 0.999969 0 0.00793941 0.999968 0 0.00793982 0.999968 0 0.0079216 0.999969 0.999933 0.0115563 -0 0.999933 0.0115563 -0 0.999933 0.0115563 -0 0.999933 0.0115563 -0 0.0114987 -0 0.999934 0.0114991 -0 0.999934 0.0115163 -0 0.999934 0.0115159 -0 0.999934 -0.999933 0.0116111 0 -0.999933 0.0115835 0 -0.999933 0.0115558 0 -0.999933 0.0115835 0 -0.0115192 0 0.999934 -0.0115205 0 0.999934 -0.011575 0 0.999933 -0.0115738 0 0.999933 0 -0.011537 0.999934 0 -0.0115735 0.999933 0 -0.0115743 0.999933 0 -0.0115378 0.999933 0 0.0116115 0.999933 0 0.0115569 0.999933 0 0.0115556 0.999933 0 0.0116103 0.999933 -0.00291272 0.999996 -1.08554e-10 -0.00291275 0.999996 -1.13765e-10 -0.00291101 0.999996 -2.27394e-10 -0.00291218 0.999996 -2.17068e-10 0.530717 -0.847538 -0.00440024 0.530718 -0.847538 -0.00429367 0.53072 -0.847538 -0.00392228 0.53072 -0.847538 -0.00402665 0.00291327 0.999996 0 0.00291305 0.999996 0 0.00291311 0.999996 0 0.00291235 0.999996 0 -0 0.999996 0.00291421 -0 0.999996 0.00291292 -0 0.999996 0.00291265 -0 0.999996 0.00291535 0 0.999996 -0.00291276 0 0.999996 -0.00291181 0 0.999996 -0.00291284 0 0.999996 -0.00291292 -0.0103244 0.029729 0.999505 -0.0120669 0.0292881 0.999498 -0.0124016 0.0292034 0.999496 -0.010652 0.0296461 0.999504 0.00291382 0.999996 0 0.00291417 0.999996 0 -0.00291447 0.999996 0 -0.00291325 0.999996 0 -0 -0.999998 -0.00180195 -0 -0.999998 -0.00180015 -0 -0.999998 -0.00179772 -0 -0.999998 -0.00180166 0.00180023 -0.999998 0 0.00180099 -0.999998 0 0.00180129 -0.999998 0 0.00180073 -0.999998 0 0.00180116 -0.999998 0 0.00180106 -0.999998 0 0 -0.999998 0.00180037 0 -0.999998 0.00180019 0 -0.999998 0.00179951 0 -0.999998 0.001799 -0.00180138 -0.999998 0 -0.00180138 -0.999998 0 -0.00179994 -0.999998 0 -0.00180065 -0.999998 0 -0.0018028 -0.999998 0 -0.0018021 -0.999998 0 0 -0.999883 0.0152678 0 -0.999795 0.0202572 0 -0.999795 0.0202476 0 -0.999883 0.0153055 0.00291329 0.999996 0 0.00291269 0.999996 0 0.00291376 0.999996 0 -0 0.999996 0.00291295 -0 0.999996 0.00291525 -0.00291269 0.999996 0 -0.00291245 0.999996 0 -0.00291293 0.999996 0 0.747348 0.664259 0.0151958 0.74729 0.664207 0.0196688 0.82425 0.565877 0.0198954 0.824319 0.565925 0.0150751 -0.796744 -0.604317 0 -0.802262 -0.596972 0 -0.837698 -0.546133 0 -0.829539 -0.558448 0 -0.747102 -0.664518 -0.015991 -0.747455 -0.664299 0.00423821 -0.824807 -0.565368 0.00728384 -0.823511 -0.567292 -0.00289827 -0.819167 -0.573555 -0 -0.821342 -0.570436 -0 -0.856266 -0.516535 -0 -0.852381 -0.522922 -0 0.526298 -0.8503 0 0.5263 -0.850299 0 0.526341 -0.850274 0 0.526328 -0.850282 0 0.539907 0.841724 0 0.539879 0.841743 0 0.539423 0.842035 0 0.539614 0.841913 0 0.449864 0.893097 1.34606e-07 0.450118 0.892969 1.34682e-07 0.457301 0.889312 1.36831e-07 0.455159 0.89041 1.3619e-07 0.532928 -0.846161 0 0.532929 -0.84616 0 0.53294 -0.846153 0 0.532936 -0.846156 0 0.530469 0.847344 0.0247191 0.530758 0.847422 -0.0130977 0.530702 0.847221 -0.0239362 0.530626 0.847488 0.0141078 -0.0161316 0.0356941 0.999232 -0.0144199 0.0353423 0.999271 -0.0140743 0.0352712 0.999279 -0.0157956 0.035625 0.99924 -0 -0.999998 -0.0018008 -0 -0.999998 -0.00180098 -0 -0.999998 -0.0017996 -0 -0.999998 -0.00180154 -0.824111 -0.56627 0.0134266 -0.747331 -0.664327 0.012876 -0.74745 -0.664238 0.0103806 -0.824112 -0.566347 0.00955196 -5.12957e-07 -0.999885 0.0151598 -5.2341e-07 -0.999946 0.0104011 -5.25487e-07 -0.999946 0.0104053 -5.16243e-07 -0.999885 0.0151383 0.747347 0.664258 0.0152975 0.747387 0.664294 0.0112111 0.824365 0.565956 0.010795 0.824319 0.565925 0.0150792 0 0.999996 -0.00291282 0 0.999996 -0.00291225 0 0.999996 -0.00291145 0 0.999996 -0.00291327 -0 0.999996 0.00291364 -0 0.999996 0.00291292 -0 0.999996 0.00291285 -0 0.999996 0.00291303 -0 0.999996 0.00291414 -0 0.999996 0.00291368 0 -0.999998 0.00180003 0 -0.999998 0.00179974 0 -0.999998 0.00180174 0 -0.999998 0.00180192 0.564634 -0.825326 -0.00494324 0.564634 -0.825327 -0.00494599 0.564634 -0.825327 -0.00495157 0.564634 -0.825327 -0.004949 0.00273627 0.118189 0.992987 -0.00838876 0.120066 0.99273 -0.0100839 0.12035 0.99268 0.00105008 0.118475 0.992957 -0.0345669 0.111096 0.993208 -0.0218257 0.113896 0.993253 -0.0199255 0.114312 0.993245 -0.0327737 0.111491 0.993225 0.564882 0.825154 -0.00542719 0.564829 0.825202 -0.00309857 0.564801 0.825224 -0.00195196 0.564858 0.825177 -0.00435481 -0 -0.999998 -0.00180065 -0 -0.999998 -0.00180139 -0.748568 -0.662983 0.00998026 -0.825974 -0.56363 0.00944076 0 -0.999924 0.0123657 0 -0.999923 0.0123894 0.748463 0.662957 0.0170531 0.825544 0.564066 0.017511 0 0.999996 -0.00291183 0 0.999996 -0.00291395 -0 0.999996 0.0029135 -0 0.999996 0.00291295 -0 0.999996 0.00291202 0 -0.999998 0.0017988 0 -0.999998 0.00179938 0.567718 -0.823216 -0.00343907 0.567717 -0.823216 -0.00342601 0.567717 -0.823217 -0.00338817 0.567717 -0.823217 -0.00340186 -0.00996119 -0.0967129 0.995262 0.00549752 -0.0934889 0.995605 0.00858201 -0.0928428 0.995644 -0.00706796 -0.0961113 0.995345 0.567394 0.823401 -0.00863618 0.567463 0.823375 -0.00624896 0.567486 0.823365 -0.00542427 0.567419 0.823392 -0.00777211 -0 -0.999998 -0.00179959 -0 -0.999998 -0.00179987 -0.749972 -0.661153 0.0204991 -0.827557 -0.561109 0.017488 0 -0.999995 0.00313146 0 -0.999995 0.0030603 0.750302 0.661035 0.00885437 0.827305 0.561686 0.00861583 0 0.999996 -0.00291201 0 0.999996 -0.00291053 -0 0.999996 0.0029122 -0 0.999996 0.00291334 -0 0.999996 0.00291414 0 -0.999998 0.00180043 0 -0.999998 0.00180043 0.544496 -0.838756 -0.00353774 0.544494 -0.838758 -0.00344057 0.544489 -0.838762 -0.00320587 0.544491 -0.83876 -0.00330764 -0.0187316 -0.0879111 0.995952 -0.012739 -0.0888944 0.995959 -0.0116754 -0.0890686 0.995957 -0.0177207 -0.0880772 0.995956 -0.00358986 -0.091927 0.995759 -0.00969256 -0.0931991 0.9956 -0.010684 -0.0934055 0.995571 -0.00455902 -0.0921293 0.995737 0.544157 0.838927 -0.00976888 0.54418 0.838921 -0.00896476 0.54419 0.838918 -0.00863186 0.544167 0.838924 -0.00942031 -0 -0.999998 -0.00179812 -0 -0.999998 -0.00179872 -0.74986 -0.660179 0.0432908 -0.826302 -0.562397 0.0305781 0 -1 9.1439e-05 0 -1 7.47504e-05 0.751579 0.659637 0.00279229 0.8287 0.55969 0.00203534 0 0.999996 -0.00291163 0 0.999996 -0.00290798 -0 0.999996 0.00291005 -0 0.999996 0.00291008 -0 0.999996 0.00291037 0 -0.999998 0.0018023 0 -0.999998 0.0018023 0.531166 -0.847257 -0.00430091 0.531166 -0.847257 -0.00430046 0.531166 -0.847257 -0.00429869 0.531166 -0.847257 -0.00429914 -0.0122881 -0.00202552 0.999922 -0.006536 -0.00296024 0.999974 -0.00481894 -0.00323924 0.999983 -0.0106258 -0.00229566 0.999941 -0.0135678 -0.00696395 0.999884 -0.019473 -0.0081936 0.999777 -0.021098 -0.00853195 0.999741 -0.015181 -0.00729989 0.999858 0.531062 0.847237 -0.0127363 0.531084 0.847253 -0.0105888 0.531089 0.847257 -0.0100437 0.531068 0.847241 -0.0121918 -0 -0.999998 -0.00179968 -0 -0.999998 -0.00179923 -0.824497 -0.565719 0.012952 -0.74731 -0.664322 0.014286 0 -0.999956 0.00934589 0 -0.999956 0.00933267 0.747394 0.6643 0.0103507 0.824372 0.565961 0.00992408 0 0.999996 -0.00291307 0 0.999996 -0.00291322 -0 0.999996 0.0029113 -0 0.999996 0.0029127 -0 0.999996 0.00291047 0 -0.999998 0.00180072 0 -0.999998 0.00180003 0.546568 -0.837403 -0.00452768 0.546565 -0.837403 -0.00470442 0.546557 -0.837406 -0.00527666 0.546559 -0.837405 -0.00510666 -0.0192217 0.0689712 0.997433 -0.0143792 0.0680945 0.997575 -0.0133457 0.0679072 0.997602 -0.0182175 0.0687895 0.997465 -0.00852386 0.063587 0.99794 -0.0136136 0.0624157 0.997957 -0.0146519 0.0621766 0.997958 -0.0095529 0.0633503 0.997946 0.54668 0.837325 -0.00523174 0.546656 0.837352 -0.00290003 0.546648 0.83736 -0.00218023 0.546673 0.837334 -0.0045396 0.537077 -0.843521 -0.00443811 0.537077 -0.843521 -0.00443936 0.537077 -0.843522 -0.00444241 0.537077 -0.843521 -0.00444119 -0.0151406 0.0583938 0.998179 -0.0121421 0.0578108 0.998254 -0.0116813 0.0577212 0.998264 -0.0146963 0.0583074 0.998191 -0.0123057 0.0524457 0.998548 -0.015337 0.05171 0.998544 -0.0157819 0.051602 0.998543 -0.0127392 0.0523405 0.998548 0.537124 0.843503 -0.000136638 0.537176 0.843445 -0.00650673 0.537191 0.843411 -0.00913271 0.537148 0.843484 -0.00267552 0.140175 0.990124 -0.00222926 0.455574 0.890198 -0.00050059 0.464667 0.885485 -0.000445443 0.150309 0.988637 -0.00217871 -0.844464 0.535439 0.0136392 -0.838391 0.526609 0.140652 -0.843872 0.530068 0.083113 -0.844449 0.535471 0.0133044 -0.82777 0.561026 -0.00690569 -0.8313 0.555777 -0.00720563 -0.831186 0.555948 -0.00718218 -0.82777 0.561026 -0.00689896 -0.832967 0.553272 -0.00747885 -0.832793 0.553534 -0.00747282 -0.840366 0.541937 -0.00947252 -0.840286 0.542062 -0.00941681 0.539376 0.842065 -5.02528e-05 0.54041 0.841402 -5.57431e-05 0.540444 0.84138 -5.59245e-05 0.539411 0.842043 -5.04351e-05 -0.845742 0.533484 -0.0107537 -0.845741 0.533488 -0.0106481 -0.839987 0.542592 -0.00388842 -0.839928 0.542683 -0.00396643 0.532521 -0.846417 2.06491e-05 0.532458 -0.846456 2.10505e-05 0.532456 -0.846458 2.10656e-05 0.532519 -0.846418 2.06642e-05 -0.846796 -0.531916 -0.00162822 -0.844536 -0.535488 -0.00332404 -0.844517 -0.535518 -0.00332802 -0.846794 -0.531918 -0.00160631 -0.831318 -0.555789 -0.0031421 -0.827777 -0.561041 -0.00427269 -0.827777 -0.561041 -0.00427377 -0.831203 -0.55596 -0.00314787 -0.832971 -0.55329 -0.00537372 -0.832797 -0.553552 -0.00536828 -0.840382 -0.541964 -0.0057481 -0.840302 -0.542088 -0.00575056 -0.845765 -0.53351 -0.00697398 -0.845763 -0.533514 -0.00696699 0.526293 -0.850304 -2.06849e-05 0.52642 -0.850225 -2.00148e-05 0.526425 -0.850222 -1.99894e-05 0.526297 -0.8503 -2.06595e-05 -0.83999 -0.542593 -0.00307953 -0.839931 -0.542684 -0.00306878 0.254345 -0.966497 0.0345356 0.249141 -0.967848 0.0346281 0.247918 -0.968161 0.0346497 0.25015 -0.967588 0.0346102 -0.226571 -0.973386 0.0344334 -0.229353 -0.972736 0.034387 -0.230611 -0.972439 0.0343659 -0.228405 -0.972958 0.0344029 0.144396 0.989502 0.00596462 0.148659 0.988871 0.00596352 0.149453 0.988751 0.00596331 0.147254 0.989081 0.0059639 -0.221315 0.975185 0.00586332 -0.219243 0.975653 0.00586483 -0.218608 0.975795 0.00586529 -0.220518 0.975365 0.0058639 0.525612 0.844782 0.100371 0.526584 0.846097 0.0826433 0.52666 0.846198 0.0811098 0.525704 0.844908 0.0988221 0.52846 0.847217 -0.054347 0.523487 0.841803 0.131638 0.522193 0.839948 0.147656 0.528759 0.847922 -0.037991 -0.667417 0.417944 0.616342 -0.724169 0.453484 0.51955 0.528932 -0.848652 0.00451872 0.528932 -0.848652 0.00449943 0.528932 -0.848652 0.00449775 0.528932 -0.848652 0.00451702 -0.847534 -0.530741 0.000237678 -0.847534 -0.530741 0.000175233 0.528871 -0.848686 -0.00516366 0.528877 -0.848687 -0.00451955 0.528877 -0.848687 -0.0044638 0.528872 -0.848687 -0.00510729 0.995267 0.0173583 0.0956171 0.995237 0.0173667 0.0959205 0.995131 0.0173969 0.0970099 0.995161 0.0173884 0.0967055 -0.0115006 0.0257518 0.999602 -0.0113933 0.0257808 0.999603 -0.0112265 0.025826 0.999604 -0.0113335 0.025797 0.999603 0.999351 -0.0342918 -0.0109977 0.999351 -0.0342919 -0.0109994 0.999351 -0.0342921 -0.0110054 0.999351 -0.034292 -0.0110037 -0.0147537 0.0320498 0.999377 -0.0148623 0.032074 0.999375 -0.0150202 0.0321091 0.999371 -0.0149118 0.032085 0.999374 0.529941 0.847959 0.0113128 0.529938 0.847948 0.0121884 0.529938 0.847948 0.0122684 0.52994 0.847958 0.011393 -0.847243 0.531131 -0.00887958 -0.847242 0.53113 -0.00906017 0.529839 0.847993 -0.0133305 0.529861 0.848011 -0.0111318 0.529863 0.848013 -0.0109309 0.529841 0.847995 -0.0131294 0.529913 -0.848041 0.00430415 0.529913 -0.848041 0.00421842 0.529913 -0.848041 0.00421059 0.529913 -0.848041 0.00429631 0.529944 -0.848022 -0.00419014 0.529943 -0.848025 -0.00378294 0.529943 -0.848025 -0.00374571 0.529944 -0.848023 -0.00415286 -0.847246 -0.531137 -0.00823379 -0.847246 -0.531137 -0.00822832 0.999961 0.000229917 0.0087684 0.999962 0.000229894 0.00877286 0.999961 0.000229847 0.00878231 0.999961 0.000229869 0.00877786 -0.0124602 -0.0031832 0.999917 -0.0125931 -0.00316155 0.999916 -0.012738 -0.00313796 0.999914 -0.0126053 -0.00315957 0.999916 0.99997 0.00346018 0.00698114 0.99997 0.00346046 0.00692636 0.999971 0.00346104 0.00681069 0.99997 0.00346077 0.00686531 -0.013363 -0.00803044 0.999879 -0.0132349 -0.00800376 0.99988 -0.0130871 -0.00797296 0.999883 -0.0132149 -0.00799959 0.999881 -0.0311631 -0.089415 0.995507 -0.0279007 -0.0899513 0.995555 -0.012374 -0.0924896 0.995637 -0.0154459 -0.0919892 0.99564 -0.915364 -0.402089 0.0207912 -0.915907 -0.40021 0.0307582 -0.914134 -0.405339 0.00768645 -0.913112 -0.407636 0.00775586 -0.912969 -0.407754 0.0149587 -0.912991 -0.407757 0.0135183 -0.91312 -0.407642 0.00634414 -0.913109 -0.407716 9.18889e-05 -0.878013 -0.478637 0 -0.870253 -0.492605 0 0.912917 0.407633 0.020439 0.913002 0.407671 0.0151912 0.913065 0.407699 0.00969511 0.913056 0.407695 0.0106554 0.913002 0.407671 0.0152496 0.914012 0.405287 0.0180166 0.915721 0.401731 0.00825983 0.916874 0.399174 0.00121467 -0.891701 -0.452625 -0 -0.887369 -0.461061 -0 -0.00685203 0.999977 7.81962e-09 -0.00692639 0.999976 7.90449e-09 -0.00692791 0.999976 7.90622e-09 -0.00685355 0.999976 7.82136e-09 -0.00138673 0.999983 -0.00559144 -0.00138673 0.999984 -0.00548187 -0.00138673 0.999984 -0.00547963 -0.00138673 0.999984 -0.0055892 0.0041632 0.999991 1.77251e-09 0.0041436 0.999991 1.76417e-09 0.0041432 0.999991 1.764e-09 0.0041628 0.999991 1.77234e-09 -0.00138677 0.999983 0.00559144 -0.00138677 0.999984 0.00555492 -0.00138677 0.999984 0.00555417 -0.00138677 0.999983 0.0055907 0.999967 0.00588409 -0.00553562 0.999968 0.00588409 -0.00550754 0.999968 0.00588409 -0.00547945 0.999968 0.00588409 -0.00550754 -0.999967 -0.00588408 -0.00551656 -0.999967 -0.00588408 -0.00555403 -0.999967 -0.00588408 -0.00559149 -0.999967 -0.00588408 -0.00555403 0.00274663 0.999996 3.48171e-09 0.00272703 0.999996 3.45687e-09 0.00272663 0.999996 3.45636e-09 0.00274623 0.999996 3.4812e-09 -0.00138261 0.999991 0.00411903 -0.00138261 0.99999 0.00417383 -0.00138261 0.99999 0.00417495 -0.00138261 0.999991 0.00412014 -0.00549147 0.999985 -9.40986e-10 -0.00552931 0.999985 -9.47471e-10 -0.00553008 0.999985 -9.47602e-10 -0.00549224 0.999985 -9.41117e-10 -0.00138265 0.99999 -0.00415631 -0.00138265 0.999991 -0.00411977 -0.00138265 0.999991 -0.00411903 -0.00138265 0.99999 -0.00415556 0.999974 0.00588413 0.00411914 0.999974 0.00588413 0.00414695 0.999974 0.00588413 0.00417477 0.999974 0.00588413 0.00414696 -0.999974 -0.00588412 0.00413747 -0.999974 -0.00588412 0.00412819 -0.999974 -0.00588412 0.0041189 -0.999974 -0.00588412 0.00412819 0 -0.000223668 -1 0 -0.000186384 -1 0 -0.000149101 -1 0 -0.000186384 -1 1 -0 0.000242769 1 -0 0.000243237 1 -0 0.000262062 1 -0 0.000261595 0 -0.000167745 1 0 -0.000158424 1 0 -0.000149104 1 0 -0.000158424 1 1 0 -0.000260454 1 0 -0.000258196 1 0 -0.000167205 1 0 -0.000169463 1 0.00020502 0 1 0.000186833 0 1 0.000186382 0 1 0.000204569 0 1 -0.000167743 0 1 -0.000222304 0 1 -0.000223658 0 1 -0.000169097 0 0.00594148 -0.999982 -2.25959e-09 0.00590858 -0.999983 -2.24708e-09 0.00590609 -0.999983 -2.24614e-09 0.00593899 -0.999982 -2.25865e-09 0.00488011 -0.999988 0.00098782 0.00488011 -0.999988 0.00100515 0.00488011 -0.999988 0.00100646 0.00488011 -0.999988 0.000989128 0.00387268 -0.999992 1.02919e-09 0.00387443 -0.999992 1.02966e-09 0.00387457 -0.999993 1.0297e-09 0.00387281 -0.999992 1.02923e-09 0.00488011 -0.999988 -0.00100646 0.00488011 -0.999987 -0.00100646 0.00488011 -0.999988 -0.00100646 0.00488011 -0.999987 -0.00100646 0.999982 0.00588736 -0.00100643 0.999982 0.00588736 -0.00099714 0.999982 0.00588736 -0.000987846 0.999982 0.00588736 -0.00099714 -0.999982 -0.00588576 -0.0010065 -0.999982 -0.00588576 -0.00101579 -0.999982 -0.00588576 -0.00102508 -0.999982 -0.00588576 -0.00101579 -0.000183933 1 6.67694e-11 -0.00018102 1 6.5712e-11 -0.00018096 1 6.56901e-11 -0.000183873 1 6.67475e-11 -0.00140335 0.999998 0.00123012 -0.00140335 0.999998 0.00121186 -0.00140335 0.999998 0.00121148 -0.00140335 0.999998 0.00122974 -0.00260691 0.999997 4.11165e-09 -0.00262226 0.999997 4.13586e-09 -0.00262257 0.999996 4.13636e-09 -0.00260722 0.999997 4.11215e-09 -0.00140339 0.999998 -0.00123012 -0.00140339 0.999998 -0.00119359 -0.00140339 0.999998 -0.00119284 -0.00140339 0.999998 -0.00122936 -0.999982 -0.00588415 -0.00119287 -0.999982 -0.00588415 -0.00120214 -0.999982 -0.00588415 -0.00121141 -0.999982 -0.00588415 -0.00120214 0.999982 0.00588735 -0.00123006 0.999982 0.00588735 -0.00123006 0.999982 0.00588735 -0.00123006 0.999982 0.00588735 -0.00123006 0.670446 -0.741932 -0.00624133 0.670449 -0.741934 -0.00563587 0.670459 -0.741946 -0.00108085 0.670458 -0.741945 -0.00168633 -0.00134421 -0.741949 -0.670455 -0.00134421 -0.741949 -0.670455 -0.00134421 -0.741949 -0.670455 -0.00134421 -0.741949 -0.670455 0.0696677 -0.995134 0.0696678 0.0686804 -0.995272 0.0686806 -0.0779255 -0.993909 -0.0779257 -0.0769394 -0.994063 -0.0769396 -0.670459 -0.741946 0.000852386 -0.670459 -0.741945 0.0014544 -0.670447 -0.741933 0.00598337 -0.67045 -0.741935 0.00538136 -0.0731224 -0.994639 0.0731226 -0.0721369 -0.994783 0.0721371 0.0742808 -0.994467 -0.074281 0.0732955 -0.994613 -0.0732956 -0.707105 -0.707108 -0.00118912 -0.707104 -0.707107 -0.00174656 -0.707092 -0.707095 -0.0061942 -0.707094 -0.707097 -0.00563677 0.00159726 0.707104 -0.707108 0.00159824 0.707104 -0.707108 0.00160607 0.707104 -0.707108 0.00160509 0.707104 -0.707108 0.707093 -0.707096 0.00594066 0.707095 -0.707098 0.00538498 0.707105 -0.707108 0.000951341 0.707104 -0.707108 0.00150703 -0.0741084 -0.994493 0.0741092 -0.0731232 -0.994639 0.073124 0.0732705 -0.994617 -0.0732713 0.0722851 -0.994761 -0.072286 0.00160607 -0.707104 -0.707108 0.00160607 -0.707104 -0.707108 0.00160607 -0.707104 -0.707108 0.00160607 -0.707104 -0.707108 0.0777859 -0.993931 0.0777868 0.0767988 -0.994084 0.0767997 -0.0698838 -0.995104 -0.0698846 -0.0688956 -0.995242 -0.0688963 -0.00135294 0.741949 -0.670455 -0.00135294 0.741949 -0.670455 -0.00135294 0.741949 -0.670455 -0.00135294 0.741949 -0.670455 -0.00134438 -0.999999 0 -0.0013457 -0.999999 0 -0.00137891 -0.999999 0 -0.00137759 -0.999999 0 0.00159734 0 -0.999999 0.00160172 0 -0.999999 0.0016061 0 -0.999999 0.00160172 0 -0.999999 0.00160611 -0.999999 0 0.00160543 -0.999999 0 0.00158829 -0.999999 0 0.00158897 -0.999999 0 -0.00135298 2.91024e-06 -0.999999 -0.0013486 2.91024e-06 -0.999999 -0.00134422 2.91024e-06 -0.999999 -0.0013486 2.91024e-06 -0.999999 0 -1 0.000848388 0 -1 0.000852054 0 -0.999999 0.000944384 0 -0.999999 0.000940718 -0 -0.999999 -0.00107498 -0 -0.999999 -0.00107899 -0 -0.999999 -0.00117991 -0 -0.999999 -0.0011759 0.445627 -0.83892 -0.312459 0.445627 -0.83892 -0.312459 0.445627 -0.83892 -0.312459 -0.447226 -0.838727 -0.310686 -0.447226 -0.838727 -0.310686 -0.447226 -0.838727 -0.310686 -0.478336 -0.812227 0.333889 -0.478336 -0.812227 0.333889 -0.478336 -0.812227 0.333889 0.476721 -0.812428 0.335706 0.476721 -0.812428 0.335706 0.476721 -0.812428 0.335706 -0.476558 -0.812448 -0.335888 -0.476558 -0.812448 -0.335888 -0.476558 -0.812448 -0.335888 0.478213 -0.812242 -0.334029 0.478213 -0.812242 -0.334029 0.478213 -0.812243 -0.334029 0.447366 -0.838708 0.310536 0.447366 -0.838708 0.310536 0.447366 -0.838708 0.310536 -0.445829 -0.838894 0.31224 -0.445829 -0.838894 0.31224 -0.445829 -0.838894 0.31224 -0.00235252 -0.999997 1.00787e-09 -0.00235076 -0.999997 1.00711e-09 -0.00235062 -0.999997 1.00705e-09 -0.00235238 -0.999997 1.00781e-09 0.00488013 -0.999962 -0.00723157 0.00488013 -0.999962 -0.00726625 0.00488013 -0.999962 -0.00726887 0.00488013 -0.999962 -0.00723419 0.0121664 -0.999926 2.63403e-09 0.0121335 -0.999926 2.62691e-09 0.012131 -0.999926 2.62637e-09 0.0121639 -0.999926 2.6335e-09 0.00487998 -0.999962 0.00723157 0.00487998 -0.999962 0.00724891 0.00487998 -0.999962 0.00725022 0.00487999 -0.999962 0.00723288 0.999956 0.00588719 0.00725023 0.999956 0.00588719 0.00725949 0.999956 0.00588719 0.00726875 0.999956 0.00588719 0.00725949 -0.999956 -0.00588561 0.00723172 -0.999956 -0.00588561 0.00725023 -0.999956 -0.0058856 0.00726875 -0.999956 -0.00588561 0.00725023 -0.00838301 0.999965 5.68966e-10 -0.00836744 0.999965 5.67909e-10 -0.00836627 0.999965 5.6783e-10 -0.00838183 0.999965 5.68886e-10 -0.00488023 0.999982 -0.00350397 -0.00488023 0.999982 -0.00352129 -0.00488023 0.999982 -0.0035226 -0.00488023 0.999982 -0.00350528 -0.00137516 0.999999 1.26021e-11 -0.00137692 0.999999 1.26182e-11 -0.00137706 0.999999 1.26194e-11 -0.0013753 0.999999 1.26033e-11 -0.00488009 0.999982 0.00352259 -0.00488009 0.999982 0.00350527 -0.00488009 0.999982 0.00350396 -0.00488009 0.999982 0.00352128 -0.999977 -0.00588731 0.00350397 -0.999977 -0.00588731 0.00350397 -0.999977 -0.00588731 0.00350397 -0.999977 -0.00588731 0.00350397 0.999977 0.00588573 0.00352269 0.999977 0.00588573 0.00351333 0.999977 0.00588573 0.00350397 0.999977 0.00588573 0.00351333 0.00745113 -0.999972 1.48515e-09 0.00747022 -0.999972 1.48895e-09 0.00747166 -0.999972 1.48924e-09 0.00745258 -0.999972 1.48543e-09 0.00488024 -0.999985 0.00259069 0.00488024 -0.999985 0.00257337 0.00488024 -0.999985 0.00257206 0.00488024 -0.999985 0.00258939 0.00230707 -0.999997 1.94771e-09 0.00227418 -0.999997 1.91995e-09 0.0022717 -0.999997 1.91785e-09 0.00230458 -0.999997 1.94562e-09 0.0048801 -0.999985 -0.00259069 0.0048801 -0.999985 -0.00257337 0.0048801 -0.999985 -0.00257206 0.0048801 -0.999985 -0.00258939 -0.00357847 -2.1068e-05 -0.999994 -0.00359704 -2.11774e-05 -0.999993 -0.00361561 -2.12867e-05 -0.999993 -0.00359704 -2.11774e-05 -0.999993 -0.0035784 -2.1062e-05 0.999994 -0.00355983 -2.09527e-05 0.999994 -0.00354126 -2.08434e-05 0.999994 -0.00355983 -2.09527e-05 0.999994 -0.0067429 0.999977 2.45238e-09 -0.00674466 0.999977 2.45302e-09 -0.00674479 0.999977 2.45307e-09 -0.00674303 0.999977 2.45243e-09 -0.00488025 0.999986 -0.00193836 -0.00488025 0.999986 -0.00192103 -0.00488025 0.999986 -0.00191972 -0.00488025 0.999986 -0.00193705 -0.0029594 0.999996 -8.30553e-10 -0.00292651 0.999996 -8.21322e-10 -0.00292402 0.999996 -8.20625e-10 -0.00295692 0.999996 -8.29856e-10 -0.0048801 0.999986 0.00190108 -0.0048801 0.999986 0.00191841 -0.0048801 0.999986 0.00191972 -0.0048801 0.999986 0.00190239 0.999981 0.00588733 -0.00190108 0.999981 0.00588733 -0.00191039 0.999981 0.00588733 -0.00191969 0.999981 0.00588733 -0.00191039 -0.999981 -0.00588576 -0.00186378 -0.999981 -0.00588575 -0.00190111 -0.999981 -0.00588575 -0.00193845 -0.999981 -0.00588575 -0.00190111 -1.45984e-05 1 -3.68315e-12 3.56618e-05 1 8.9974e-12 3.94579e-05 1 9.95515e-12 -1.08024e-05 1 -2.72542e-12 -0.0048802 0.999976 0.00490182 -0.0048802 0.999976 0.0049365 -0.0048802 0.999976 0.00493911 -0.0048802 0.999976 0.00490444 -0.00979947 0.999952 -3.04769e-09 -0.00978389 0.999952 -3.04284e-09 -0.00978271 0.999952 -3.04247e-09 -0.00979829 0.999952 -3.04732e-09 -0.00488006 0.999976 -0.00495774 -0.00488006 0.999976 -0.00488839 -0.00488006 0.999976 -0.00488315 -0.00488006 0.999976 -0.00495251 0.999971 0.00588727 0.00492036 0.999971 0.00588727 0.00492964 0.99997 0.00588727 0.00493892 0.999971 0.00588727 0.00492964 -0.999971 -0.00588569 0.00492036 -0.999971 -0.00588569 0.00491112 -0.999971 -0.00588569 0.00490188 -0.999971 -0.00588569 0.00491112 -0.999972 0.00752951 0 -0.999972 0.00754828 0 -0.999971 0.00756706 0 -0.999972 0.00754828 0 -0.00760242 0 0.999971 -0.00760242 0 0.999971 -0.00760242 0 0.999971 -0.00760242 0 0.999971 -0.999971 -0.00756678 -0 -0.999971 -0.00756678 -0 -0.999971 -0.00756678 -0 -0.999971 -0.00756678 -0 -0 0.00756705 0.999971 -0 0.00756705 0.999971 -0 0.00756705 0.999971 -0 0.00756705 0.999971 0 -0.00756705 0.999971 0 -0.00756705 0.999971 0 -0.00756705 0.999971 0 -0.00756705 0.999971 0 -0.00533046 -0.999986 0 -0.00533983 -0.999986 0 -0.0053492 -0.999986 0 -0.00533983 -0.999986 0.999986 -0 0.00531199 0.999986 -0 0.00531246 0.999986 -0 0.00533128 0.999986 -0 0.00533081 0 -0.00525601 0.999986 0 -0.00526538 0.999986 0 -0.00527474 0.999986 0 -0.00526538 0.999986 0.999986 0 -0.00531198 0.999986 0 -0.00531151 0.999986 0 -0.00529269 0.999986 0 -0.00529315 0.999986 0.00527458 0 0.999986 0.00531096 0 0.999986 0.00531186 0 0.999986 0.00527548 0 0.999986 -0.00525593 0 0.999986 -0.00532869 0 0.999986 -0.0053305 0 0.999986 -0.00525774 0 -0.78532 0.619089 -1.42823e-07 -0.785343 0.619061 -1.42827e-07 -0.785344 0.61906 -1.42828e-07 -0.785321 0.619088 -1.42823e-07 -0.780787 0.624755 -0.00732476 -0.780787 0.624755 -0.00730692 -0.780787 0.624755 -0.00730613 -0.780787 0.624755 -0.00732396 -0.776234 0.630445 7.05853e-08 -0.776268 0.630402 7.05885e-08 -0.77627 0.6304 7.05887e-08 -0.776235 0.630443 7.05855e-08 -0.780787 0.624755 0.00732479 -0.780787 0.624755 0.00734263 -0.780787 0.624754 0.00734342 -0.780787 0.624755 0.00732559 0.778321 0.627825 -0.00728761 0.77832 0.627825 -0.00729701 0.77832 0.627825 -0.00730641 0.77832 0.627825 -0.00729701 -0.778321 -0.627824 -0.00730627 -0.77832 -0.627824 -0.00731567 -0.77832 -0.627824 -0.00732507 -0.77832 -0.627824 -0.00731567 -0.0117606 0.999931 -1.6142e-08 -0.0117596 0.999931 -1.61406e-08 -0.0117356 0.999931 -1.61077e-08 -0.0117364 0.999931 -1.61088e-08 0.928504 0.371137 -0.0117232 0.928504 0.371137 -0.0117039 0.928505 0.371137 -0.0116863 0.928504 0.371137 -0.0117056 0.0117107 0.999931 3.2147e-08 0.0117114 0.999931 3.21488e-08 0.0117234 0.999931 3.2182e-08 0.0117229 0.999931 3.21805e-08 -0 0.999931 0.0117235 -0 0.999931 0.0117235 -0 0.999931 0.0117235 -0 0.999931 0.0117235 0 0.999931 -0.0117052 0 0.999931 -0.011706 0 0.999931 -0.0117232 0 0.999931 -0.0117225 0.0167371 0.99986 -4.59449e-08 0.0167369 0.99986 -4.59445e-08 0.0167335 0.99986 -4.5935e-08 0.0167336 0.99986 -4.59353e-08 0.928438 0.37111 0.0167184 0.928438 0.37111 0.0167085 0.928438 0.37111 0.0166995 0.928438 0.37111 0.0167094 -0.0166831 0.999861 4.57966e-08 -0.016685 0.999861 4.58018e-08 -0.0167186 0.99986 4.58942e-08 -0.0167172 0.99986 4.58903e-08 0 0.999861 -0.0166998 0 0.999861 -0.0166998 0 0.999861 -0.0166998 0 0.999861 -0.0166998 0 0.999861 0.0166997 0 0.99986 0.0167005 0 0.99986 0.0167191 0 0.99986 0.0167183 0.0173332 0.99985 4.75812e-08 0.0173325 0.99985 4.75793e-08 0.0173171 0.99985 4.7537e-08 0.0173176 0.99985 4.75384e-08 0.928428 0.371106 0.0173522 0.928428 0.371106 0.0173522 0.928428 0.371106 0.0173522 0.928428 0.371106 0.0173522 -0.0173124 0.99985 -9.50482e-08 -0.0173135 0.99985 -9.50544e-08 -0.0173332 0.99985 -9.51627e-08 -0.0173324 0.99985 -9.5158e-08 0 0.99985 -0.0173144 0 0.99985 -0.0173159 0 0.999849 -0.0173522 0 0.999849 -0.0173506 0 0.999849 0.0173526 0 0.999849 0.0173526 0 0.999849 0.0173526 0 0.999849 0.0173526 0.0212298 0.999775 7.28472e-09 0.0212287 0.999775 7.28436e-09 0.0212046 0.999775 7.27609e-09 0.0212055 0.999775 7.27638e-09 0.928358 0.371078 0.0212482 0.928359 0.371078 0.0212184 0.92836 0.371079 0.0211912 0.928359 0.371078 0.021221 -0.0212159 0.999775 -3.63998e-09 -0.0212146 0.999775 -3.63976e-09 -0.0211911 0.999776 -3.63573e-09 -0.0211921 0.999775 -3.6359e-09 0 0.999775 -0.021229 0 0.999775 -0.021229 0 0.999775 -0.021229 0 0.999775 -0.021229 0 0.999775 0.0212285 0 0.999775 0.0212293 0 0.999774 0.0212479 0 0.999774 0.0212471 -0.00700729 -0.999975 2.40446e-09 -0.00700765 -0.999976 2.40459e-09 -0.00701596 -0.999975 2.40744e-09 -0.00701567 -0.999975 2.40734e-09 -0.928545 -0.371153 -0.00700789 -0.928545 -0.371153 -0.00701771 -0.928545 -0.371153 -0.00702665 -0.928545 -0.371153 -0.00701683 0.00700035 -0.999976 -2.40208e-09 0.00700076 -0.999976 -2.40222e-09 0.00700785 -0.999976 -2.40465e-09 0.00700755 -0.999975 -2.40455e-09 0 -0.999975 0.0070268 0 -0.999975 0.00702756 0 -0.999975 0.0070457 0 -0.999975 0.00704493 -0 -0.999975 -0.00702672 -0 -0.999975 -0.00702591 -0 -0.999976 -0.00700732 -0 -0.999975 -0.00700813 </float_array>
          <technique_common>
            <accessor count="2272" offset="0" source="#meshId1-bitangents-array" stride="3">
              <param name="X" type="float" />
              <param name="Y" type="float" />
              <param name="Z" type="float" />
            </accessor>
          </technique_common>
        </source>
        <source id="meshId1-tex0" name="meshId1-tex0">
          <float_array id="meshId1-tex0-array" count="4544"> 0.432381 0.0248801 0.413578 0.0424653 0.39346 0.0424136 0.393505 0.0250071 0.399157 0.0659817 0.392935 0.0722643 0.371824 0.0423576 0.353608 0.0250133 0.386157 0.0662642 0.341899 0.0342667 0.323101 0.0518558 0.302983 0.0518086 0.303024 0.0344014 0.308686 0.075375 0.302465 0.0816586 0.281347 0.0517575 0.263128 0.0344167 0.295685 0.0756603 0.25254 0.0500398 0.251947 0.107816 0.245551 0.107744 0.246144 0.0499678 0.271727 0.0502301 0.271134 0.108006 0.264738 0.10794 0.265331 0.0501646 0.265331 0.0501646 0.264738 0.10794 0.258343 0.107881 0.258935 0.0501055 0.258935 0.0501055 0.258343 0.107881 0.251947 0.107816 0.25254 0.0500398 0.251947 0.107816 0.251875 0.114211 0.245479 0.114139 0.245551 0.107744 0.252612 0.0436441 0.25254 0.0500398 0.246144 0.0499678 0.246216 0.0435723 0.217127 0.0171162 0.198177 0.0345422 0.17806 0.0343207 0.178252 0.0169152 0.183558 0.0579363 0.177283 0.0641662 0.156425 0.0340825 0.138356 0.0165852 0.170556 0.0581089 0.401057 0.0898272 0.399781 0.158941 0.393398 0.159338 0.394673 0.0902246 0.394673 0.0902246 0.393398 0.159338 0.387003 0.15922 0.388279 0.0901066 0.388279 0.0901066 0.387003 0.15922 0.380638 0.158588 0.381914 0.089474 0.407452 0.0899452 0.406176 0.159059 0.399781 0.158941 0.401057 0.0898272 0.39328 0.165733 0.386885 0.165615 0.387003 0.15922 0.393398 0.159338 0.388397 0.0837115 0.394791 0.0838296 0.394673 0.0902246 0.388279 0.0901066 0.135389 0.379412 0.135938 0.474053 0.129578 0.473379 0.129029 0.378737 0.129029 0.378737 0.129578 0.473379 0.123182 0.473416 0.122633 0.378775 0.122633 0.378775 0.123182 0.473416 0.11683 0.474164 0.116281 0.379523 0.116281 0.379523 0.11683 0.474164 0.110434 0.474201 0.109885 0.37956 0.129615 0.479774 0.123219 0.479812 0.123182 0.473416 0.129578 0.473379 0.122596 0.372379 0.128992 0.372342 0.129029 0.378737 0.122633 0.378775 0.0769334 0.862412 0.0772232 0.859952 0.0908742 0.860024 0.091133 0.862554 0.125462 0.876405 0.122913 0.876383 0.123138 0.862731 0.12568 0.862752 0.0772232 0.859952 0.0748196 0.86018 0.0761234 0.632712 0.0785162 0.63299 0.122953 0.860204 0.123138 0.862731 0.109115 0.862599 0.10933 0.860136 0.125347 0.860465 0.122953 0.860204 0.124236 0.633246 0.126637 0.633002 0.0785162 0.63299 0.0782496 0.630597 0.0924606 0.630738 0.0921652 0.633064 0.124463 0.617257 0.12688 0.617278 0.126868 0.630939 0.124457 0.630918 0.124457 0.630918 0.124236 0.633246 0.110616 0.633177 0.110422 0.630786 0.0921652 0.633064 0.0945671 0.63282 0.0932693 0.860286 0.0908742 0.860024 0.108237 0.617112 0.110654 0.617133 0.110422 0.630786 0.108012 0.630765 0.108224 0.632899 0.110616 0.633177 0.10933 0.860136 0.106927 0.860365 0.109108 0.876261 0.106558 0.876239 0.106573 0.862578 0.109115 0.862599 0.139005 0.860541 0.125347 0.860465 0.126637 0.633002 0.140294 0.633078 0.124463 0.617257 0.124457 0.630918 0.110422 0.630786 0.110654 0.617133 0.0945671 0.63282 0.108224 0.632899 0.106927 0.860365 0.0932693 0.860286 0.109108 0.876261 0.109115 0.862599 0.123138 0.862731 0.122913 0.876383 0.122953 0.860204 0.10933 0.860136 0.110616 0.633177 0.124236 0.633246 0.0908742 0.860024 0.0772232 0.859952 0.0785162 0.63299 0.0921652 0.633064 0.0769334 0.862412 0.0748196 0.86018 0.0772232 0.859952 0.122953 0.860204 0.125347 0.860465 0.123138 0.862731 0.0785162 0.63299 0.0761234 0.632712 0.0782496 0.630597 0.124457 0.630918 0.126637 0.633002 0.124236 0.633246 0.0921652 0.633064 0.0924606 0.630738 0.0945671 0.63282 0.108224 0.632899 0.110422 0.630786 0.110616 0.633177 0.0908742 0.860024 0.0932693 0.860286 0.091133 0.862554 0.109115 0.862599 0.106927 0.860365 0.10933 0.860136 0.0711852 0.155614 0.0702098 0.0876828 0.0765792 0.0882659 0.0775546 0.156198 0.0775546 0.156198 0.0765792 0.0882659 0.0829746 0.0881742 0.0839499 0.156106 0.0839499 0.156106 0.0829746 0.0881742 0.0893245 0.0874084 0.0902998 0.15534 0.0902998 0.15534 0.0893245 0.0874084 0.0957199 0.0873166 0.0966952 0.155248 0.0764873 0.0818704 0.0828827 0.0817788 0.0829746 0.0881742 0.0765792 0.0882659 0.0840418 0.162501 0.0776464 0.162593 0.0775546 0.156198 0.0839499 0.156106 0.246485 0.380423 0.252881 0.380436 0.252676 0.482897 0.24628 0.482884 0.265462 0.485608 0.259066 0.485595 0.259084 0.476636 0.26548 0.476648 0.26548 0.476648 0.259084 0.476636 0.259289 0.374175 0.265685 0.374188 0.252881 0.380436 0.259289 0.374175 0.259084 0.476636 0.252676 0.482897 0.265685 0.374188 0.272069 0.380474 0.271864 0.482935 0.26548 0.476648 0.184602 0.368581 0.190998 0.368559 0.191337 0.470655 0.184941 0.470677 0.184941 0.470677 0.191337 0.470655 0.191367 0.479655 0.184971 0.479676 0.20415 0.476944 0.197754 0.476965 0.197415 0.374869 0.20381 0.374848 0.190998 0.368559 0.197415 0.374869 0.197754 0.476965 0.191337 0.470655 0.178227 0.374933 0.184602 0.368581 0.184941 0.470677 0.178566 0.477029 0.240386 0.193594 0.240386 0.187199 0.246782 0.187198 0.246782 0.193594 0.246782 0.193594 0.253178 0.193594 0.253188 0.361689 0.246792 0.361689 0.246792 0.361689 0.246792 0.368085 0.240396 0.368086 0.240396 0.36169 0.26598 0.361688 0.259584 0.361688 0.259574 0.193594 0.26597 0.193593 0.259574 0.193594 0.259584 0.361688 0.253188 0.361689 0.253178 0.193594 0.240396 0.36169 0.240386 0.193594 0.246782 0.193594 0.246792 0.361689 0.105106 0.193676 0.105123 0.18728 0.111519 0.187298 0.111502 0.193694 0.111502 0.193694 0.117898 0.193712 0.117427 0.361807 0.111031 0.361789 0.111031 0.361789 0.111013 0.368185 0.104617 0.368167 0.104635 0.361771 0.130219 0.361842 0.123823 0.361825 0.124293 0.19373 0.130689 0.193748 0.124293 0.19373 0.123823 0.361825 0.117427 0.361807 0.117898 0.193712 0.104635 0.361771 0.105106 0.193676 0.111502 0.193694 0.111031 0.361789 0.304466 0.382557 0.30451 0.477963 0.298265 0.479344 0.298221 0.383938 0.298221 0.383938 0.298265 0.479344 0.291869 0.479347 0.291825 0.383941 0.291825 0.383941 0.291869 0.479347 0.285623 0.477972 0.285578 0.382565 0.285578 0.382565 0.285623 0.477972 0.279227 0.477975 0.279182 0.382568 0.298268 0.48574 0.291872 0.485743 0.291869 0.479347 0.298265 0.479344 0.291822 0.377545 0.298218 0.377542 0.298221 0.383938 0.291825 0.383941 0.169128 0.378838 0.168047 0.473474 0.1617 0.47269 0.16278 0.378054 0.16278 0.378054 0.1617 0.47269 0.155304 0.472617 0.156385 0.37798 0.156385 0.37798 0.155304 0.472617 0.14894 0.473256 0.150021 0.37862 0.150021 0.37862 0.14894 0.473256 0.142544 0.473183 0.143625 0.378546 0.161627 0.479086 0.155231 0.479012 0.155304 0.472617 0.1617 0.47269 0.156458 0.371585 0.162853 0.371658 0.16278 0.378054 0.156385 0.37798 0.178487 0.146207 0.176169 0.0783082 0.182549 0.0787653 0.184867 0.146664 0.184867 0.146664 0.182549 0.0787653 0.188941 0.0785471 0.191259 0.146446 0.191259 0.146446 0.188941 0.0785471 0.195275 0.077656 0.197592 0.145555 0.197592 0.145555 0.195275 0.077656 0.201667 0.0774378 0.203985 0.145337 0.182331 0.0723729 0.188723 0.0721548 0.188941 0.0785471 0.182549 0.0787653 0.191477 0.152838 0.185085 0.153057 0.184867 0.146664 0.191259 0.146446 0.0568343 0.0249631 0.0554054 0.0940738 0.0490209 0.094457 0.0504498 0.0253463 0.0504498 0.0253463 0.0490209 0.094457 0.0426263 0.0943248 0.0440551 0.0252142 0.0440551 0.0252142 0.0426263 0.0943248 0.036263 0.0936781 0.037692 0.0245675 0.0632289 0.0250952 0.0618001 0.0942061 0.0554054 0.0940738 0.0568343 0.0249631 0.0488886 0.100852 0.0424941 0.100719 0.0426263 0.0943248 0.0490209 0.094457 0.0441874 0.0188195 0.050582 0.0189517 0.0504498 0.0253463 0.0440551 0.0252142 0.166654 0.84789 0.1667 0.870743 0.162343 0.866316 0.162345 0.852251 0.155398 0.859213 0.148333 0.866172 0.143879 0.87053 0.14857 0.852112 0.144358 0.847689 0.1667 0.870743 0.166654 0.84789 0.168293 0.847913 0.168335 0.870753 0.143879 0.87053 0.1667 0.870743 0.166679 0.872379 0.143871 0.872167 0.166654 0.84789 0.144358 0.847689 0.144428 0.846053 0.166613 0.846251 0.144358 0.847689 0.143879 0.87053 0.142243 0.870507 0.14272 0.847679 0.144788 0.824392 0.166626 0.824582 0.166613 0.846251 0.144428 0.846053 0.215729 0.0768764 0.214408 0.0289901 0.220802 0.0288137 0.222122 0.0767 0.222122 0.0767 0.220802 0.0288137 0.227195 0.0286374 0.228516 0.0765239 0.228516 0.0765239 0.227195 0.0286374 0.233589 0.0284609 0.234909 0.0763475 0.209335 0.0770526 0.208015 0.0291663 0.214408 0.0289901 0.215729 0.0768764 0.233413 0.0220674 0.233589 0.0284609 0.227195 0.0286374 0.227019 0.0222439 0.215905 0.08327 0.215729 0.0768764 0.222122 0.0767 0.222299 0.0830938 0.633589 0.219682 0.633473 0.220594 0.631207 0.220593 0.631172 0.219657 0.635211 0.220243 0.633589 0.219682 0.634419 0.144319 0.636112 0.143814 0.633473 0.220594 0.635211 0.220243 0.634402 0.222278 0.633332 0.222285 0.634583 0.143595 0.634419 0.144319 0.631931 0.144315 0.631795 0.143552 0.636112 0.143814 0.634583 0.143595 0.634325 0.141689 0.635304 0.141843 0.633332 0.222285 0.633453 0.223895 0.631233 0.223833 0.631433 0.222304 0.699916 0.220611 0.698201 0.220494 0.701148 0.149969 0.702864 0.150081 0.634342 0.140468 0.634325 0.141689 0.632111 0.141659 0.632138 0.14045 0.631433 0.222304 0.630219 0.222235 0.629551 0.220219 0.631207 0.220593 0.566692 0.21921 0.564975 0.219301 0.563259 0.148776 0.564977 0.148687 0.631172 0.141774 0.632111 0.141659 0.631795 0.143552 0.630247 0.143774 0.631172 0.219657 0.629551 0.220219 0.630247 0.143774 0.631931 0.144315 0.664913 0.217944 0.667661 0.148074 0.670101 0.14821 0.667325 0.218172 0.699916 0.220611 0.702864 0.150081 0.705294 0.150191 0.702345 0.220724 0.597564 0.217363 0.596085 0.147349 0.598534 0.147245 0.599972 0.217172 0.631172 0.219657 0.631931 0.144315 0.634419 0.144319 0.633589 0.219682 0.634583 0.143595 0.631795 0.143552 0.632111 0.141659 0.634325 0.141689 0.631207 0.220593 0.633473 0.220594 0.633332 0.222285 0.631433 0.222304 0.633589 0.219682 0.635211 0.220243 0.633473 0.220594 0.634583 0.143595 0.636112 0.143814 0.634419 0.144319 0.633332 0.222285 0.634402 0.222278 0.633453 0.223895 0.634342 0.140468 0.635304 0.141843 0.634325 0.141689 0.631433 0.222304 0.631233 0.223833 0.630219 0.222235 0.631172 0.141774 0.632138 0.14045 0.632111 0.141659 0.631207 0.220593 0.629551 0.220219 0.631172 0.219657 0.631931 0.144315 0.630247 0.143774 0.631795 0.143552 0.635211 0.220243 0.636112 0.143814 0.651247 0.147016 0.649058 0.218006 0.636112 0.143814 0.635304 0.141843 0.650083 0.145152 0.651247 0.147016 0.701148 0.149969 0.698201 0.220494 0.683414 0.219416 0.686314 0.149041 0.634402 0.222278 0.635211 0.220243 0.649058 0.218006 0.647877 0.21981 0.566692 0.21921 0.564977 0.148687 0.579585 0.14797 0.581245 0.218373 0.631172 0.141774 0.630247 0.143774 0.615261 0.146506 0.616491 0.144666 0.630247 0.143774 0.629551 0.220219 0.616016 0.217584 0.615261 0.146506 0.629551 0.220219 0.630219 0.222235 0.617136 0.219413 0.616016 0.217584 0.601273 0.219079 0.599972 0.217172 0.599972 0.217172 0.598534 0.147245 0.598534 0.147245 0.599858 0.145307 0.596085 0.147349 0.597564 0.217363 0.667325 0.218172 0.670101 0.14821 0.666396 0.146112 0.667661 0.148074 0.667661 0.148074 0.664913 0.217944 0.664913 0.217944 0.663557 0.219828 0.168218 0.794811 0.168675 0.817659 0.16424 0.813312 0.163988 0.799249 0.157167 0.806335 0.150229 0.81342 0.145854 0.817858 0.150213 0.799358 0.145922 0.795012 0.168675 0.817659 0.168218 0.794811 0.169857 0.794805 0.170311 0.81764 0.145854 0.817858 0.168675 0.817659 0.168684 0.819296 0.145876 0.819495 0.168218 0.794811 0.145922 0.795012 0.145962 0.793375 0.168148 0.793174 0.145922 0.795012 0.145854 0.817858 0.144218 0.817864 0.144284 0.795031 0.145932 0.77171 0.167771 0.771508 0.168148 0.793174 0.145962 0.793375 0.185161 0.157457 0.186484 0.357044 0.180088 0.357057 0.178765 0.15747 0.178765 0.15747 0.180088 0.357057 0.173692 0.3571 0.172369 0.157513 0.197953 0.157343 0.199275 0.35693 0.192879 0.357001 0.191557 0.157414 0.191557 0.157414 0.192879 0.357001 0.186484 0.357044 0.185161 0.157457 0.18013 0.363453 0.173734 0.363496 0.173692 0.3571 0.180088 0.357057 0.172327 0.151116 0.178723 0.151074 0.178765 0.15747 0.172369 0.157513 0.103834 0.178391 0.102957 0.120618 0.109352 0.120528 0.110229 0.1783 0.110229 0.1783 0.109352 0.120528 0.115747 0.120431 0.116625 0.178203 0.116625 0.178203 0.115747 0.120431 0.122143 0.120327 0.12302 0.178099 0.12302 0.178099 0.122143 0.120327 0.128538 0.12023 0.129415 0.178002 0.128538 0.12023 0.122143 0.120327 0.122045 0.113932 0.128441 0.113835 0.12302 0.178099 0.129415 0.178002 0.129512 0.184398 0.123117 0.184495 0.422869 0.0445027 0.429265 0.0445154 0.429253 0.0509113 0.422856 0.0508987 0.422856 0.0508987 0.429253 0.0509113 0.428418 0.475783 0.422022 0.47577 0.422022 0.47577 0.42201 0.482166 0.415614 0.482154 0.415626 0.475758 0.435649 0.0509239 0.434814 0.475796 0.428418 0.475783 0.429253 0.0509113 0.415626 0.475758 0.416461 0.0508863 0.422856 0.0508987 0.422022 0.47577 0.453209 0.0429645 0.459605 0.0430005 0.459569 0.0493964 0.453173 0.0493604 0.453173 0.0493604 0.459569 0.0493964 0.457181 0.474262 0.450785 0.474226 0.450785 0.474226 0.450749 0.480622 0.444353 0.480586 0.444389 0.47419 0.465965 0.0494324 0.463576 0.474298 0.457181 0.474262 0.459569 0.0493964 0.444389 0.47419 0.446777 0.0493244 0.453173 0.0493604 0.450785 0.474226 0.339535 0.685279 0.339632 0.684345 0.341804 0.684309 0.341854 0.685266 0.337975 0.684748 0.339535 0.685279 0.339537 0.771537 0.337768 0.772101 0.339632 0.684345 0.337975 0.684748 0.338721 0.682589 0.339731 0.682589 0.339394 0.772204 0.339537 0.771537 0.342155 0.771508 0.34229 0.772201 0.337768 0.772101 0.339394 0.772204 0.339843 0.773896 0.339045 0.773744 0.339731 0.682589 0.339566 0.680967 0.341733 0.680997 0.341549 0.68254 0.24639 0.681453 0.248108 0.681609 0.242749 0.760325 0.24103 0.760174 0.339841 0.775126 0.339843 0.773896 0.341841 0.7739 0.341834 0.775106 0.341549 0.68254 0.342691 0.682574 0.343399 0.684683 0.341804 0.684309 0.433146 0.681037 0.434862 0.680867 0.440826 0.759495 0.439108 0.759664 0.342579 0.773749 0.341841 0.7739 0.34229 0.772201 0.343931 0.772054 0.341854 0.685266 0.343399 0.684683 0.343931 0.772054 0.342155 0.771508 0.294989 0.694855 0.290919 0.763771 0.288472 0.763633 0.292576 0.694539 0.24639 0.681453 0.24103 0.760174 0.238595 0.760005 0.243956 0.681281 0.388787 0.694346 0.393361 0.763473 0.390909 0.763639 0.386383 0.694681 0.341854 0.685266 0.342155 0.771508 0.339537 0.771537 0.339535 0.685279 0.339394 0.772204 0.34229 0.772201 0.341841 0.7739 0.339843 0.773896 0.341804 0.684309 0.339632 0.684345 0.339731 0.682589 0.341549 0.68254 0.339535 0.685279 0.337975 0.684748 0.339632 0.684345 0.339394 0.772204 0.337768 0.772101 0.339537 0.771537 0.339731 0.682589 0.338721 0.682589 0.339566 0.680967 0.339841 0.775126 0.339045 0.773744 0.339843 0.773896 0.341549 0.68254 0.341733 0.680997 0.342691 0.682574 0.342579 0.773749 0.341834 0.775106 0.341841 0.7739 0.341804 0.684309 0.343399 0.684683 0.341854 0.685266 0.342155 0.771508 0.343931 0.772054 0.34229 0.772201 0.337975 0.684748 0.337768 0.772101 0.314589 0.764959 0.318315 0.694306 0.337768 0.772101 0.339045 0.773744 0.316632 0.767343 0.314589 0.764959 0.242749 0.760325 0.248108 0.681609 0.26773 0.691846 0.264438 0.762164 0.338721 0.682589 0.337975 0.684748 0.318315 0.694306 0.319992 0.691226 0.433146 0.681037 0.439108 0.759664 0.417064 0.761764 0.412996 0.691506 0.342579 0.773749 0.343931 0.772054 0.367787 0.764772 0.365549 0.767354 0.343931 0.772054 0.343399 0.684683 0.363383 0.694331 0.367787 0.764772 0.343399 0.684683 0.342691 0.682574 0.361838 0.6915 0.363383 0.694331 0.385047 0.692951 0.386383 0.694681 0.386383 0.694681 0.390909 0.763639 0.390909 0.763639 0.389562 0.76557 0.393361 0.763473 0.388787 0.694346 0.292576 0.694539 0.288472 0.763633 0.292268 0.765674 0.290919 0.763771 0.290919 0.763771 0.294989 0.694855 0.294989 0.694855 0.296324 0.69312 0.337401 0.78905 0.337516 0.788105 0.339953 0.78808 0.340011 0.789036 0.335619 0.788529 0.337401 0.78905 0.337421 0.86333 0.335768 0.863444 0.337516 0.788105 0.335619 0.788529 0.336566 0.786394 0.337671 0.78638 0.337712 0.869761 0.337421 0.86333 0.339765 0.86334 0.339523 0.86975 0.335768 0.863444 0.337712 0.869761 0.337359 0.87186 0.336023 0.871202 0.337671 0.78638 0.337533 0.784771 0.339825 0.784807 0.339652 0.786336 0.238932 0.796744 0.240647 0.796668 0.244987 0.874947 0.243275 0.875023 0.337487 0.873072 0.337359 0.87186 0.33998 0.871676 0.340058 0.872883 0.339652 0.786336 0.340893 0.786388 0.341781 0.788471 0.339953 0.78808 0.436656 0.796769 0.43837 0.796845 0.434038 0.874992 0.432324 0.874915 0.341262 0.871078 0.33998 0.871676 0.339523 0.86975 0.34142 0.863435 0.340011 0.789036 0.341781 0.788471 0.34142 0.863435 0.339765 0.86334 0.288879 0.80181 0.292507 0.8727 0.290123 0.872811 0.286415 0.801889 0.238932 0.796744 0.243275 0.875023 0.240853 0.875177 0.236509 0.796896 0.390851 0.802011 0.387171 0.87272 0.384787 0.872603 0.388388 0.801938 0.340011 0.789036 0.339765 0.86334 0.337421 0.86333 0.337401 0.78905 0.337712 0.869761 0.339523 0.86975 0.33998 0.871676 0.337359 0.87186 0.339953 0.78808 0.337516 0.788105 0.337671 0.78638 0.339652 0.786336 0.337401 0.78905 0.335619 0.788529 0.337516 0.788105 0.337712 0.869761 0.335768 0.863444 0.337421 0.86333 0.337671 0.78638 0.336566 0.786394 0.337533 0.784771 0.337487 0.873072 0.336149 0.871964 0.337359 0.87186 0.339652 0.786336 0.339825 0.784807 0.340893 0.786388 0.341191 0.871576 0.340058 0.872883 0.33998 0.871676 0.339953 0.78808 0.341781 0.788471 0.340011 0.789036 0.339765 0.86334 0.34142 0.863435 0.339523 0.86975 0.335619 0.788529 0.335768 0.863444 0.314225 0.8685 0.313636 0.798772 0.335768 0.863444 0.336023 0.871202 0.317075 0.870045 0.314225 0.8685 0.244987 0.874947 0.240647 0.796668 0.261295 0.802966 0.266515 0.874063 0.336566 0.786394 0.335619 0.788529 0.313636 0.798772 0.315565 0.795608 0.436656 0.796769 0.432324 0.874915 0.410429 0.873994 0.415395 0.80303 0.341262 0.871078 0.34142 0.863435 0.363586 0.868373 0.360515 0.870041 0.34142 0.863435 0.341781 0.788471 0.364006 0.79892 0.363586 0.868373 0.341781 0.788471 0.340893 0.786388 0.362272 0.796014 0.364006 0.79892 0.387069 0.800031 0.388388 0.801938 0.388388 0.801938 0.384787 0.872603 0.384787 0.872603 0.382803 0.874159 0.387171 0.87272 0.390851 0.802011 0.286415 0.801889 0.290123 0.872811 0.294503 0.874234 0.292507 0.8727 0.292507 0.8727 0.288879 0.80181 0.288879 0.80181 0.290227 0.799905 0.210323 0.148691 0.210748 0.0909134 0.217144 0.0909673 0.216718 0.148744 0.216718 0.148744 0.217144 0.0909673 0.22354 0.0910144 0.223114 0.148791 0.223114 0.148791 0.22354 0.0910144 0.229936 0.0910548 0.22951 0.148833 0.22951 0.148833 0.229936 0.0910548 0.236332 0.091102 0.235906 0.14888 0.236332 0.091102 0.229936 0.0910548 0.229983 0.0846595 0.236379 0.0847067 0.22951 0.148833 0.235906 0.14888 0.235859 0.155275 0.229463 0.155228 0.24337 0.176575 0.243639 0.118797 0.250035 0.118833 0.249766 0.176611 0.249766 0.176611 0.250035 0.118833 0.256431 0.118863 0.256162 0.176641 0.256162 0.176641 0.256431 0.118863 0.262827 0.118886 0.262558 0.176665 0.262558 0.176665 0.262827 0.118886 0.269223 0.118916 0.268954 0.176694 0.269223 0.118916 0.262827 0.118886 0.262857 0.11249 0.269253 0.11252 0.262558 0.176665 0.268954 0.176694 0.268924 0.18309 0.262528 0.183061 0.136866 0.174906 0.137753 0.117134 0.144148 0.117239 0.143262 0.175011 0.143262 0.175011 0.144148 0.117239 0.150544 0.117337 0.149657 0.175109 0.149657 0.175109 0.150544 0.117337 0.156939 0.117428 0.156052 0.1752 0.156052 0.1752 0.156939 0.117428 0.163334 0.117526 0.162447 0.175299 0.163334 0.117526 0.156939 0.117428 0.157037 0.111033 0.163432 0.111131 0.156052 0.1752 0.162447 0.175299 0.162349 0.181694 0.155954 0.181596 0.284417 0.0924072 0.283613 0.15018 0.277218 0.150085 0.278022 0.0923117 0.303604 0.0926679 0.302799 0.150441 0.296404 0.150352 0.297208 0.0925789 0.297208 0.0925789 0.296404 0.150352 0.290008 0.15027 0.290813 0.0924963 0.290813 0.0924963 0.290008 0.15027 0.283613 0.15018 0.284417 0.0924072 0.30271 0.156837 0.296315 0.156748 0.296404 0.150352 0.302799 0.150441 0.297297 0.0861832 0.303693 0.0862725 0.303604 0.0926679 0.297208 0.0925789 0.013044 0.373881 0.0194395 0.373788 0.0208977 0.473813 0.0144652 0.47135 0.0144652 0.47135 0.0145657 0.478237 0.00817025 0.47833 0.00806975 0.471443 0.0336511 0.47107 0.0272931 0.47372 0.0258348 0.373695 0.0322301 0.373602 0.0194395 0.373788 0.0258348 0.373695 0.0272931 0.47372 0.0208977 0.473813 0.00664878 0.373974 0.013044 0.373881 0.0144652 0.47135 0.00806975 0.471443 0.609387 0.375314 0.609059 0.459492 0.584077 0.459821 0.586522 0.374378 0.584077 0.459821 0.609059 0.459492 0.609012 0.47174 0.585294 0.470103 0.586852 0.340515 0.60925 0.339926 0.610262 0.347816 0.587854 0.347405 0.585554 0.36385 0.609079 0.363352 0.609387 0.375314 0.586522 0.374378 0.609079 0.363352 0.585554 0.36385 0.587854 0.347405 0.610262 0.347816 0.560967 0.362667 0.561035 0.375306 0.560967 0.362667 0.561009 0.347077 0.561684 0.339376 0.561009 0.347077 0.561076 0.459516 0.561035 0.375306 0.548049 0.375361 0.561035 0.375306 0.561076 0.459516 0.548702 0.459554 0.548049 0.375361 0.5397 0.375615 0.539667 0.359579 0.547424 0.359563 0.548702 0.459554 0.539758 0.459574 0.56123 0.471734 0.586538 0.480304 0.561304 0.480646 0.608954 0.480662 0.561076 0.459516 0.630377 0.459626 0.621433 0.459575 0.621773 0.375362 0.630717 0.375718 0.609387 0.375314 0.621773 0.375362 0.621433 0.459575 0.609059 0.459492 0.622823 0.359594 0.630848 0.359659 0.362405 0.364375 0.362426 0.370771 0.35603 0.370792 0.356009 0.364396 0.356009 0.364396 0.349613 0.364416 0.349011 0.180342 0.355407 0.180321 0.355407 0.180321 0.355386 0.173925 0.361782 0.173904 0.361803 0.1803 0.343217 0.364437 0.342615 0.180363 0.349011 0.180342 0.349613 0.364416 0.361803 0.1803 0.362405 0.364375 0.356009 0.364396 0.355407 0.180321 0.371159 0.174547 0.371148 0.168151 0.377544 0.168141 0.377555 0.174537 0.377555 0.174537 0.383951 0.174527 0.384247 0.358602 0.377851 0.358612 0.377851 0.358612 0.377862 0.365008 0.371466 0.365019 0.371455 0.358622 0.390347 0.174517 0.390643 0.358592 0.384247 0.358602 0.383951 0.174527 0.371455 0.358622 0.371159 0.174547 0.377555 0.174537 0.377851 0.358612 0.136108 0.103397 0.137321 0.0555075 0.143715 0.0556694 0.142502 0.103559 0.142502 0.103559 0.143715 0.0556694 0.150109 0.0558314 0.148896 0.103721 0.148896 0.103721 0.150109 0.0558314 0.156503 0.0559933 0.15529 0.103883 0.156664 0.0495995 0.156503 0.0559933 0.150109 0.0558314 0.150271 0.0494376 0.135946 0.109791 0.136108 0.103397 0.142502 0.103559 0.14234 0.109953 0.350474 0.16047 0.350843 0.112567 0.357238 0.112616 0.35687 0.160519 0.35687 0.160519 0.357238 0.112616 0.363634 0.112665 0.363265 0.160568 0.363265 0.160568 0.363634 0.112665 0.37003 0.112715 0.369661 0.160618 0.344078 0.160421 0.344447 0.112518 0.350843 0.112567 0.350474 0.16047 0.370079 0.106319 0.37003 0.112715 0.363634 0.112665 0.363683 0.106269 0.350424 0.166866 0.350474 0.16047 0.35687 0.160519 0.35682 0.166915 0.346927 0.0992323 0.346239 0.0513328 0.352634 0.0512407 0.353322 0.0991404 0.353322 0.0991404 0.352634 0.0512407 0.359029 0.0511489 0.359718 0.0990485 0.359718 0.0990485 0.359029 0.0511489 0.365425 0.0510569 0.366113 0.0989561 0.365333 0.0446618 0.365425 0.0510569 0.359029 0.0511489 0.358937 0.0447534 0.347019 0.105628 0.346927 0.0992323 0.353322 0.0991404 0.353414 0.105536 0.0984861 0.354959 0.0985372 0.361355 0.0921412 0.361406 0.0920901 0.35501 0.0920901 0.35501 0.0856944 0.355061 0.0842242 0.170992 0.0906202 0.170941 0.0906202 0.170941 0.0905691 0.164545 0.0969648 0.164494 0.0970159 0.17089 0.0714327 0.171094 0.0778285 0.171043 0.0792986 0.355112 0.0729028 0.355164 0.0792986 0.355112 0.0778285 0.171043 0.0842242 0.170992 0.0856944 0.355061 0.0970159 0.17089 0.0984861 0.354959 0.0920901 0.35501 0.0906202 0.170941 0.0318391 0.359199 0.0319132 0.365595 0.0255175 0.365669 0.0254437 0.359273 0.0254437 0.359273 0.019048 0.359347 0.0169209 0.175284 0.0233164 0.175211 0.0233164 0.175211 0.0232424 0.168815 0.0296382 0.168741 0.0297121 0.175136 0.00412965 0.175432 0.0105251 0.175358 0.0126525 0.359421 0.00625682 0.359495 0.0126525 0.359421 0.0105251 0.175358 0.0169209 0.175284 0.019048 0.359347 0.0297121 0.175136 0.0318391 0.359199 0.0254437 0.359273 0.0233164 0.175211 0.42671 0.9897 0.426396 0.882179 0.496853 0.881974 0.497166 0.989495 0.861076 0.75013 0.901064 0.748676 0.901543 0.860672 0.861533 0.860806 0.99036 0.988059 0.919903 0.988264 0.91959 0.880743 0.990046 0.880538 0.496853 0.881974 0.540583 0.881847 0.540896 0.989368 0.497166 0.989495 0.31221 0.882512 0.35594 0.882385 0.356253 0.989906 0.312523 0.990033 0.529454 0.404779 0.528324 0.457736 0.515039 0.457384 0.515772 0.40436 0.849447 0.988469 0.849134 0.880948 0.35594 0.882385 0.356253 0.989906 0.0495344 0.535242 0.0055055 0.533848 0.00558853 0.487687 0.0496198 0.487766 0.360295 0.488326 0.431237 0.488453 0.431154 0.534614 0.360212 0.534487 0.502095 0.534742 0.502178 0.488581 0.856802 0.535381 0.81277 0.535302 0.812853 0.489141 0.856885 0.48922 0.927826 0.489348 0.927743 0.535508 0.856802 0.535381 0.856885 0.48922 0.998684 0.535636 0.998768 0.489475 0.612782 0.0738313 0.564346 0.0748248 0.564239 0.0690756 0.612695 0.0695436 0.990375 0.993219 0.919918 0.993424 0.849462 0.993629 0.540911 0.994528 0.497181 0.994655 0.426725 0.994861 0.497181 0.994655 0.356268 0.995066 0.613857 0.134265 0.56549 0.135198 0.564814 0.0994895 0.613239 0.0985192 0.560444 0.0112911 0.564862 0.00777358 0.562918 0.0442435 0.558163 0.0474707 0.564862 0.00777358 0.612422 0.00955009 0.61236 0.0448855 0.562918 0.0442435 0.953286 0.00317161 0.957817 0.00654757 0.961056 0.0425055 0.956191 0.0394466 0.544894 0.862171 0.490117 0.828272 0.537809 0.751211 0.544427 0.755291 0.495615 0.658604 0.548619 0.624603 0.549757 0.729066 0.543357 0.733187 0.924778 0.621631 0.980066 0.649499 0.936309 0.731209 0.931836 0.728998 0.990738 0.826193 0.936228 0.860522 0.935733 0.748535 0.940074 0.745743 0.893704 0.623298 0.897931 0.731236 0.858122 0.730901 0.855664 0.622365 0.515772 0.40436 0.515039 0.457384 0.501059 0.457374 0.501387 0.404402 0.212964 0.53485 0.151679 0.53474 0.151763 0.48795 0.213048 0.488061 0.725177 0.0431263 0.724767 0.00742187 0.792374 0.00663388 0.792791 0.0423255 0.793084 0.0719245 0.725563 0.0727599 0.72551 0.0677335 0.793011 0.0669031 0.793932 0.13219 0.726303 0.133069 0.725854 0.0973652 0.79344 0.0965068 0.1499 0.882985 0.210765 0.882807 0.211078 0.990328 0.150213 0.990506 0.642341 0.989072 0.642028 0.881551 0.702893 0.881374 0.703206 0.988895 0.642356 0.994233 0.703221 0.994055 0.71071 0.488957 0.710627 0.535118 0.649342 0.535007 0.649426 0.488846 0.712709 0.761531 0.768254 0.755563 0.768669 0.861091 0.71312 0.861288 0.518725 0.20755 0.517562 0.281018 0.502312 0.281274 0.502945 0.207416 0.533781 0.207837 0.53206 0.281689 0.517562 0.281018 0.518725 0.20755 0.765957 0.622717 0.767167 0.726463 0.712914 0.72095 0.711931 0.62308 0.26246 0.53614 0.262546 0.48815 0.846914 0.00707649 0.847436 0.042674 0.847672 0.0709528 0.847635 0.0672476 0.848497 0.131235 0.848029 0.0955463 0.10074 0.883128 0.101053 0.990649 0.752053 0.881231 0.752366 0.988752 0.752381 0.993912 0.599844 0.534918 0.599927 0.488757 0.667887 0.758476 0.712709 0.761531 0.71312 0.861288 0.668323 0.861515 0.535013 0.148476 0.533781 0.207837 0.518725 0.20755 0.51942 0.148711 0.711931 0.62308 0.712914 0.72095 0.669298 0.72432 0.66827 0.623395 0.321582 0.536247 0.321668 0.488256 0.911757 0.00641775 0.912776 0.0416397 0.913099 0.0699808 0.913106 0.0662518 0.913444 0.130223 0.913203 0.094629 0.042022 0.883299 0.0423352 0.99082 0.810771 0.88106 0.811084 0.988581 0.811099 0.993741 0.540722 0.534812 0.540805 0.488651 0.614045 0.754902 0.667887 0.758476 0.668323 0.861515 0.614539 0.861822 0.52025 0.0770028 0.51942 0.148711 0.503082 0.148089 0.503229 0.0765997 0.536505 0.0770193 0.535013 0.148476 0.51942 0.148711 0.52025 0.0770028 0.66827 0.623395 0.669298 0.72432 0.616903 0.728454 0.615855 0.623794 0.360212 0.534487 0.360295 0.488326 0.953286 0.00317161 0.956191 0.0394466 0.955589 0.0699769 0.955583 0.0642338 0.955891 0.130104 0.955712 0.0945533 0.00365877 0.883411 0.00397199 0.990932 0.849134 0.880948 0.849447 0.988469 0.849462 0.993629 0.502095 0.534742 0.502178 0.488581 0.578905 0.755137 0.614045 0.754902 0.614539 0.861822 0.579383 0.862022 0.520871 0.0302348 0.52025 0.0770028 0.503229 0.0765997 0.503417 0.0300295 0.537551 0.0304761 0.536505 0.0770193 0.52025 0.0770028 0.520871 0.0302348 0.615855 0.623794 0.616903 0.728454 0.582639 0.728707 0.58155 0.624191 0.107441 0.535346 0.107527 0.487871 0.676379 0.0442927 0.676043 0.00860499 0.676753 0.073173 0.676704 0.068897 0.677539 0.133538 0.677063 0.0978098 0.254699 0.88268 0.255012 0.990201 0.598407 0.9892 0.598094 0.881679 0.598422 0.994361 0.754946 0.489036 0.754863 0.535197 0.768254 0.755563 0.808473 0.753045 0.808912 0.860981 0.768669 0.861091 0.517562 0.281018 0.516775 0.334541 0.501867 0.334655 0.502312 0.281274 0.53206 0.281689 0.53096 0.335052 0.516775 0.334541 0.517562 0.281018 0.804942 0.622422 0.806453 0.728703 0.767167 0.726463 0.765957 0.622717 0.808473 0.753045 0.861076 0.75013 0.861533 0.860806 0.808912 0.860981 0.516775 0.334541 0.515772 0.40436 0.501387 0.404402 0.501867 0.334655 0.53096 0.335052 0.529454 0.404779 0.515772 0.40436 0.516775 0.334541 0.855664 0.622365 0.858122 0.730901 0.806453 0.728703 0.804942 0.622422 0.911128 0.623007 0.91779 0.730356 0.912365 0.730741 0.906719 0.625295 0.85594 0.617117 0.894827 0.618216 0.893704 0.623298 0.855664 0.622365 0.7119 0.617799 0.766073 0.617437 0.765957 0.622717 0.711931 0.62308 0.668077 0.618124 0.66827 0.623395 0.615727 0.618514 0.615855 0.623794 0.563574 0.728941 0.562451 0.624433 0.567715 0.624376 0.568829 0.72889 0.581499 0.618921 0.58155 0.624191 0.805052 0.617133 0.804942 0.622422 0.921487 0.748341 0.921977 0.860586 0.915795 0.860598 0.915307 0.748354 0.901588 0.866854 0.861605 0.866984 0.861533 0.860806 0.901543 0.860672 0.768831 0.867272 0.713148 0.86747 0.71312 0.861288 0.768669 0.861091 0.668175 0.867696 0.668323 0.861515 0.614473 0.868 0.614539 0.861822 0.579396 0.868201 0.579383 0.862022 0.559047 0.86211 0.558577 0.755198 0.564757 0.755163 0.565228 0.862075 0.809014 0.867158 0.808912 0.860981 0.523202 0.481744 0.514923 0.483189 0.514781 0.47624 0.528115 0.476586 0.514923 0.483189 0.50651 0.482044 0.500765 0.476222 0.514781 0.47624 0.50982 0.00597191 0.52135 0.00448513 0.521117 0.0115144 0.503617 0.0113037 0.52135 0.00448513 0.532781 0.00673997 0.537843 0.0117517 0.521117 0.0115144 0.924778 0.621631 0.931836 0.728998 0.91779 0.730356 0.911128 0.623007 0.897931 0.731236 0.893704 0.623298 0.906719 0.625295 0.912365 0.730741 0.911128 0.623007 0.906719 0.625295 0.935733 0.748535 0.936228 0.860522 0.921977 0.860586 0.921487 0.748341 0.915795 0.860598 0.915832 0.866776 0.901543 0.860672 0.901064 0.748676 0.915307 0.748354 0.915795 0.860598 0.931836 0.728998 0.93234 0.733939 0.918331 0.7353 0.91779 0.730356 0.515039 0.457384 0.528324 0.457736 0.528115 0.476586 0.514781 0.47624 0.935793 0.743374 0.935733 0.748535 0.921487 0.748341 0.921545 0.743199 0.501059 0.457374 0.515039 0.457384 0.514781 0.47624 0.500765 0.476222 0.549757 0.729066 0.548619 0.624603 0.562451 0.624433 0.563574 0.728941 0.567715 0.624376 0.567648 0.619116 0.58155 0.624191 0.582639 0.728707 0.568829 0.72889 0.567715 0.624376 0.544894 0.862171 0.544427 0.755291 0.558577 0.755198 0.559047 0.86211 0.578905 0.755137 0.579383 0.862022 0.565228 0.862075 0.564757 0.755163 0.565247 0.868254 0.565228 0.862075 0.544427 0.755291 0.544358 0.747517 0.558508 0.747393 0.558577 0.755198 0.520871 0.0302348 0.503417 0.0300295 0.503617 0.0113037 0.521117 0.0115144 0.549811 0.736679 0.549757 0.729066 0.563574 0.728941 0.563631 0.736583 0.537551 0.0304761 0.520871 0.0302348 0.521117 0.0115144 0.537843 0.0117517 0.518725 0.20755 0.502945 0.207416 0.503082 0.148089 0.51942 0.148711 0.913106 0.0662518 0.955583 0.0642338 0.847635 0.0672476 0.793011 0.0669031 0.72551 0.0677335 0.676704 0.068897 0.612695 0.0695436 0.564239 0.0690756 0.564239 0.0690756 0.559178 0.0718477 0.564346 0.0748248 0.612782 0.0738313 0.676753 0.073173 0.725563 0.0727599 0.793084 0.0719245 0.847672 0.0709528 0.913099 0.0699808 0.955589 0.0699769 0.960745 0.0668062 0.955583 0.0642338 0.286829 0.163752 0.287955 0.367086 0.281559 0.367092 0.280433 0.163759 0.280433 0.163759 0.281559 0.367092 0.275163 0.367127 0.274037 0.163794 0.29962 0.163652 0.300746 0.366986 0.294351 0.36705 0.293225 0.163717 0.293225 0.163717 0.294351 0.36705 0.287955 0.367086 0.286829 0.163752 0.281594 0.373488 0.275198 0.373523 0.275163 0.367127 0.281559 0.367092 0.274001 0.157398 0.280397 0.157363 0.280433 0.163759 0.274037 0.163794 0.220714 0.160815 0.219872 0.364757 0.213476 0.364702 0.214318 0.16076 0.214318 0.16076 0.213476 0.364702 0.20708 0.364675 0.207922 0.160733 0.233506 0.160839 0.232664 0.364781 0.226267 0.364784 0.22711 0.160841 0.22711 0.160841 0.226267 0.364784 0.219872 0.364757 0.220714 0.160815 0.213449 0.371098 0.207053 0.371072 0.20708 0.364675 0.213476 0.364702 0.207948 0.154337 0.214344 0.154364 0.214318 0.16076 0.207922 0.160733 0.14617 0.362278 0.146168 0.368674 0.139772 0.368673 0.139773 0.362277 0.165357 0.362282 0.158961 0.362281 0.158997 0.194186 0.165393 0.194188 0.139809 0.194182 0.13981 0.187786 0.146206 0.187787 0.146205 0.194183 0.146205 0.194183 0.152601 0.194185 0.152565 0.36228 0.14617 0.362278 0.152565 0.36228 0.152601 0.194185 0.158997 0.194186 0.158961 0.362281 0.146205 0.194183 0.14617 0.362278 0.139773 0.362277 0.139809 0.194182 0.00303441 0.0877842 0.002976 0.0300052 0.009372 0.0300051 0.00943029 0.0877838 0.00943029 0.0877838 0.009372 0.0300051 0.0157681 0.0299987 0.0158263 0.0877775 0.0158263 0.0877775 0.0157681 0.0299987 0.022164 0.0299858 0.0222222 0.0877646 0.0222222 0.0877646 0.022164 0.0299858 0.02856 0.0299793 0.0286183 0.0877582 0.02856 0.0299793 0.022164 0.0299858 0.0221576 0.0235897 0.0285535 0.0235834 0.0222222 0.0877646 0.0286183 0.0877582 0.0286247 0.0941541 0.0222288 0.0941607 0.33535 0.163434 0.335106 0.364359 0.32871 0.364323 0.328955 0.163397 0.328955 0.163397 0.32871 0.364323 0.322314 0.364315 0.322559 0.16339 0.322559 0.16339 0.322314 0.364315 0.315918 0.364336 0.316163 0.163411 0.316163 0.163411 0.315918 0.364336 0.309522 0.364328 0.309767 0.163403 0.309522 0.364328 0.315918 0.364336 0.31591 0.370732 0.309514 0.370724 0.316163 0.163411 0.309767 0.163403 0.309774 0.157007 0.31617 0.157014 0.00609589 0.861616 0.00637519 0.859155 0.0200264 0.85917 0.0202956 0.861699 0.0681878 0.859485 0.0681843 0.862031 0.0545269 0.862012 0.0545304 0.859466 0.00637519 0.859155 0.00397253 0.859393 0.00431657 0.631923 0.00671053 0.632191 0.0521342 0.859215 0.0524042 0.861744 0.038204 0.861665 0.0384828 0.859204 0.0545304 0.859466 0.0521342 0.859215 0.0524604 0.632255 0.0548612 0.632 0.00671053 0.632191 0.00643396 0.629798 0.0206454 0.62988 0.0203598 0.632207 0.022786 0.615882 0.02279 0.613467 0.0364472 0.613489 0.0364432 0.615903 0.0527456 0.629928 0.0524604 0.632255 0.0388116 0.632242 0.0385344 0.62985 0.0203598 0.632207 0.0227605 0.631953 0.0224226 0.859421 0.0200264 0.85917 0.0227605 0.631953 0.0227642 0.629539 0.0364214 0.629561 0.0364175 0.631975 0.0364175 0.631975 0.0388116 0.632242 0.0384828 0.859204 0.0360801 0.859443 0.0681658 0.875688 0.0681622 0.878234 0.0545049 0.878215 0.0545084 0.875669 0.0681878 0.859485 0.0545304 0.859466 0.0548612 0.632 0.0685184 0.632019 0.022786 0.615882 0.0364432 0.615903 0.0364214 0.629561 0.0227642 0.629539 0.0227605 0.631953 0.0364175 0.631975 0.0360801 0.859443 0.0224226 0.859421 0.0681658 0.875688 0.0545084 0.875669 0.0545269 0.862012 0.0681843 0.862031 0.0521342 0.859215 0.0384828 0.859204 0.0388116 0.632242 0.0524604 0.632255 0.0200264 0.85917 0.00637519 0.859155 0.00671053 0.632191 0.0203598 0.632207 0.00609589 0.861616 0.00397253 0.859393 0.00637519 0.859155 0.0521342 0.859215 0.0545304 0.859466 0.0524042 0.861744 0.00671053 0.632191 0.00431657 0.631923 0.00643396 0.629798 0.0527456 0.629928 0.0548612 0.632 0.0524604 0.632255 0.0203598 0.632207 0.0206454 0.62988 0.0227605 0.631953 0.0364175 0.631975 0.0385344 0.62985 0.0388116 0.632242 0.0200264 0.85917 0.0224226 0.859421 0.0202956 0.861699 0.038204 0.861665 0.0360801 0.859443 0.0384828 0.859204 0.0691395 0.0731159 0.0695585 0.0153385 0.0759542 0.0153912 0.0755354 0.0731686 0.0755354 0.0731686 0.0759542 0.0153912 0.08235 0.0154377 0.081931 0.0732149 0.081931 0.0732149 0.08235 0.0154377 0.088746 0.0154777 0.0883271 0.0732551 0.0883271 0.0732551 0.088746 0.0154777 0.0951418 0.015524 0.0947228 0.0733013 0.0951418 0.015524 0.088746 0.0154777 0.0887922 0.00908172 0.0951882 0.00912821 0.0883271 0.0732551 0.0947228 0.0733013 0.0946766 0.0796973 0.0882805 0.0796508 0.328728 0.0899347 0.328931 0.147713 0.322535 0.147729 0.322332 0.0899507 0.322332 0.0899507 0.322535 0.147729 0.316139 0.147752 0.315936 0.0899731 0.315936 0.0899731 0.316139 0.147752 0.309743 0.14778 0.30954 0.0900019 0.335124 0.0899122 0.335327 0.147691 0.328931 0.147713 0.328728 0.0899347 0.328931 0.147713 0.335327 0.147691 0.335349 0.154087 0.328953 0.154109 0.335124 0.0899122 0.328728 0.0899347 0.328705 0.0835388 0.335101 0.0835164 0.0448219 0.167588 0.0446725 0.10981 0.0510685 0.1098 0.051218 0.167578 0.051218 0.167578 0.0510685 0.1098 0.0574645 0.109783 0.0576139 0.167562 0.0576139 0.167562 0.0574645 0.109783 0.0638605 0.10976 0.0640099 0.167539 0.0384259 0.167605 0.0382766 0.109826 0.0446725 0.10981 0.0448219 0.167588 0.0638376 0.103364 0.0638605 0.10976 0.0574645 0.109783 0.0574416 0.103387 0.0640099 0.167539 0.0640329 0.173935 0.0576368 0.173957 0.0576139 0.167562 0.115522 0.0497235 0.115632 0.107502 0.109236 0.107508 0.109126 0.049729 0.109126 0.049729 0.109236 0.107508 0.10284 0.10752 0.10273 0.0497414 0.128314 0.0496926 0.128424 0.107471 0.122028 0.10749 0.121918 0.0497113 0.121918 0.0497113 0.122028 0.10749 0.115632 0.107502 0.115522 0.0497235 0.109248 0.113904 0.102852 0.113916 0.10284 0.10752 0.109236 0.107508 0.102718 0.0433453 0.109113 0.0433334 0.109126 0.049729 0.10273 0.0497414 0.0173174 0.104291 0.0170339 0.162069 0.010638 0.162031 0.0109216 0.104253 0.0109216 0.104253 0.010638 0.162031 0.00424218 0.162 0.00452566 0.104222 0.0301093 0.104348 0.0298258 0.162125 0.0234299 0.162101 0.0237134 0.104323 0.0237134 0.104323 0.0234299 0.162101 0.0170339 0.162069 0.0173174 0.104291 0.0106066 0.168427 0.00421065 0.168396 0.00424218 0.162 0.010638 0.162031 0.00455707 0.0978259 0.0109529 0.0978574 0.0109216 0.104253 0.00452566 0.104222 0.473781 0.480163 0.473829 0.473767 0.480225 0.473815 0.480176 0.480211 0.486621 0.473864 0.480225 0.473815 0.483444 0.0489548 0.48984 0.0490035 0.48984 0.0490035 0.489889 0.0426074 0.496285 0.0426558 0.496236 0.0490519 0.473829 0.473767 0.477049 0.0489064 0.483444 0.0489548 0.480225 0.473815 0.496236 0.0490519 0.493017 0.473912 0.486621 0.473864 0.48984 0.0490035 0.0467021 0.351672 0.0466683 0.358068 0.0402725 0.358033 0.0403062 0.351637 0.06589 0.351773 0.059494 0.351739 0.0603852 0.183647 0.0667812 0.183681 0.0411975 0.183545 0.0412314 0.177149 0.0476273 0.177183 0.0475933 0.183579 0.0475933 0.183579 0.0539892 0.183613 0.0530981 0.351705 0.0467021 0.351672 0.0530981 0.351705 0.0539892 0.183613 0.0603852 0.183647 0.059494 0.351739 0.0475933 0.183579 0.0467021 0.351672 0.0403062 0.351637 0.0411975 0.183545 0.100818 0.375503 0.101514 0.470907 0.0952789 0.472331 0.0945828 0.376926 0.0945828 0.376926 0.0952789 0.472331 0.088883 0.472377 0.088187 0.376973 0.088187 0.376973 0.088883 0.472377 0.0826274 0.471044 0.0819314 0.375641 0.0819314 0.375641 0.0826274 0.471044 0.0762316 0.471091 0.0755355 0.375687 0.0953255 0.478726 0.0889297 0.478773 0.088883 0.472377 0.0952789 0.472331 0.0881403 0.370577 0.0945361 0.370531 0.0945828 0.376926 0.088187 0.376973 0.352923 0.376023 0.359318 0.375948 0.360491 0.475977 0.354065 0.473495 0.354065 0.473495 0.354146 0.480383 0.347751 0.480458 0.34767 0.47357 0.373252 0.473271 0.366886 0.475902 0.365714 0.375873 0.372109 0.375798 0.359318 0.375948 0.365714 0.375873 0.366886 0.475902 0.360491 0.475977 0.346527 0.376098 0.352923 0.376023 0.354065 0.473495 0.34767 0.47357 0.0483385 0.372681 0.0547338 0.372788 0.053062 0.472809 0.0467095 0.470146 0.0467095 0.470146 0.0465945 0.477033 0.0401994 0.476926 0.0403144 0.470039 0.0658948 0.470466 0.0594571 0.472916 0.0611287 0.372894 0.0675238 0.373001 0.0547338 0.372788 0.0611287 0.372894 0.0594571 0.472916 0.053062 0.472809 0.0419434 0.372574 0.0483385 0.372681 0.0467095 0.470146 0.0403144 0.470039 0.221324 0.377382 0.227719 0.377493 0.225985 0.477514 0.219634 0.474847 0.219634 0.474847 0.219515 0.481734 0.21312 0.481623 0.213239 0.474736 0.238819 0.475179 0.23238 0.477625 0.234114 0.377604 0.240509 0.377715 0.227719 0.377493 0.234114 0.377604 0.23238 0.477625 0.225985 0.477514 0.214929 0.377271 0.221324 0.377382 0.219634 0.474847 0.213239 0.474736 0.388175 0.374452 0.39457 0.374588 0.392447 0.474601 0.386106 0.471909 0.386106 0.471909 0.38596 0.478795 0.379566 0.47866 0.379712 0.471773 0.40529 0.472316 0.398841 0.474736 0.400964 0.374723 0.407359 0.374859 0.39457 0.374588 0.400964 0.374723 0.398841 0.474736 0.392447 0.474601 0.381781 0.374316 0.388175 0.374452 0.386106 0.471909 0.379712 0.471773 0.331112 0.480271 0.324716 0.480226 0.325418 0.380193 0.331797 0.382794 0.331797 0.382794 0.331845 0.375907 0.338241 0.375952 0.338192 0.382839 0.312609 0.38266 0.319023 0.380148 0.318321 0.480181 0.311925 0.480136 0.324716 0.480226 0.318321 0.480181 0.319023 0.380148 0.325418 0.380193 0.337508 0.480316 0.331112 0.480271 0.331797 0.382794 0.338192 0.382839 </float_array>
          <technique_common>
            <accessor count="2272" offset="0" source="#meshId1-tex0-array" stride="2">
              <param name="S" type="float" />
              <param name="T" type="float" />
            </accessor>
          </technique_common>
        </source>
        <vertices id="meshId1-vertices">
          <input semantic="POSITION" source="#meshId1-positions" />
        </vertices>
        <polylist count="1274" material="defaultMaterial">
          <input offset="0" semantic="VERTEX" source="#meshId1-vertices" />
          <input offset="0" semantic="NORMAL" source="#meshId1-normals" />
          <input offset="0" semantic="TANGENT" source="#meshId1-tangents" />
          <input offset="0" semantic="BINORMAL" source="#meshId1-bitangents" />
          <input offset="0" semantic="TEXCOORD" source="#meshId1-tex0" set="0" />
          <vcount>3 3 3 3 3 3 3 3 3 3 3 3 3 3 3 3 3 3 3 3 3 3 3 3 3 3 3 3 3 3 3 3 3 3 3 3 3 3 3 3 3 3 3 3 3 3 3 3 3 3 3 3 3 3 3 3 3 3 3 3 3 3 3 3 3 3 3 3 3 3 3 3 3 3 3 3 3 3 3 3 3 3 3 3 3 3 3 3 3 3 3 3 3 3 3 3 3 3 3 3 3 3 3 3 3 3 3 3 3 3 3 3 3 3 3 3 3 3 3 3 3 3 3 3 3 3 3 3 3 3 3 3 3 3 3 3 3 3 3 3 3 3 3 3 3 3 3 3 3 3 3 3 3 3 3 3 3 3 3 3 3 3 3 3 3 3 3 3 3 3 3 3 3 3 3 3 3 3 3 3 3 3 3 3 3 3 3 3 3 3 3 3 3 3 3 3 3 3 3 3 3 3 3 3 3 3 3 3 3 3 3 3 3 3 3 3 3 3 3 3 3 3 3 3 3 3 3 3 3 3 3 3 3 3 3 3 3 3 3 3 3 3 3 3 3 3 3 3 3 3 3 3 3 3 3 3 3 3 3 3 3 3 3 3 3 3 3 3 3 3 3 3 3 3 3 3 3 3 3 3 3 3 3 3 3 3 3 3 3 3 3 3 3 3 3 3 3 3 3 3 3 3 3 3 3 3 3 3 3 3 3 3 3 3 3 3 3 3 3 3 3 3 3 3 3 3 3 3 3 3 3 3 3 3 3 3 3 3 3 3 3 3 3 3 3 3 3 3 3 3 3 3 3 3 3 3 3 3 3 3 3 3 3 3 3 3 3 3 3 3 3 3 3 3 3 3 3 3 3 3 3 3 3 3 3 3 3 3 3 3 3 3 3 3 3 3 3 3 3 3 3 3 3 3 3 3 3 3 3 3 3 3 3 3 3 3 3 3 3 3 3 3 3 3 3 3 3 3 3 3 3 3 3 3 3 3 3 3 3 3 3 3 3 3 3 3 3 3 3 3 3 3 3 3 3 3 3 3 3 3 3 3 3 3 3 3 3 3 3 3 3 3 3 3 3 3 3 3 3 3 3 3 3 3 3 3 3 3 3 3 3 3 3 3 3 3 3 3 3 3 3 3 3 3 3 3 3 3 3 3 3 3 3 3 3 3 3 3 3 3 3 3 3 3 3 3 3 3 3 3 3 3 3 3 3 3 3 3 3 3 3 3 3 3 3 3 3 3 3 3 3 3 3 3 3 3 3 3 3 3 3 3 3 3 3 3 3 3 3 3 3 3 3 3 3 3 3 3 3 3 3 3 3 3 3 3 3 3 3 3 3 3 3 3 3 3 3 3 3 3 3 3 3 3 3 3 3 3 3 3 3 3 3 3 3 3 3 3 3 3 3 3 3 3 3 3 3 3 3 3 3 3 3 3 3 3 3 3 3 3 3 3 3 3 3 3 3 3 3 3 3 3 3 3 3 3 3 3 3 3 3 3 3 3 3 3 3 3 3 3 3 3 3 3 3 3 3 3 3 3 3 3 3 3 3 3 3 3 3 3 3 3 3 3 3 3 3 3 3 3 3 3 3 3 3 3 3 3 3 3 3 3 3 3 3 3 3 3 3 3 3 3 3 3 3 3 3 3 3 3 3 3 3 3 3 3 3 3 3 3 3 3 3 3 3 3 3 3 3 3 3 3 3 3 3 3 3 3 3 3 3 3 3 3 3 3 3 3 3 3 3 3 3 3 3 3 3 3 3 3 3 3 3 3 3 3 3 3 3 3 3 3 3 3 3 3 3 3 3 3 3 3 3 3 3 3 3 3 3 3 3 3 3 3 3 3 3 3 3 3 3 3 3 3 3 3 3 3 3 3 3 3 3 3 3 3 3 3 3 3 3 3 3 3 3 3 3 3 3 3 3 3 3 3 3 3 3 3 3 3 3 3 3 3 3 3 3 3 3 3 3 3 3 3 3 3 3 3 3 3 3 3 3 3 3 3 3 3 3 3 3 3 3 3 3 3 3 3 3 3 3 3 3 3 3 3 3 3 3 3 3 3 3 3 3 3 3 3 3 3 3 3 3 3 3 3 3 3 3 3 3 3 3 3 3 3 3 3 3 3 3 3 3 3 3 3 3 3 3 3 3 3 3 3 3 3 3 3 3 3 3 3 3 3 3 3 3 3 3 3 3 3 3 3 3 3 3 3 3 3 3 3 3 3 3 3 3 3 3 3 3 3 3 3 3 3 3 3 3 3 3 3 3 3 3 3 3 3 3 3 3 3 3 3 3 3 3 3 3 3 3 3 3 3 3 3 3 3 3 3 3 3 3 3 3 3 3 3 3 3 3 3 3 3 3 3 3 3 3 3 3 3 3 3 3 3 3 3 3 3 3 3 3 3 3 3 3 3 3 3 3 3 3 3 3 3 3 3 3 3 3 3 3 3 3 3 3 3 3 3 3 3 3 3 3 3 3 3 3 3 3 3 3 3 3 3 3 3 3 3 3 3 3 3 3 3 3 3 3 3 3 3 3 3 3 3 3 3 3 3 3 3 3 3 3 3 3 3 3 3 3 3 3 3 3 3 3 3 3 3 3 3 3 3 3 3 3 3 3 3 3 3 3 3 3 3 3 3 3 3 3 3 3 3 3 3 3 3 3 3 3 3 3 3 3 3 3 3 3 3 3 3 3 3 3 3 3 3 3 3 3 3 3 3 3 3 3 3 3 3 3 3 3 3 3 3 3 3 3 3 3 3 3 3 3 3 3 3 3 3 3 3 3 3 3 3 3 3 3 3 3 3 3 3 3 3 3 3 3 3 3 3 3 3 3 3 3 3 3 3 3 3 3 3 3 3 3 3 3 3 3 3 3 3 </vcount>
          <p>3 0 1 1 2 3 2 1 4 4 5 2 7 3 2 2 6 7 6 2 5 5 8 6 12 9 10 10 11 12 11 10 13 13 14 11 16 12 11 11 15 16 15 11 14 14 17 15 21 18 19 19 20 21 25 22 23 23 24 25 29 26 27 27 28 29 33 30 31 31 32 33 37 34 35 35 36 37 41 38 39 39 40 41 45 42 43 43 44 45 44 43 46 46 47 44 49 45 44 44 48 49 48 44 47 47 50 48 54 51 52 52 53 54 58 55 56 56 57 58 62 59 60 60 61 62 66 63 64 64 65 66 70 67 68 68 69 70 74 71 72 72 73 74 78 75 76 76 77 78 82 79 80 80 81 82 86 83 84 84 85 86 90 87 88 88 89 90 94 91 92 92 93 94 98 95 96 96 97 98 102 99 100 100 101 102 106 103 104 104 105 106 110 107 108 108 109 110 114 111 112 112 113 114 118 115 116 116 117 118 122 119 120 120 121 122 126 123 124 124 125 126 130 127 128 128 129 130 134 131 132 132 133 134 138 135 136 136 137 138 142 139 140 140 141 142 146 143 144 144 145 146 150 147 148 148 149 150 154 151 152 152 153 154 158 155 156 156 157 158 162 159 160 160 161 162 166 163 164 164 165 166 170 167 168 168 169 170 171 172 173 174 175 176 177 178 179 180 181 182 183 184 185 186 187 188 189 190 191 192 193 194 198 195 196 196 197 198 202 199 200 200 201 202 206 203 204 204 205 206 210 207 208 208 209 210 214 211 212 212 213 214 218 215 216 216 217 218 222 219 220 220 221 222 226 223 224 224 225 226 230 227 228 228 229 230 234 231 232 232 233 234 238 235 236 236 237 238 242 239 240 240 241 242 246 243 244 244 245 246 250 247 248 248 249 250 254 251 252 252 253 254 258 255 256 256 257 258 262 259 260 260 261 262 266 263 264 264 265 266 270 267 268 268 269 270 274 271 272 272 273 274 278 275 276 276 277 278 282 279 280 280 281 282 286 283 284 284 285 286 290 287 288 288 289 290 294 291 292 292 293 294 298 295 296 296 297 298 302 299 300 300 301 302 306 303 304 304 305 306 310 307 308 308 309 310 314 311 312 312 313 314 318 315 316 316 317 318 322 319 320 320 321 322 326 323 324 324 325 326 330 327 328 328 329 330 334 331 332 332 333 334 338 335 336 336 337 338 342 339 340 340 341 342 346 343 344 344 345 346 350 347 348 348 349 350 354 351 352 352 353 354 358 355 356 356 357 358 362 359 360 360 361 362 366 363 364 364 365 366 370 367 368 368 369 370 374 371 372 372 373 374 378 375 376 376 377 378 382 379 380 380 381 382 386 383 384 384 385 386 390 387 388 388 389 390 394 391 392 392 393 394 398 395 396 396 397 398 402 399 400 400 401 402 406 403 404 404 405 406 406 405 407 405 408 407 408 405 404 404 409 408 411 403 406 406 410 411 406 407 410 407 408 410 411 410 408 408 409 411 415 412 413 413 414 415 419 416 417 417 418 419 423 420 421 421 422 423 427 424 425 425 426 427 431 428 429 429 430 431 435 432 433 433 434 435 439 436 437 437 438 439 443 440 441 441 442 443 447 444 445 445 446 447 451 448 449 449 450 451 455 452 453 453 454 455 459 456 457 457 458 459 463 460 461 461 462 463 467 464 465 465 466 467 471 468 469 469 470 471 475 472 473 473 474 475 479 476 477 477 478 479 483 480 481 481 482 483 487 484 485 485 486 487 491 488 489 489 490 491 495 492 493 493 494 495 499 496 497 497 498 499 503 500 501 501 502 503 507 504 505 505 506 507 511 508 509 509 510 511 515 512 513 513 514 515 519 516 517 517 518 519 523 520 521 521 522 523 527 524 525 525 526 527 528 529 530 531 532 533 534 535 536 537 538 539 540 541 542 543 544 545 546 547 548 549 550 551 555 552 553 553 554 555 559 556 557 557 558 559 563 560 561 561 562 563 567 564 565 565 566 567 571 568 569 569 570 571 575 572 573 573 574 575 579 576 577 577 578 579 583 580 581 581 582 583 585 583 582 582 584 585 587 579 578 578 586 587 589 575 574 574 588 589 591 571 570 570 590 591 593 563 562 562 592 593 595 559 558 558 594 595 597 555 554 554 596 597 599 567 566 566 598 599 603 600 601 601 602 603 603 602 604 602 605 604 605 602 601 601 606 605 608 600 603 603 607 608 603 604 607 604 605 607 608 607 605 605 606 608 612 609 610 610 611 612 616 613 614 614 615 616 620 617 618 618 619 620 624 621 622 622 623 624 628 625 626 626 627 628 632 629 630 630 631 632 636 633 634 634 635 636 640 637 638 638 639 640 644 641 642 642 643 644 648 645 646 646 647 648 652 649 650 650 651 652 656 653 654 654 655 656 660 657 658 658 659 660 664 661 662 662 663 664 668 665 666 666 667 668 672 669 670 670 671 672 676 673 674 674 675 676 680 677 678 678 679 680 684 681 682 682 683 684 688 685 686 686 687 688 692 689 690 690 691 692 696 693 694 694 695 696 700 697 698 698 699 700 704 701 702 702 703 704 708 705 706 706 707 708 712 709 710 710 711 712 716 713 714 714 715 716 720 717 718 718 719 720 724 721 722 722 723 724 728 725 726 726 727 728 732 729 730 730 731 732 736 733 734 734 735 736 740 737 738 738 739 740 744 741 742 742 743 744 748 745 746 746 747 748 752 749 750 750 751 752 756 753 754 754 755 756 760 757 758 758 759 760 764 761 762 762 763 764 768 765 766 766 767 768 772 769 770 770 771 772 776 773 774 774 775 776 780 777 778 778 779 780 784 781 782 782 783 784 788 785 786 786 787 788 789 790 791 792 793 794 795 796 797 798 799 800 801 802 803 804 805 806 807 808 809 810 811 812 816 813 814 814 815 816 820 817 818 818 819 820 824 821 822 822 823 824 828 825 826 826 827 828 832 829 830 830 831 832 836 833 834 834 835 836 840 837 838 838 839 840 844 841 842 842 843 844 846 844 843 843 845 846 848 840 839 839 847 848 850 836 835 835 849 850 852 832 831 831 851 852 854 824 823 823 853 854 856 820 819 819 855 856 858 816 815 815 857 858 860 828 827 827 859 860 864 861 862 862 863 864 868 865 866 866 867 868 872 869 870 870 871 872 876 873 874 874 875 876 880 877 878 878 879 880 884 881 882 882 883 884 888 885 886 886 887 888 892 889 890 890 891 892 896 893 894 894 895 896 900 897 898 898 899 900 904 901 902 902 903 904 908 905 906 906 907 908 912 909 910 910 911 912 916 913 914 914 915 916 920 917 918 918 919 920 924 921 922 922 923 924 928 925 926 926 927 928 932 929 930 930 931 932 933 934 935 936 937 938 939 940 941 942 943 944 945 946 947 948 949 950 951 952 953 954 955 956 960 957 958 958 959 960 961 962 963 961 963 964 968 965 966 966 967 968 972 969 970 970 971 972 976 973 974 974 975 976 980 977 978 978 979 980 984 981 982 982 983 984 988 985 986 986 987 988 990 988 987 987 989 990 992 984 983 983 991 992 994 980 979 979 993 994 996 976 975 975 995 996 998 968 967 967 997 998 1000 964 963 963 999 1000 1002 960 959 959 1001 1002 1004 972 971 971 1003 1004 1008 1005 1006 1006 1007 1008 1012 1009 1010 1010 1011 1012 1016 1013 1014 1014 1015 1016 1020 1017 1018 1018 1019 1020 1024 1021 1022 1022 1023 1024 1028 1025 1026 1026 1027 1028 1032 1029 1030 1030 1031 1032 1036 1033 1034 1034 1035 1036 1040 1037 1038 1038 1039 1040 1044 1041 1042 1042 1043 1044 1048 1045 1046 1046 1047 1048 1052 1049 1050 1050 1051 1052 1056 1053 1054 1054 1055 1056 1060 1057 1058 1058 1059 1060 1064 1061 1062 1062 1063 1064 1068 1065 1066 1066 1067 1068 1072 1069 1070 1070 1071 1072 1076 1073 1074 1074 1075 1076 1080 1077 1078 1078 1079 1080 1084 1081 1082 1082 1083 1084 1088 1085 1086 1086 1087 1088 1092 1089 1090 1090 1091 1092 1096 1093 1094 1094 1095 1096 1100 1097 1098 1098 1099 1100 1104 1101 1102 1102 1103 1104 1108 1105 1106 1106 1107 1108 1112 1109 1110 1110 1111 1112 1116 1113 1114 1114 1115 1116 1120 1117 1118 1118 1119 1120 1124 1121 1122 1122 1123 1124 1128 1125 1126 1126 1127 1128 1132 1129 1130 1130 1131 1132 1136 1133 1134 1134 1135 1136 1140 1137 1138 1138 1139 1140 1142 1141 1133 1133 1136 1142 1144 1139 1138 1138 1143 1144 1146 1145 1129 1129 1132 1146 1148 1124 1123 1123 1147 1148 1152 1149 1150 1150 1151 1152 1156 1153 1154 1154 1155 1156 1153 1157 1158 1158 1154 1153 1161 1159 1128 1128 1160 1161 1160 1128 1127 1127 1162 1160 1163 1125 1128 1128 1159 1163 1167 1164 1165 1165 1166 1167 1171 1168 1169 1169 1170 1171 1173 1167 1166 1166 1172 1173 1177 1174 1175 1175 1176 1177 1181 1178 1179 1179 1180 1181 1185 1182 1183 1183 1184 1185 1189 1186 1187 1187 1188 1189 1193 1190 1191 1191 1192 1193 1197 1194 1195 1195 1196 1197 1201 1198 1199 1199 1200 1201 1205 1202 1203 1203 1204 1205 1209 1206 1207 1207 1208 1209 1213 1210 1211 1211 1212 1213 1217 1214 1215 1215 1216 1217 1221 1218 1219 1219 1220 1221 1225 1222 1223 1223 1224 1225 1229 1226 1227 1227 1228 1229 1233 1230 1231 1231 1232 1233 1237 1234 1235 1235 1236 1237 1241 1238 1239 1239 1240 1241 1245 1242 1243 1243 1244 1245 1249 1246 1247 1247 1248 1249 1253 1250 1251 1251 1252 1253 1257 1254 1255 1255 1256 1257 1261 1258 1259 1259 1260 1261 1265 1262 1263 1263 1264 1265 1269 1266 1267 1267 1268 1269 1273 1270 1271 1271 1272 1273 1277 1274 1275 1275 1276 1277 1281 1278 1279 1279 1280 1281 1285 1282 1283 1283 1284 1285 1289 1286 1287 1287 1288 1289 1293 1290 1291 1291 1292 1293 1297 1294 1295 1295 1296 1297 1301 1298 1299 1299 1300 1301 1305 1302 1303 1303 1304 1305 1309 1306 1307 1307 1308 1309 1313 1310 1311 1311 1312 1313 1317 1314 1315 1315 1316 1317 1321 1318 1319 1319 1320 1321 1325 1322 1323 1323 1324 1325 1329 1326 1327 1327 1328 1329 1333 1330 1331 1331 1332 1333 1337 1334 1335 1335 1336 1337 1341 1338 1339 1339 1340 1341 1345 1342 1343 1343 1344 1345 1349 1346 1347 1347 1348 1349 1351 1336 1335 1335 1350 1351 1353 1352 1327 1327 1326 1353 1357 1354 1355 1355 1356 1357 1361 1358 1359 1359 1360 1361 1363 1362 1360 1360 1359 1363 1367 1364 1365 1365 1366 1367 1371 1368 1369 1369 1370 1371 1373 1372 1369 1369 1368 1373 1377 1374 1375 1375 1376 1377 1334 1378 1379 1379 1335 1334 1380 1350 1335 1335 1379 1380 1382 1341 1340 1340 1381 1382 1384 1383 1326 1326 1329 1384 1385 1353 1326 1326 1383 1385 1389 1386 1387 1387 1388 1389 1393 1390 1391 1391 1392 1393 1397 1394 1395 1395 1396 1397 1401 1398 1399 1399 1400 1401 1405 1402 1403 1403 1404 1405 1409 1406 1407 1407 1408 1409 1413 1410 1411 1411 1412 1413 1417 1414 1415 1415 1416 1417 1421 1418 1419 1419 1420 1421 1425 1422 1423 1423 1424 1425 1429 1426 1427 1427 1428 1429 1433 1430 1431 1431 1432 1433 1437 1434 1435 1435 1436 1437 1441 1438 1439 1439 1440 1441 1445 1442 1443 1443 1444 1445 1449 1446 1447 1447 1448 1449 1451 1450 1446 1446 1449 1451 1455 1452 1453 1453 1454 1455 1459 1456 1457 1457 1458 1459 1463 1460 1461 1461 1462 1463 1467 1464 1465 1465 1466 1467 1471 1468 1469 1469 1470 1471 1473 1472 1426 1426 1429 1473 1475 1433 1432 1432 1474 1475 1477 1476 1434 1434 1437 1477 1479 1478 1438 1438 1441 1479 1481 1480 1442 1442 1445 1481 1483 1449 1448 1448 1482 1483 1484 1451 1449 1449 1483 1484 1486 1455 1454 1454 1485 1486 1490 1487 1488 1488 1489 1490 1494 1491 1492 1492 1493 1494 1498 1495 1496 1496 1497 1498 1500 1499 1472 1472 1473 1500 1502 1475 1474 1474 1501 1502 1504 1503 1476 1476 1477 1504 1506 1505 1478 1478 1479 1506 1508 1507 1480 1480 1481 1508 1510 1483 1482 1482 1509 1510 1511 1484 1483 1483 1510 1511 1513 1486 1485 1485 1512 1513 1517 1514 1515 1515 1516 1517 1521 1518 1519 1519 1520 1521 1525 1522 1523 1523 1524 1525 1529 1526 1527 1527 1528 1529 1531 1530 1499 1499 1500 1531 1533 1502 1501 1501 1532 1533 1535 1534 1503 1503 1504 1535 1537 1536 1505 1505 1506 1537 1539 1538 1507 1507 1508 1539 1541 1510 1509 1509 1540 1541 1542 1511 1510 1510 1541 1542 1544 1513 1512 1512 1543 1544 1548 1545 1546 1546 1547 1548 1552 1549 1550 1550 1551 1552 1556 1553 1554 1554 1555 1556 1560 1557 1558 1558 1559 1560 1428 1427 1561 1561 1562 1428 1430 1563 1564 1564 1431 1430 1436 1435 1565 1565 1566 1436 1440 1439 1567 1567 1568 1440 1444 1443 1569 1569 1570 1444 1446 1571 1572 1572 1447 1446 1450 1573 1571 1571 1446 1450 1452 1574 1575 1575 1453 1452 1579 1576 1577 1577 1578 1579 1583 1580 1581 1581 1582 1583 1587 1584 1585 1585 1586 1587 1591 1588 1589 1589 1590 1591 1562 1561 1354 1354 1357 1562 1563 1396 1395 1395 1564 1563 1566 1565 1374 1374 1377 1566 1568 1567 1386 1386 1389 1568 1570 1569 1342 1342 1345 1570 1571 1340 1339 1339 1572 1571 1573 1381 1340 1340 1571 1573 1574 1366 1365 1365 1575 1574 1595 1592 1593 1593 1594 1595 1599 1596 1597 1597 1598 1599 1603 1600 1601 1601 1602 1603 1607 1604 1605 1605 1606 1607 1611 1608 1609 1609 1610 1611 1615 1612 1613 1613 1614 1615 1619 1616 1617 1617 1618 1619 1621 1620 1616 1616 1619 1621 1623 1622 1620 1620 1621 1623 1627 1624 1625 1625 1626 1627 1629 1628 1622 1622 1623 1629 1618 1617 1630 1630 1631 1618 1631 1630 1612 1612 1615 1631 1635 1632 1633 1633 1634 1635 1639 1636 1637 1637 1638 1639 1643 1640 1641 1641 1642 1643 1642 1641 1644 1644 1645 1642 1645 1644 1646 1646 1647 1645 1647 1646 1648 1648 1649 1647 1653 1650 1651 1651 1652 1653 1655 1654 1640 1640 1643 1655 1638 1637 1654 1654 1655 1638 1659 1656 1657 1657 1658 1659 1663 1660 1661 1661 1662 1663 1667 1664 1665 1665 1666 1667 1671 1668 1669 1669 1670 1671 1675 1672 1673 1673 1674 1675 1679 1676 1677 1677 1678 1679 1681 1614 1613 1613 1680 1681 1685 1682 1683 1683 1684 1685 1687 1636 1639 1639 1686 1687 1691 1688 1689 1689 1690 1691 1695 1692 1693 1693 1694 1695 1699 1696 1697 1697 1698 1699 1703 1700 1701 1701 1702 1703 1707 1704 1705 1705 1706 1707 1711 1708 1709 1709 1710 1711 1713 1628 1629 1629 1712 1713 1717 1714 1715 1715 1716 1717 1721 1718 1719 1719 1720 1721 1725 1722 1723 1723 1724 1725 1727 1649 1648 1648 1726 1727 1731 1728 1729 1729 1730 1731 1735 1732 1733 1733 1734 1735 1739 1736 1737 1737 1738 1739 1743 1740 1741 1741 1742 1743 1747 1744 1745 1745 1746 1747 1749 1748 1502 1502 1533 1749 1748 1750 1475 1475 1502 1748 1750 1751 1433 1433 1475 1750 1751 1752 1430 1430 1433 1751 1752 1753 1563 1563 1430 1752 1753 1754 1396 1396 1563 1753 1755 1397 1396 1396 1754 1755 1757 1393 1392 1392 1756 1757 1759 1389 1388 1388 1758 1759 1760 1568 1389 1389 1759 1760 1761 1440 1568 1568 1760 1761 1762 1441 1440 1440 1761 1762 1763 1479 1441 1441 1762 1763 1764 1506 1479 1479 1763 1764 1765 1537 1506 1506 1764 1765 1767 1401 1400 1400 1766 1767 1771 1768 1769 1769 1770 1771 1775 1772 1773 1773 1774 1775 1779 1776 1777 1777 1778 1779 1783 1780 1781 1781 1782 1783 1787 1784 1785 1785 1786 1787 1791 1788 1789 1789 1790 1791 1795 1792 1793 1793 1794 1795 1799 1796 1797 1797 1798 1799 1803 1800 1801 1801 1802 1803 1807 1804 1805 1805 1806 1807 1811 1808 1809 1809 1810 1811 1815 1812 1813 1813 1814 1815 1819 1816 1817 1817 1818 1819 1823 1820 1821 1821 1822 1823 1827 1824 1825 1825 1826 1827 1831 1828 1829 1829 1830 1831 1835 1832 1833 1833 1834 1835 1839 1836 1837 1837 1838 1839 1843 1840 1841 1841 1842 1843 1847 1844 1845 1845 1846 1847 1851 1848 1849 1849 1850 1851 1855 1852 1853 1853 1854 1855 1859 1856 1857 1857 1858 1859 1863 1860 1861 1861 1862 1863 1867 1864 1865 1865 1866 1867 1871 1868 1869 1869 1870 1871 1875 1872 1873 1873 1874 1875 1879 1876 1877 1877 1878 1879 1883 1880 1881 1881 1882 1883 1887 1884 1885 1885 1886 1887 1891 1888 1889 1889 1890 1891 1895 1892 1893 1893 1894 1895 1899 1896 1897 1897 1898 1899 1903 1900 1901 1901 1902 1903 1907 1904 1905 1905 1906 1907 1911 1908 1909 1909 1910 1911 1915 1912 1913 1913 1914 1915 1919 1916 1917 1917 1918 1919 1923 1920 1921 1921 1922 1923 1927 1924 1925 1925 1926 1927 1931 1928 1929 1929 1930 1931 1935 1932 1933 1933 1934 1935 1939 1936 1937 1937 1938 1939 1943 1940 1941 1941 1942 1943 1947 1944 1945 1945 1946 1947 1951 1948 1949 1949 1950 1951 1955 1952 1953 1953 1954 1955 1959 1956 1957 1957 1958 1959 1960 1961 1962 1963 1964 1965 1966 1967 1968 1969 1970 1971 1972 1973 1974 1975 1976 1977 1978 1979 1980 1981 1982 1983 1987 1984 1985 1985 1986 1987 1991 1988 1989 1989 1990 1991 1995 1992 1993 1993 1994 1995 1999 1996 1997 1997 1998 1999 2003 2000 2001 2001 2002 2003 2007 2004 2005 2005 2006 2007 2011 2008 2009 2009 2010 2011 2015 2012 2013 2013 2014 2015 2019 2016 2017 2017 2018 2019 2023 2020 2021 2021 2022 2023 2027 2024 2025 2025 2026 2027 2031 2028 2029 2029 2030 2031 2035 2032 2033 2033 2034 2035 2039 2036 2037 2037 2038 2039 2043 2040 2041 2041 2042 2043 2047 2044 2045 2045 2046 2047 2051 2048 2049 2049 2050 2051 2055 2052 2053 2053 2054 2055 2059 2056 2057 2057 2058 2059 2063 2060 2061 2061 2062 2063 2067 2064 2065 2065 2066 2067 2071 2068 2069 2069 2070 2071 2075 2072 2073 2073 2074 2075 2079 2076 2077 2077 2078 2079 2083 2080 2081 2081 2082 2083 2087 2084 2085 2085 2086 2087 2091 2088 2089 2089 2090 2091 2095 2092 2093 2093 2094 2095 2099 2096 2097 2097 2098 2099 2103 2100 2101 2101 2102 2103 2107 2104 2105 2105 2106 2107 2111 2108 2109 2109 2110 2111 2115 2112 2113 2113 2114 2115 2119 2116 2117 2117 2118 2119 2123 2120 2121 2121 2122 2123 2127 2124 2125 2125 2126 2127 2131 2128 2129 2129 2130 2131 2135 2132 2133 2133 2134 2135 2139 2136 2137 2137 2138 2139 2143 2140 2141 2141 2142 2143 2147 2144 2145 2145 2146 2147 2151 2148 2149 2149 2150 2151 2155 2152 2153 2153 2154 2155 2159 2156 2157 2157 2158 2159 2163 2160 2161 2161 2162 2163 2167 2164 2165 2165 2166 2167 2171 2168 2169 2169 2170 2171 2175 2172 2173 2173 2174 2175 2179 2176 2177 2177 2178 2179 2183 2180 2181 2181 2182 2183 2187 2184 2185 2185 2186 2187 2191 2188 2189 2189 2190 2191 2195 2192 2193 2193 2194 2195 2199 2196 2197 2197 2198 2199 2203 2200 2201 2201 2202 2203 2207 2204 2205 2205 2206 2207 2211 2208 2209 2209 2210 2211 2215 2212 2213 2213 2214 2215 2219 2216 2217 2217 2218 2219 2223 2220 2221 2221 2222 2223 2227 2224 2225 2225 2226 2227 2231 2228 2229 2229 2230 2231 2235 2232 2233 2233 2234 2235 2239 2236 2237 2237 2238 2239 2243 2240 2241 2241 2242 2243 2247 2244 2245 2245 2246 2247 2251 2248 2249 2249 2250 2251 2255 2252 2253 2253 2254 2255 2259 2256 2257 2257 2258 2259 2263 2260 2261 2261 2262 2263 2267 2264 2265 2265 2266 2267 2271 2268 2269 2269 2270 2271 </p>
        </polylist>
      </mesh>
    </geometry>
  </library_geometries>
  <library_visual_scenes>
    <visual_scene id="root" name="root">
      <node id="polySurface1" name="polySurface1">
        <matrix>1 0 0 0 0 1 0 0 0 0 1 0 0 0 0 1</matrix>
        <instance_geometry url="#meshId0">
          <bind_material>
            <technique_common>
              <instance_material symbol="defaultMaterial" target="#lambert1" />
            </technique_common>
          </bind_material>
        </instance_geometry>
      </node>
      <node id="polySurface2" name="polySurface2">
        <matrix>1 0 0 0 0 1 0 0 0 0 1 0 0 0 0 1</matrix>
        <instance_geometry url="#meshId1">
          <bind_material>
            <technique_common>
              <instance_material symbol="defaultMaterial" target="#lambert1" />
            </technique_common>
          </bind_material>
        </instance_geometry>
      </node>
    </visual_scene>
  </library_visual_scenes>
  <scene>
    <instance_visual_scene url="#root" />
  </scene>
</COLLADA>
